{
  "rssi_dbm_est": {
    "mean": -80.44836795747912,
    "std": 7.277808075333386
  },
  "snr_db_est": {
    "mean": 14.55163204252088,
    "std": 7.277808075333387
  },
  "plr_pct_est": {
    "mean": 13.417085876993166,
    "std": 9.373617401271067
  },
  "throughput_mbps_est": {
    "mean": 5.163916628701595,
    "std": 4.285939272784535
  },
  "distance_m": {
    "mean": 58.234879574791194,
    "std": 36.97169869038095
  },
  "hop_count": {
    "mean": 0.8731966590736523,
    "std": 0.5408336334143047
  },
  "blocked_building_count": {
    "mean": 0.2603644646924829,
    "std": 0.4589620731100675
  }
}