{
  "rssi_dbm_est": {
    "mean": -78.15206488991888,
    "std": 7.147751405658083
  },
  "plr_pct_est": {
    "mean": 9.82720023174971,
    "std": 7.280340674464951
  },
  "distance_m": {
    "mean": 42.16265098493627,
    "std": 26.67934860724971
  },
  "hop_count": {
    "mean": 0.9447276940903824,
    "std": 0.3967765701135724
  },
  "blocked_building_count": {
    "mean": 0.3022016222479722,
    "std": 0.48354836684621266
  }
}