{
  "rssi_dbm_est": {
    "mean": -79.53900288794763,
    "std": 12.014108491420366
  },
  "snr_db_est": {
    "mean": 15.460997112052366,
    "std": 12.014108491420364
  },
  "plr_pct_est": {
    "mean": 14.098151713515595,
    "std": 11.522020791961399
  },
  "throughput_mbps_est": {
    "mean": 5.556864497497112,
    "std": 4.562567870008239
  },
  "distance_m": {
    "mean": 56.39886484405083,
    "std": 38.38321357083485
  },
  "hop_count": {
    "mean": 0.8726222564497497,
    "std": 0.5327414160889613
  },
  "blocked_building_count": {
    "mean": 0.27620331151328453,
    "std": 0.4840065764610792
  }
}