scenario_id,time_s,uav_id,x_m,y_m,z_m,speed_mps,role
altitude_step,0.0,0,45.0,75.0,50.0,5.0249,peripheral
altitude_step,0.0,1,45.0,45.0,10.0,5.0249,peripheral
altitude_step,0.0,2,60.0,60.0,30.0,5.0,relay_anchor
altitude_step,0.0,3,75.0,45.0,10.0,5.0249,peripheral
altitude_step,0.0,4,75.0,75.0,50.0,5.0249,peripheral
altitude_step,0.25,0,46.25,74.875,50.0,5.0249,peripheral
altitude_step,0.25,1,46.25,45.125,10.0,5.0249,peripheral
altitude_step,0.25,2,61.25,60.0,30.0,5.0,relay_anchor
altitude_step,0.25,3,76.25,44.875,10.0,5.0249,peripheral
altitude_step,0.25,4,76.25,75.125,50.0,5.0249,peripheral
altitude_step,0.5,0,47.5,74.75,50.0,5.0249,peripheral
altitude_step,0.5,1,47.5,45.25,10.0,5.0249,peripheral
altitude_step,0.5,2,62.5,60.0,30.0,5.0,relay_anchor
altitude_step,0.5,3,77.5,44.75,10.0,5.0249,peripheral
altitude_step,0.5,4,77.5,75.25,50.0,5.0249,peripheral
altitude_step,0.75,0,48.75,74.625,50.0,5.0249,peripheral
altitude_step,0.75,1,48.75,45.375,10.0,5.0249,peripheral
altitude_step,0.75,2,63.75,60.0,30.0,5.0,relay_anchor
altitude_step,0.75,3,78.75,44.625,10.0,5.0249,peripheral
altitude_step,0.75,4,78.75,75.375,50.0,5.0249,peripheral
altitude_step,1.0,0,50.0,74.5,50.0,5.0249,peripheral
altitude_step,1.0,1,50.0,45.5,10.0,5.0249,peripheral
altitude_step,1.0,2,65.0,60.0,30.0,5.0,relay_anchor
altitude_step,1.0,3,80.0,44.5,10.0,5.0249,peripheral
altitude_step,1.0,4,80.0,75.5,50.0,5.0249,peripheral
altitude_step,1.25,0,51.25,74.375,50.0,5.0249,peripheral
altitude_step,1.25,1,51.25,45.625,10.0,5.0249,peripheral
altitude_step,1.25,2,66.25,60.0,30.0,5.0,relay_anchor
altitude_step,1.25,3,81.25,44.375,10.0,5.0249,peripheral
altitude_step,1.25,4,81.25,75.625,50.0,5.0249,peripheral
altitude_step,1.5,0,52.5,74.25,50.0,5.0249,peripheral
altitude_step,1.5,1,52.5,45.75,10.0,5.0249,peripheral
altitude_step,1.5,2,67.5,60.0,30.0,5.0,relay_anchor
altitude_step,1.5,3,82.5,44.25,10.0,5.0249,peripheral
altitude_step,1.5,4,82.5,75.75,50.0,5.0249,peripheral
altitude_step,1.75,0,53.75,74.125,50.0,5.0249,peripheral
altitude_step,1.75,1,53.75,45.875,10.0,5.0249,peripheral
altitude_step,1.75,2,68.75,60.0,30.0,5.0,relay_anchor
altitude_step,1.75,3,83.75,44.125,10.0,5.0249,peripheral
altitude_step,1.75,4,83.75,75.875,50.0,5.0249,peripheral
altitude_step,2.0,0,55.0,74.0,50.0,5.0249,peripheral
altitude_step,2.0,1,55.0,46.0,10.0,5.0249,peripheral
altitude_step,2.0,2,70.0,60.0,30.0,5.0,relay_anchor
altitude_step,2.0,3,85.0,44.0,10.0,5.0249,peripheral
altitude_step,2.0,4,85.0,76.0,50.0,5.0249,peripheral
altitude_step,2.25,0,56.25,73.875,50.0,5.0249,peripheral
altitude_step,2.25,1,56.25,46.125,10.0,5.0249,peripheral
altitude_step,2.25,2,71.25,60.0,30.0,5.0,relay_anchor
altitude_step,2.25,3,86.25,43.875,10.0,5.0249,peripheral
altitude_step,2.25,4,86.25,76.125,50.0,5.0249,peripheral
altitude_step,2.5,0,57.5,73.75,50.0,5.0249,peripheral
altitude_step,2.5,1,57.5,46.25,10.0,5.0249,peripheral
altitude_step,2.5,2,72.5,60.0,30.0,5.0,relay_anchor
altitude_step,2.5,3,87.5,43.75,10.0,5.0249,peripheral
altitude_step,2.5,4,87.5,76.25,50.0,5.0249,peripheral
altitude_step,2.75,0,58.75,73.625,50.0,5.0249,peripheral
altitude_step,2.75,1,58.75,46.375,10.0,5.0249,peripheral
altitude_step,2.75,2,73.75,60.0,30.0,5.0,relay_anchor
altitude_step,2.75,3,88.75,43.625,10.0,5.0249,peripheral
altitude_step,2.75,4,88.75,76.375,50.0,5.0249,peripheral
altitude_step,3.0,0,60.0,73.5,50.0,5.0249,peripheral
altitude_step,3.0,1,60.0,46.5,10.0,5.0249,peripheral
altitude_step,3.0,2,75.0,60.0,30.0,5.0,relay_anchor
altitude_step,3.0,3,90.0,43.5,10.0,5.0249,peripheral
altitude_step,3.0,4,90.0,76.5,50.0,5.0249,peripheral
altitude_step,3.25,0,61.25,73.375,50.0,5.0249,peripheral
altitude_step,3.25,1,61.25,46.625,10.0,5.0249,peripheral
altitude_step,3.25,2,76.25,60.0,30.0,5.0,relay_anchor
altitude_step,3.25,3,91.25,43.375,10.0,5.0249,peripheral
altitude_step,3.25,4,91.25,76.625,50.0,5.0249,peripheral
altitude_step,3.5,0,62.5,73.25,50.0,5.0249,peripheral
altitude_step,3.5,1,62.5,46.75,10.0,5.0249,peripheral
altitude_step,3.5,2,77.5,60.0,30.0,5.0,relay_anchor
altitude_step,3.5,3,92.5,43.25,10.0,5.0249,peripheral
altitude_step,3.5,4,92.5,76.75,50.0,5.0249,peripheral
altitude_step,3.75,0,63.75,73.125,50.0,5.0249,peripheral
altitude_step,3.75,1,63.75,46.875,10.0,5.0249,peripheral
altitude_step,3.75,2,78.75,60.0,30.0,5.0,relay_anchor
altitude_step,3.75,3,93.75,43.125,10.0,5.0249,peripheral
altitude_step,3.75,4,93.75,76.875,50.0,5.0249,peripheral
altitude_step,4.0,0,65.0,73.0,50.0,5.0249,peripheral
altitude_step,4.0,1,65.0,47.0,10.0,5.0249,peripheral
altitude_step,4.0,2,80.0,60.0,30.0,5.0,relay_anchor
altitude_step,4.0,3,95.0,43.0,10.0,5.0249,peripheral
altitude_step,4.0,4,95.0,77.0,50.0,5.0249,peripheral
altitude_step,4.25,0,66.25,72.875,50.0,5.0249,peripheral
altitude_step,4.25,1,66.25,47.125,10.0,5.0249,peripheral
altitude_step,4.25,2,81.25,60.0,30.0,5.0,relay_anchor
altitude_step,4.25,3,96.25,42.875,10.0,5.0249,peripheral
altitude_step,4.25,4,96.25,77.125,50.0,5.0249,peripheral
altitude_step,4.5,0,67.5,72.75,50.0,5.0249,peripheral
altitude_step,4.5,1,67.5,47.25,10.0,5.0249,peripheral
altitude_step,4.5,2,82.5,60.0,30.0,5.0,relay_anchor
altitude_step,4.5,3,97.5,42.75,10.0,5.0249,peripheral
altitude_step,4.5,4,97.5,77.25,50.0,5.0249,peripheral
altitude_step,4.75,0,68.75,72.625,50.0,5.0249,peripheral
altitude_step,4.75,1,68.75,47.375,10.0,5.0249,peripheral
altitude_step,4.75,2,83.75,60.0,30.0,5.0,relay_anchor
altitude_step,4.75,3,98.75,42.625,10.0,5.0249,peripheral
altitude_step,4.75,4,98.75,77.375,50.0,5.0249,peripheral
altitude_step,5.0,0,70.0,72.5,50.0,5.0249,peripheral
altitude_step,5.0,1,70.0,47.5,10.0,5.0249,peripheral
altitude_step,5.0,2,85.0,60.0,30.0,5.0,relay_anchor
altitude_step,5.0,3,100.0,42.5,10.0,5.0249,peripheral
altitude_step,5.0,4,100.0,77.5,50.0,5.0249,peripheral
altitude_step,5.25,0,71.25,72.375,50.0,5.0249,peripheral
altitude_step,5.25,1,71.25,47.625,10.0,5.0249,peripheral
altitude_step,5.25,2,86.25,60.0,30.0,5.0,relay_anchor
altitude_step,5.25,3,101.25,42.375,10.0,5.0249,peripheral
altitude_step,5.25,4,101.25,77.625,50.0,5.0249,peripheral
altitude_step,5.5,0,72.5,72.25,50.0,5.0249,peripheral
altitude_step,5.5,1,72.5,47.75,10.0,5.0249,peripheral
altitude_step,5.5,2,87.5,60.0,30.0,5.0,relay_anchor
altitude_step,5.5,3,102.5,42.25,10.0,5.0249,peripheral
altitude_step,5.5,4,102.5,77.75,50.0,5.0249,peripheral
altitude_step,5.75,0,73.75,72.125,50.0,5.0249,peripheral
altitude_step,5.75,1,73.75,47.875,10.0,5.0249,peripheral
altitude_step,5.75,2,88.75,60.0,30.0,5.0,relay_anchor
altitude_step,5.75,3,103.75,42.125,10.0,5.0249,peripheral
altitude_step,5.75,4,103.75,77.875,50.0,5.0249,peripheral
altitude_step,6.0,0,75.0,72.0,50.0,5.0249,peripheral
altitude_step,6.0,1,75.0,48.0,10.0,5.0249,peripheral
altitude_step,6.0,2,90.0,60.0,30.0,5.0,relay_anchor
altitude_step,6.0,3,105.0,42.0,10.0,5.0249,peripheral
altitude_step,6.0,4,105.0,78.0,50.0,5.0249,peripheral
altitude_step,6.25,0,76.25,71.875,50.0,5.0249,peripheral
altitude_step,6.25,1,76.25,48.125,10.0,5.0249,peripheral
altitude_step,6.25,2,91.25,60.0,30.0,5.0,relay_anchor
altitude_step,6.25,3,106.25,41.875,10.0,5.0249,peripheral
altitude_step,6.25,4,106.25,78.125,50.0,5.0249,peripheral
altitude_step,6.5,0,77.5,71.75,50.0,5.0249,peripheral
altitude_step,6.5,1,77.5,48.25,10.0,5.0249,peripheral
altitude_step,6.5,2,92.5,60.0,30.0,5.0,relay_anchor
altitude_step,6.5,3,107.5,41.75,10.0,5.0249,peripheral
altitude_step,6.5,4,107.5,78.25,50.0,5.0249,peripheral
altitude_step,6.75,0,78.75,71.625,50.0,5.0249,peripheral
altitude_step,6.75,1,78.75,48.375,10.0,5.0249,peripheral
altitude_step,6.75,2,93.75,60.0,30.0,5.0,relay_anchor
altitude_step,6.75,3,108.75,41.625,10.0,5.0249,peripheral
altitude_step,6.75,4,108.75,78.375,50.0,5.0249,peripheral
altitude_step,7.0,0,80.0,71.5,50.0,5.0249,peripheral
altitude_step,7.0,1,80.0,48.5,10.0,5.0249,peripheral
altitude_step,7.0,2,95.0,60.0,30.0,5.0,relay_anchor
altitude_step,7.0,3,110.0,41.5,10.0,5.0249,peripheral
altitude_step,7.0,4,110.0,78.5,50.0,5.0249,peripheral
altitude_step,7.25,0,81.25,71.375,50.0,5.0249,peripheral
altitude_step,7.25,1,81.25,48.625,10.0,5.0249,peripheral
altitude_step,7.25,2,96.25,60.0,30.0,5.0,relay_anchor
altitude_step,7.25,3,111.25,41.375,10.0,5.0249,peripheral
altitude_step,7.25,4,111.25,78.625,50.0,5.0249,peripheral
altitude_step,7.5,0,82.5,71.25,50.0,5.0249,peripheral
altitude_step,7.5,1,82.5,48.75,10.0,5.0249,peripheral
altitude_step,7.5,2,97.5,60.0,30.0,5.0,relay_anchor
altitude_step,7.5,3,112.5,41.25,10.0,5.0249,peripheral
altitude_step,7.5,4,112.5,78.75,50.0,5.0249,peripheral
altitude_step,7.75,0,83.75,71.125,50.0,5.0249,peripheral
altitude_step,7.75,1,83.75,48.875,10.0,5.0249,peripheral
altitude_step,7.75,2,98.75,60.0,30.0,5.0,relay_anchor
altitude_step,7.75,3,113.75,41.125,10.0,5.0249,peripheral
altitude_step,7.75,4,113.75,78.875,50.0,5.0249,peripheral
altitude_step,8.0,0,85.0,71.0,50.0,5.0249,peripheral
altitude_step,8.0,1,85.0,49.0,10.0,5.0249,peripheral
altitude_step,8.0,2,100.0,60.0,30.0,5.0,relay_anchor
altitude_step,8.0,3,115.0,41.0,10.0,5.0249,peripheral
altitude_step,8.0,4,115.0,79.0,50.0,5.0249,peripheral
altitude_step,8.25,0,86.25,70.875,50.0,5.0249,peripheral
altitude_step,8.25,1,86.25,49.125,10.0,5.0249,peripheral
altitude_step,8.25,2,101.25,60.0,30.0,5.0,relay_anchor
altitude_step,8.25,3,116.25,40.875,10.0,5.0249,peripheral
altitude_step,8.25,4,116.25,79.125,50.0,5.0249,peripheral
altitude_step,8.5,0,87.5,70.75,50.0,5.0249,peripheral
altitude_step,8.5,1,87.5,49.25,10.0,5.0249,peripheral
altitude_step,8.5,2,102.5,60.0,30.0,5.0,relay_anchor
altitude_step,8.5,3,117.5,40.75,10.0,5.0249,peripheral
altitude_step,8.5,4,117.5,79.25,50.0,5.0249,peripheral
altitude_step,8.75,0,88.75,70.625,50.0,5.0249,peripheral
altitude_step,8.75,1,88.75,49.375,10.0,5.0249,peripheral
altitude_step,8.75,2,103.75,60.0,30.0,5.0,relay_anchor
altitude_step,8.75,3,118.75,40.625,10.0,5.0249,peripheral
altitude_step,8.75,4,118.75,79.375,50.0,5.0249,peripheral
altitude_step,9.0,0,90.0,70.5,50.0,5.0249,peripheral
altitude_step,9.0,1,90.0,49.5,10.0,5.0249,peripheral
altitude_step,9.0,2,105.0,60.0,30.0,5.0,relay_anchor
altitude_step,9.0,3,120.0,40.5,10.0,5.0249,peripheral
altitude_step,9.0,4,120.0,79.5,50.0,5.0249,peripheral
altitude_step,9.25,0,91.25,70.375,50.0,5.0249,peripheral
altitude_step,9.25,1,91.25,49.625,10.0,5.0249,peripheral
altitude_step,9.25,2,106.25,60.0,30.0,5.0,relay_anchor
altitude_step,9.25,3,121.25,40.375,10.0,5.0249,peripheral
altitude_step,9.25,4,121.25,79.625,50.0,5.0249,peripheral
altitude_step,9.5,0,92.5,70.25,50.0,5.0249,peripheral
altitude_step,9.5,1,92.5,49.75,10.0,5.0249,peripheral
altitude_step,9.5,2,107.5,60.0,30.0,5.0,relay_anchor
altitude_step,9.5,3,122.5,40.25,10.0,5.0249,peripheral
altitude_step,9.5,4,122.5,79.75,50.0,5.0249,peripheral
altitude_step,9.75,0,93.75,70.125,50.0,5.0249,peripheral
altitude_step,9.75,1,93.75,49.875,10.0,5.0249,peripheral
altitude_step,9.75,2,108.75,60.0,30.0,5.0,relay_anchor
altitude_step,9.75,3,123.75,40.125,10.0,5.0249,peripheral
altitude_step,9.75,4,123.75,79.875,50.0,5.0249,peripheral
altitude_step,10.0,0,95.0,70.0,50.0,5.0249,peripheral
altitude_step,10.0,1,95.0,50.0,10.0,5.0249,peripheral
altitude_step,10.0,2,110.0,60.0,30.0,5.0,relay_anchor
altitude_step,10.0,3,125.0,40.0,10.0,5.0249,peripheral
altitude_step,10.0,4,125.0,80.0,50.0,5.0249,peripheral
altitude_step,10.25,0,96.25,69.875,50.0,5.0249,peripheral
altitude_step,10.25,1,96.25,50.125,10.0,5.0249,peripheral
altitude_step,10.25,2,111.25,60.0,30.0,5.0,relay_anchor
altitude_step,10.25,3,126.25,39.875,10.0,5.0249,peripheral
altitude_step,10.25,4,126.25,80.125,50.0,5.0249,peripheral
altitude_step,10.5,0,97.5,69.75,50.0,5.0249,peripheral
altitude_step,10.5,1,97.5,50.25,10.0,5.0249,peripheral
altitude_step,10.5,2,112.5,60.0,30.0,5.0,relay_anchor
altitude_step,10.5,3,127.5,39.75,10.0,5.0249,peripheral
altitude_step,10.5,4,127.5,80.25,50.0,5.0249,peripheral
altitude_step,10.75,0,98.75,69.625,50.0,5.0249,peripheral
altitude_step,10.75,1,98.75,50.375,10.0,5.0249,peripheral
altitude_step,10.75,2,113.75,60.0,30.0,5.0,relay_anchor
altitude_step,10.75,3,128.75,39.625,10.0,5.0249,peripheral
altitude_step,10.75,4,128.75,80.375,50.0,5.0249,peripheral
altitude_step,11.0,0,100.0,69.5,50.0,5.0249,peripheral
altitude_step,11.0,1,100.0,50.5,10.0,5.0249,peripheral
altitude_step,11.0,2,115.0,60.0,30.0,5.0,relay_anchor
altitude_step,11.0,3,130.0,39.5,10.0,5.0249,peripheral
altitude_step,11.0,4,130.0,80.5,50.0,5.0249,peripheral
altitude_step,11.25,0,101.25,69.375,50.0,5.0249,peripheral
altitude_step,11.25,1,101.25,50.625,10.0,5.0249,peripheral
altitude_step,11.25,2,116.25,60.0,30.0,5.0,relay_anchor
altitude_step,11.25,3,131.25,39.375,10.0,5.0249,peripheral
altitude_step,11.25,4,131.25,80.625,50.0,5.0249,peripheral
altitude_step,11.5,0,102.5,69.25,50.0,5.0249,peripheral
altitude_step,11.5,1,102.5,50.75,10.0,5.0249,peripheral
altitude_step,11.5,2,117.5,60.0,30.0,5.0,relay_anchor
altitude_step,11.5,3,132.5,39.25,10.0,5.0249,peripheral
altitude_step,11.5,4,132.5,80.75,50.0,5.0249,peripheral
altitude_step,11.75,0,103.75,69.125,50.0,5.0249,peripheral
altitude_step,11.75,1,103.75,50.875,10.0,5.0249,peripheral
altitude_step,11.75,2,118.75,60.0,30.0,5.0,relay_anchor
altitude_step,11.75,3,133.75,39.125,10.0,5.0249,peripheral
altitude_step,11.75,4,133.75,80.875,50.0,5.0249,peripheral
altitude_step,12.0,0,105.0,69.0,50.0,5.0249,peripheral
altitude_step,12.0,1,105.0,51.0,10.0,5.0249,peripheral
altitude_step,12.0,2,120.0,60.0,30.0,5.0,relay_anchor
altitude_step,12.0,3,135.0,39.0,10.0,5.0249,peripheral
altitude_step,12.0,4,135.0,81.0,50.0,5.0249,peripheral
altitude_step,12.25,0,106.25,68.875,50.0,5.0249,peripheral
altitude_step,12.25,1,106.25,51.125,10.0,5.0249,peripheral
altitude_step,12.25,2,121.25,60.0,30.0,5.0,relay_anchor
altitude_step,12.25,3,136.25,38.875,10.0,5.0249,peripheral
altitude_step,12.25,4,136.25,81.125,50.0,5.0249,peripheral
altitude_step,12.5,0,107.5,68.75,50.0,5.0249,peripheral
altitude_step,12.5,1,107.5,51.25,10.0,5.0249,peripheral
altitude_step,12.5,2,122.5,60.0,30.0,5.0,relay_anchor
altitude_step,12.5,3,137.5,38.75,10.0,5.0249,peripheral
altitude_step,12.5,4,137.5,81.25,50.0,5.0249,peripheral
altitude_step,12.75,0,108.75,68.625,50.0,5.0249,peripheral
altitude_step,12.75,1,108.75,51.375,10.0,5.0249,peripheral
altitude_step,12.75,2,123.75,60.0,30.0,5.0,relay_anchor
altitude_step,12.75,3,138.75,38.625,10.0,5.0249,peripheral
altitude_step,12.75,4,138.75,81.375,50.0,5.0249,peripheral
altitude_step,13.0,0,110.0,68.5,50.0,5.0249,peripheral
altitude_step,13.0,1,110.0,51.5,10.0,5.0249,peripheral
altitude_step,13.0,2,125.0,60.0,30.0,5.0,relay_anchor
altitude_step,13.0,3,140.0,38.5,10.0,5.0249,peripheral
altitude_step,13.0,4,140.0,81.5,50.0,5.0249,peripheral
altitude_step,13.25,0,111.25,68.375,50.0,5.0249,peripheral
altitude_step,13.25,1,111.25,51.625,10.0,5.0249,peripheral
altitude_step,13.25,2,126.25,60.0,30.0,5.0,relay_anchor
altitude_step,13.25,3,141.25,38.375,10.0,5.0249,peripheral
altitude_step,13.25,4,141.25,81.625,50.0,5.0249,peripheral
altitude_step,13.5,0,112.5,68.25,50.0,5.0249,peripheral
altitude_step,13.5,1,112.5,51.75,10.0,5.0249,peripheral
altitude_step,13.5,2,127.5,60.0,30.0,5.0,relay_anchor
altitude_step,13.5,3,142.5,38.25,10.0,5.0249,peripheral
altitude_step,13.5,4,142.5,81.75,50.0,5.0249,peripheral
altitude_step,13.75,0,113.75,68.125,50.0,5.0249,peripheral
altitude_step,13.75,1,113.75,51.875,10.0,5.0249,peripheral
altitude_step,13.75,2,128.75,60.0,30.0,5.0,relay_anchor
altitude_step,13.75,3,143.75,38.125,10.0,5.0249,peripheral
altitude_step,13.75,4,143.75,81.875,50.0,5.0249,peripheral
altitude_step,14.0,0,115.0,68.0,50.0,5.0249,peripheral
altitude_step,14.0,1,115.0,52.0,10.0,5.0249,peripheral
altitude_step,14.0,2,130.0,60.0,30.0,5.0,relay_anchor
altitude_step,14.0,3,145.0,38.0,10.0,5.0249,peripheral
altitude_step,14.0,4,145.0,82.0,50.0,5.0249,peripheral
altitude_step,14.25,0,116.25,67.875,50.0,5.0249,peripheral
altitude_step,14.25,1,116.25,52.125,10.0,5.0249,peripheral
altitude_step,14.25,2,131.25,60.0,30.0,5.0,relay_anchor
altitude_step,14.25,3,146.25,37.875,10.0,5.0249,peripheral
altitude_step,14.25,4,146.25,82.125,50.0,5.0249,peripheral
altitude_step,14.5,0,117.5,67.75,50.0,5.0249,peripheral
altitude_step,14.5,1,117.5,52.25,10.0,5.0249,peripheral
altitude_step,14.5,2,132.5,60.0,30.0,5.0,relay_anchor
altitude_step,14.5,3,147.5,37.75,10.0,5.0249,peripheral
altitude_step,14.5,4,147.5,82.25,50.0,5.0249,peripheral
altitude_step,14.75,0,118.75,67.625,50.0,5.0249,peripheral
altitude_step,14.75,1,118.75,52.375,10.0,5.0249,peripheral
altitude_step,14.75,2,133.75,60.0,30.0,5.0,relay_anchor
altitude_step,14.75,3,148.75,37.625,10.0,5.0249,peripheral
altitude_step,14.75,4,148.75,82.375,50.0,5.0249,peripheral
altitude_step,15.0,0,120.0,67.5,50.0,5.0249,peripheral
altitude_step,15.0,1,120.0,52.5,10.0,5.0249,peripheral
altitude_step,15.0,2,135.0,60.0,30.0,5.0,relay_anchor
altitude_step,15.0,3,150.0,37.5,10.0,5.0249,peripheral
altitude_step,15.0,4,150.0,82.5,50.0,5.0249,peripheral
altitude_step,15.25,0,121.25,67.375,50.0,5.0249,peripheral
altitude_step,15.25,1,121.25,52.625,10.0,5.0249,peripheral
altitude_step,15.25,2,136.25,60.0,30.0,5.0,relay_anchor
altitude_step,15.25,3,151.25,37.375,10.0,5.0249,peripheral
altitude_step,15.25,4,151.25,82.625,50.0,5.0249,peripheral
altitude_step,15.5,0,122.5,67.25,50.0,5.0249,peripheral
altitude_step,15.5,1,122.5,52.75,10.0,5.0249,peripheral
altitude_step,15.5,2,137.5,60.0,30.0,5.0,relay_anchor
altitude_step,15.5,3,152.5,37.25,10.0,5.0249,peripheral
altitude_step,15.5,4,152.5,82.75,50.0,5.0249,peripheral
altitude_step,15.75,0,123.75,67.125,50.0,5.0249,peripheral
altitude_step,15.75,1,123.75,52.875,10.0,5.0249,peripheral
altitude_step,15.75,2,138.75,60.0,30.0,5.0,relay_anchor
altitude_step,15.75,3,153.75,37.125,10.0,5.0249,peripheral
altitude_step,15.75,4,153.75,82.875,50.0,5.0249,peripheral
altitude_step,16.0,0,125.0,67.0,50.0,5.0249,peripheral
altitude_step,16.0,1,125.0,53.0,10.0,5.0249,peripheral
altitude_step,16.0,2,140.0,60.0,30.0,5.0,relay_anchor
altitude_step,16.0,3,155.0,37.0,10.0,5.0249,peripheral
altitude_step,16.0,4,155.0,83.0,50.0,5.0249,peripheral
altitude_step,16.25,0,126.25,66.875,50.0,5.0249,peripheral
altitude_step,16.25,1,126.25,53.125,10.0,5.0249,peripheral
altitude_step,16.25,2,141.25,60.0,30.0,5.0,relay_anchor
altitude_step,16.25,3,156.25,36.875,10.0,5.0249,peripheral
altitude_step,16.25,4,156.25,83.125,50.0,5.0249,peripheral
altitude_step,16.5,0,127.5,66.75,50.0,5.0249,peripheral
altitude_step,16.5,1,127.5,53.25,10.0,5.0249,peripheral
altitude_step,16.5,2,142.5,60.0,30.0,5.0,relay_anchor
altitude_step,16.5,3,157.5,36.75,10.0,5.0249,peripheral
altitude_step,16.5,4,157.5,83.25,50.0,5.0249,peripheral
altitude_step,16.75,0,128.75,66.625,50.0,5.0249,peripheral
altitude_step,16.75,1,128.75,53.375,10.0,5.0249,peripheral
altitude_step,16.75,2,143.75,60.0,30.0,5.0,relay_anchor
altitude_step,16.75,3,158.75,36.625,10.0,5.0249,peripheral
altitude_step,16.75,4,158.75,83.375,50.0,5.0249,peripheral
altitude_step,17.0,0,130.0,66.5,50.0,5.0249,peripheral
altitude_step,17.0,1,130.0,53.5,10.0,5.0249,peripheral
altitude_step,17.0,2,145.0,60.0,30.0,5.0,relay_anchor
altitude_step,17.0,3,160.0,36.5,10.0,5.0249,peripheral
altitude_step,17.0,4,160.0,83.5,50.0,5.0249,peripheral
altitude_step,17.25,0,131.25,66.375,50.0,5.0249,peripheral
altitude_step,17.25,1,131.25,53.625,10.0,5.0249,peripheral
altitude_step,17.25,2,146.25,60.0,30.0,5.0,relay_anchor
altitude_step,17.25,3,161.25,36.375,10.0,5.0249,peripheral
altitude_step,17.25,4,161.25,83.625,50.0,5.0249,peripheral
altitude_step,17.5,0,132.5,66.25,50.0,5.0249,peripheral
altitude_step,17.5,1,132.5,53.75,10.0,5.0249,peripheral
altitude_step,17.5,2,147.5,60.0,30.0,5.0,relay_anchor
altitude_step,17.5,3,162.5,36.25,10.0,5.0249,peripheral
altitude_step,17.5,4,162.5,83.75,50.0,5.0249,peripheral
altitude_step,17.75,0,133.75,66.125,50.0,5.0249,peripheral
altitude_step,17.75,1,133.75,53.875,10.0,5.0249,peripheral
altitude_step,17.75,2,148.75,60.0,30.0,5.0,relay_anchor
altitude_step,17.75,3,163.75,36.125,10.0,5.0249,peripheral
altitude_step,17.75,4,163.75,83.875,50.0,5.0249,peripheral
altitude_step,18.0,0,135.0,66.0,50.0,5.0249,peripheral
altitude_step,18.0,1,135.0,54.0,10.0,5.0249,peripheral
altitude_step,18.0,2,150.0,60.0,30.0,5.0,relay_anchor
altitude_step,18.0,3,165.0,36.0,10.0,5.0249,peripheral
altitude_step,18.0,4,165.0,84.0,50.0,5.0249,peripheral
altitude_step,18.25,0,136.25,65.875,50.0,5.0249,peripheral
altitude_step,18.25,1,136.25,54.125,10.0,5.0249,peripheral
altitude_step,18.25,2,151.25,60.0,30.0,5.0,relay_anchor
altitude_step,18.25,3,166.25,35.875,10.0,5.0249,peripheral
altitude_step,18.25,4,166.25,84.125,50.0,5.0249,peripheral
altitude_step,18.5,0,137.5,65.75,50.0,5.0249,peripheral
altitude_step,18.5,1,137.5,54.25,10.0,5.0249,peripheral
altitude_step,18.5,2,152.5,60.0,30.0,5.0,relay_anchor
altitude_step,18.5,3,167.5,35.75,10.0,5.0249,peripheral
altitude_step,18.5,4,167.5,84.25,50.0,5.0249,peripheral
altitude_step,18.75,0,138.75,65.625,50.0,5.0249,peripheral
altitude_step,18.75,1,138.75,54.375,10.0,5.0249,peripheral
altitude_step,18.75,2,153.75,60.0,30.0,5.0,relay_anchor
altitude_step,18.75,3,168.75,35.625,10.0,5.0249,peripheral
altitude_step,18.75,4,168.75,84.375,50.0,5.0249,peripheral
altitude_step,19.0,0,140.0,65.5,50.0,5.0249,peripheral
altitude_step,19.0,1,140.0,54.5,10.0,5.0249,peripheral
altitude_step,19.0,2,155.0,60.0,30.0,5.0,relay_anchor
altitude_step,19.0,3,170.0,35.5,10.0,5.0249,peripheral
altitude_step,19.0,4,170.0,84.5,50.0,5.0249,peripheral
altitude_step,19.25,0,141.25,65.375,50.0,5.0249,peripheral
altitude_step,19.25,1,141.25,54.625,10.0,5.0249,peripheral
altitude_step,19.25,2,156.25,60.0,30.0,5.0,relay_anchor
altitude_step,19.25,3,171.25,35.375,10.0,5.0249,peripheral
altitude_step,19.25,4,171.25,84.625,50.0,5.0249,peripheral
altitude_step,19.5,0,142.5,65.25,50.0,5.0249,peripheral
altitude_step,19.5,1,142.5,54.75,10.0,5.0249,peripheral
altitude_step,19.5,2,157.5,60.0,30.0,5.0,relay_anchor
altitude_step,19.5,3,172.5,35.25,10.0,5.0249,peripheral
altitude_step,19.5,4,172.5,84.75,50.0,5.0249,peripheral
altitude_step,19.75,0,143.75,65.125,50.0,5.0249,peripheral
altitude_step,19.75,1,143.75,54.875,10.0,5.0249,peripheral
altitude_step,19.75,2,158.75,60.0,30.0,5.0,relay_anchor
altitude_step,19.75,3,173.75,35.125,10.0,5.0249,peripheral
altitude_step,19.75,4,173.75,84.875,50.0,5.0249,peripheral
altitude_step,20.0,0,145.0,65.0,50.0,5.0249,peripheral
altitude_step,20.0,1,145.0,55.0,10.0,5.0249,peripheral
altitude_step,20.0,2,160.0,60.0,30.0,5.0,relay_anchor
altitude_step,20.0,3,175.0,35.0,10.0,5.0249,peripheral
altitude_step,20.0,4,175.0,85.0,50.0,5.0249,peripheral
altitude_step,20.25,0,146.25,64.875,50.0,5.0249,peripheral
altitude_step,20.25,1,146.25,55.125,10.0,5.0249,peripheral
altitude_step,20.25,2,161.25,60.0,30.0,5.0,relay_anchor
altitude_step,20.25,3,176.25,34.875,10.0,5.0249,peripheral
altitude_step,20.25,4,176.25,85.125,50.0,5.0249,peripheral
altitude_step,20.5,0,147.5,64.75,50.0,5.0249,peripheral
altitude_step,20.5,1,147.5,55.25,10.0,5.0249,peripheral
altitude_step,20.5,2,162.5,60.0,30.0,5.0,relay_anchor
altitude_step,20.5,3,177.5,34.75,10.0,5.0249,peripheral
altitude_step,20.5,4,177.5,85.25,50.0,5.0249,peripheral
altitude_step,20.75,0,148.75,64.625,50.0,5.0249,peripheral
altitude_step,20.75,1,148.75,55.375,10.0,5.0249,peripheral
altitude_step,20.75,2,163.75,60.0,30.0,5.0,relay_anchor
altitude_step,20.75,3,178.75,34.625,10.0,5.0249,peripheral
altitude_step,20.75,4,178.75,85.375,50.0,5.0249,peripheral
altitude_step,21.0,0,150.0,64.5,50.0,5.0249,peripheral
altitude_step,21.0,1,150.0,55.5,10.0,5.0249,peripheral
altitude_step,21.0,2,165.0,60.0,30.0,5.0,relay_anchor
altitude_step,21.0,3,180.0,34.5,10.0,5.0249,peripheral
altitude_step,21.0,4,180.0,85.5,50.0,5.0249,peripheral
altitude_step,21.25,0,151.25,64.375,50.0,5.0249,peripheral
altitude_step,21.25,1,151.25,55.625,10.0,5.0249,peripheral
altitude_step,21.25,2,166.25,60.0,30.0,5.0,relay_anchor
altitude_step,21.25,3,181.25,34.375,10.0,5.0249,peripheral
altitude_step,21.25,4,181.25,85.625,50.0,5.0249,peripheral
altitude_step,21.5,0,152.5,64.25,50.0,5.0249,peripheral
altitude_step,21.5,1,152.5,55.75,10.0,5.0249,peripheral
altitude_step,21.5,2,167.5,60.0,30.0,5.0,relay_anchor
altitude_step,21.5,3,182.5,34.25,10.0,5.0249,peripheral
altitude_step,21.5,4,182.5,85.75,50.0,5.0249,peripheral
altitude_step,21.75,0,153.75,64.125,50.0,5.0249,peripheral
altitude_step,21.75,1,153.75,55.875,10.0,5.0249,peripheral
altitude_step,21.75,2,168.75,60.0,30.0,5.0,relay_anchor
altitude_step,21.75,3,183.75,34.125,10.0,5.0249,peripheral
altitude_step,21.75,4,183.75,85.875,50.0,5.0249,peripheral
altitude_step,22.0,0,155.0,64.0,50.0,5.0249,peripheral
altitude_step,22.0,1,155.0,56.0,10.0,5.0249,peripheral
altitude_step,22.0,2,170.0,60.0,30.0,5.0,relay_anchor
altitude_step,22.0,3,185.0,34.0,10.0,5.0249,peripheral
altitude_step,22.0,4,185.0,86.0,50.0,5.0249,peripheral
altitude_step,22.25,0,156.25,63.875,50.0,5.0249,peripheral
altitude_step,22.25,1,156.25,56.125,10.0,5.0249,peripheral
altitude_step,22.25,2,171.25,60.0,30.0,5.0,relay_anchor
altitude_step,22.25,3,186.25,33.875,10.0,5.0249,peripheral
altitude_step,22.25,4,186.25,86.125,50.0,5.0249,peripheral
altitude_step,22.5,0,157.5,63.75,50.0,5.0249,peripheral
altitude_step,22.5,1,157.5,56.25,10.0,5.0249,peripheral
altitude_step,22.5,2,172.5,60.0,30.0,5.0,relay_anchor
altitude_step,22.5,3,187.5,33.75,10.0,5.0249,peripheral
altitude_step,22.5,4,187.5,86.25,50.0,5.0249,peripheral
altitude_step,22.75,0,158.75,63.625,50.0,5.0249,peripheral
altitude_step,22.75,1,158.75,56.375,10.0,5.0249,peripheral
altitude_step,22.75,2,173.75,60.0,30.0,5.0,relay_anchor
altitude_step,22.75,3,188.75,33.625,10.0,5.0249,peripheral
altitude_step,22.75,4,188.75,86.375,50.0,5.0249,peripheral
altitude_step,23.0,0,160.0,63.5,50.0,5.0249,peripheral
altitude_step,23.0,1,160.0,56.5,10.0,5.0249,peripheral
altitude_step,23.0,2,175.0,60.0,30.0,5.0,relay_anchor
altitude_step,23.0,3,190.0,33.5,10.0,5.0249,peripheral
altitude_step,23.0,4,190.0,86.5,50.0,5.0249,peripheral
altitude_step,23.25,0,161.25,63.375,50.0,5.0249,peripheral
altitude_step,23.25,1,161.25,56.625,10.0,5.0249,peripheral
altitude_step,23.25,2,176.25,60.0,30.0,5.0,relay_anchor
altitude_step,23.25,3,191.25,33.375,10.0,5.0249,peripheral
altitude_step,23.25,4,191.25,86.625,50.0,5.0249,peripheral
altitude_step,23.5,0,162.5,63.25,50.0,5.0249,peripheral
altitude_step,23.5,1,162.5,56.75,10.0,5.0249,peripheral
altitude_step,23.5,2,177.5,60.0,30.0,5.0,relay_anchor
altitude_step,23.5,3,192.5,33.25,10.0,5.0249,peripheral
altitude_step,23.5,4,192.5,86.75,50.0,5.0249,peripheral
altitude_step,23.75,0,163.75,63.125,50.0,5.0249,peripheral
altitude_step,23.75,1,163.75,56.875,10.0,5.0249,peripheral
altitude_step,23.75,2,178.75,60.0,30.0,5.0,relay_anchor
altitude_step,23.75,3,193.75,33.125,10.0,5.0249,peripheral
altitude_step,23.75,4,193.75,86.875,50.0,5.0249,peripheral
altitude_step,24.0,0,165.0,63.0,50.0,5.0249,peripheral
altitude_step,24.0,1,165.0,57.0,10.0,5.0249,peripheral
altitude_step,24.0,2,180.0,60.0,30.0,5.0,relay_anchor
altitude_step,24.0,3,195.0,33.0,10.0,5.0249,peripheral
altitude_step,24.0,4,195.0,87.0,50.0,5.0249,peripheral
altitude_step,24.25,0,166.25,62.875,50.0,5.0249,peripheral
altitude_step,24.25,1,166.25,57.125,10.0,5.0249,peripheral
altitude_step,24.25,2,181.25,60.0,30.0,5.0,relay_anchor
altitude_step,24.25,3,196.25,32.875,10.0,5.0249,peripheral
altitude_step,24.25,4,196.25,87.125,50.0,5.0249,peripheral
altitude_step,24.5,0,167.5,62.75,50.0,5.0249,peripheral
altitude_step,24.5,1,167.5,57.25,10.0,5.0249,peripheral
altitude_step,24.5,2,182.5,60.0,30.0,5.0,relay_anchor
altitude_step,24.5,3,197.5,32.75,10.0,5.0249,peripheral
altitude_step,24.5,4,197.5,87.25,50.0,5.0249,peripheral
altitude_step,24.75,0,168.75,62.625,50.0,5.0249,peripheral
altitude_step,24.75,1,168.75,57.375,10.0,5.0249,peripheral
altitude_step,24.75,2,183.75,60.0,30.0,5.0,relay_anchor
altitude_step,24.75,3,198.75,32.625,10.0,5.0249,peripheral
altitude_step,24.75,4,198.75,87.375,50.0,5.0249,peripheral
altitude_step,25.0,0,170.0,62.5,50.0,5.0249,peripheral
altitude_step,25.0,1,170.0,57.5,10.0,5.0249,peripheral
altitude_step,25.0,2,185.0,60.0,30.0,5.0,relay_anchor
altitude_step,25.0,3,200.0,32.5,10.0,5.0249,peripheral
altitude_step,25.0,4,200.0,87.5,50.0,5.0249,peripheral
altitude_step,25.25,0,171.25,62.375,50.0,5.0249,peripheral
altitude_step,25.25,1,171.25,57.625,10.0,5.0249,peripheral
altitude_step,25.25,2,186.25,60.0,30.0,5.0,relay_anchor
altitude_step,25.25,3,201.25,32.375,10.0,5.0249,peripheral
altitude_step,25.25,4,201.25,87.625,50.0,5.0249,peripheral
altitude_step,25.5,0,172.5,62.25,50.0,5.0249,peripheral
altitude_step,25.5,1,172.5,57.75,10.0,5.0249,peripheral
altitude_step,25.5,2,187.5,60.0,30.0,5.0,relay_anchor
altitude_step,25.5,3,202.5,32.25,10.0,5.0249,peripheral
altitude_step,25.5,4,202.5,87.75,50.0,5.0249,peripheral
altitude_step,25.75,0,173.75,62.125,50.0,5.0249,peripheral
altitude_step,25.75,1,173.75,57.875,10.0,5.0249,peripheral
altitude_step,25.75,2,188.75,60.0,30.0,5.0,relay_anchor
altitude_step,25.75,3,203.75,32.125,10.0,5.0249,peripheral
altitude_step,25.75,4,203.75,87.875,50.0,5.0249,peripheral
altitude_step,26.0,0,175.0,62.0,50.0,5.0249,peripheral
altitude_step,26.0,1,175.0,58.0,10.0,5.0249,peripheral
altitude_step,26.0,2,190.0,60.0,30.0,5.0,relay_anchor
altitude_step,26.0,3,205.0,32.0,10.0,5.0249,peripheral
altitude_step,26.0,4,205.0,88.0,50.0,5.0249,peripheral
altitude_step,26.25,0,176.25,61.875,50.0,5.0249,peripheral
altitude_step,26.25,1,176.25,58.125,10.0,5.0249,peripheral
altitude_step,26.25,2,191.25,60.0,30.0,5.0,relay_anchor
altitude_step,26.25,3,206.25,31.875,10.0,5.0249,peripheral
altitude_step,26.25,4,206.25,88.125,50.0,5.0249,peripheral
altitude_step,26.5,0,177.5,61.75,50.0,5.0249,peripheral
altitude_step,26.5,1,177.5,58.25,10.0,5.0249,peripheral
altitude_step,26.5,2,192.5,60.0,30.0,5.0,relay_anchor
altitude_step,26.5,3,207.5,31.75,10.0,5.0249,peripheral
altitude_step,26.5,4,207.5,88.25,50.0,5.0249,peripheral
altitude_step,26.75,0,178.75,61.625,50.0,5.0249,peripheral
altitude_step,26.75,1,178.75,58.375,10.0,5.0249,peripheral
altitude_step,26.75,2,193.75,60.0,30.0,5.0,relay_anchor
altitude_step,26.75,3,208.75,31.625,10.0,5.0249,peripheral
altitude_step,26.75,4,208.75,88.375,50.0,5.0249,peripheral
altitude_step,27.0,0,180.0,61.5,50.0,5.0249,peripheral
altitude_step,27.0,1,180.0,58.5,10.0,5.0249,peripheral
altitude_step,27.0,2,195.0,60.0,30.0,5.0,relay_anchor
altitude_step,27.0,3,210.0,31.5,10.0,5.0249,peripheral
altitude_step,27.0,4,210.0,88.5,50.0,5.0249,peripheral
altitude_step,27.25,0,181.25,61.375,50.0,5.0249,peripheral
altitude_step,27.25,1,181.25,58.625,10.0,5.0249,peripheral
altitude_step,27.25,2,196.25,60.0,30.0,5.0,relay_anchor
altitude_step,27.25,3,211.25,31.375,10.0,5.0249,peripheral
altitude_step,27.25,4,211.25,88.625,50.0,5.0249,peripheral
altitude_step,27.5,0,182.5,61.25,50.0,5.0249,peripheral
altitude_step,27.5,1,182.5,58.75,10.0,5.0249,peripheral
altitude_step,27.5,2,197.5,60.0,30.0,5.0,relay_anchor
altitude_step,27.5,3,212.5,31.25,10.0,5.0249,peripheral
altitude_step,27.5,4,212.5,88.75,50.0,5.0249,peripheral
altitude_step,27.75,0,183.75,61.125,50.0,5.0249,peripheral
altitude_step,27.75,1,183.75,58.875,10.0,5.0249,peripheral
altitude_step,27.75,2,198.75,60.0,30.0,5.0,relay_anchor
altitude_step,27.75,3,213.75,31.125,10.0,5.0249,peripheral
altitude_step,27.75,4,213.75,88.875,50.0,5.0249,peripheral
altitude_step,28.0,0,185.0,61.0,50.0,5.0249,peripheral
altitude_step,28.0,1,185.0,59.0,10.0,5.0249,peripheral
altitude_step,28.0,2,200.0,60.0,30.0,5.0,relay_anchor
altitude_step,28.0,3,215.0,31.0,10.0,5.0249,peripheral
altitude_step,28.0,4,215.0,89.0,50.0,5.0249,peripheral
altitude_step,28.25,0,186.25,60.875,50.0,5.0249,peripheral
altitude_step,28.25,1,186.25,59.125,10.0,5.0249,peripheral
altitude_step,28.25,2,201.25,60.0,30.0,5.0,relay_anchor
altitude_step,28.25,3,216.25,30.875,10.0,5.0249,peripheral
altitude_step,28.25,4,216.25,89.125,50.0,5.0249,peripheral
altitude_step,28.5,0,187.5,60.75,50.0,5.0249,peripheral
altitude_step,28.5,1,187.5,59.25,10.0,5.0249,peripheral
altitude_step,28.5,2,202.5,60.0,30.0,5.0,relay_anchor
altitude_step,28.5,3,217.5,30.75,10.0,5.0249,peripheral
altitude_step,28.5,4,217.5,89.25,50.0,5.0249,peripheral
altitude_step,28.75,0,188.75,60.625,50.0,5.0249,peripheral
altitude_step,28.75,1,188.75,59.375,10.0,5.0249,peripheral
altitude_step,28.75,2,203.75,60.0,30.0,5.0,relay_anchor
altitude_step,28.75,3,218.75,30.625,10.0,5.0249,peripheral
altitude_step,28.75,4,218.75,89.375,50.0,5.0249,peripheral
altitude_step,29.0,0,190.0,60.5,50.0,5.0249,peripheral
altitude_step,29.0,1,190.0,59.5,10.0,5.0249,peripheral
altitude_step,29.0,2,205.0,60.0,30.0,5.0,relay_anchor
altitude_step,29.0,3,220.0,30.5,10.0,5.0249,peripheral
altitude_step,29.0,4,220.0,89.5,50.0,5.0249,peripheral
altitude_step,29.25,0,191.25,60.375,50.0,5.0249,peripheral
altitude_step,29.25,1,191.25,59.625,10.0,5.0249,peripheral
altitude_step,29.25,2,206.25,60.0,30.0,5.0,relay_anchor
altitude_step,29.25,3,221.25,30.375,10.0,5.0249,peripheral
altitude_step,29.25,4,221.25,89.625,50.0,5.0249,peripheral
altitude_step,29.5,0,192.5,60.25,50.0,5.0249,peripheral
altitude_step,29.5,1,192.5,59.75,10.0,5.0249,peripheral
altitude_step,29.5,2,207.5,60.0,30.0,5.0,relay_anchor
altitude_step,29.5,3,222.5,30.25,10.0,5.0249,peripheral
altitude_step,29.5,4,222.5,89.75,50.0,5.0249,peripheral
altitude_step,29.75,0,193.75,60.125,50.0,5.0249,peripheral
altitude_step,29.75,1,193.75,59.875,10.0,5.0249,peripheral
altitude_step,29.75,2,208.75,60.0,30.0,5.0,relay_anchor
altitude_step,29.75,3,223.75,30.125,10.0,5.0249,peripheral
altitude_step,29.75,4,223.75,89.875,50.0,5.0249,peripheral
altitude_step,30.0,0,195.0,60.0,50.0,5.0249,peripheral
altitude_step,30.0,1,195.0,60.0,10.0,5.0249,peripheral
altitude_step,30.0,2,210.0,60.0,30.0,5.0,relay_anchor
altitude_step,30.0,3,225.0,30.0,10.0,5.0249,peripheral
altitude_step,30.0,4,225.0,90.0,50.0,5.0249,peripheral
altitude_step,30.25,0,196.25,59.875,50.0,5.0249,peripheral
altitude_step,30.25,1,196.25,60.125,10.0,5.0249,peripheral
altitude_step,30.25,2,211.25,60.0,30.0,5.0,relay_anchor
altitude_step,30.25,3,226.25,29.875,10.0,5.0249,peripheral
altitude_step,30.25,4,226.25,90.125,50.0,5.0249,peripheral
altitude_step,30.5,0,197.5,59.75,50.0,5.0249,peripheral
altitude_step,30.5,1,197.5,60.25,10.0,5.0249,peripheral
altitude_step,30.5,2,212.5,60.0,30.0,5.0,relay_anchor
altitude_step,30.5,3,227.5,29.75,10.0,5.0249,peripheral
altitude_step,30.5,4,227.5,90.25,50.0,5.0249,peripheral
altitude_step,30.75,0,198.75,59.625,50.0,5.0249,peripheral
altitude_step,30.75,1,198.75,60.375,10.0,5.0249,peripheral
altitude_step,30.75,2,213.75,60.0,30.0,5.0,relay_anchor
altitude_step,30.75,3,228.75,29.625,10.0,5.0249,peripheral
altitude_step,30.75,4,228.75,90.375,50.0,5.0249,peripheral
altitude_step,31.0,0,200.0,59.5,50.0,5.0249,peripheral
altitude_step,31.0,1,200.0,60.5,10.0,5.0249,peripheral
altitude_step,31.0,2,215.0,60.0,30.0,5.0,relay_anchor
altitude_step,31.0,3,230.0,29.5,10.0,5.0249,peripheral
altitude_step,31.0,4,230.0,90.5,50.0,5.0249,peripheral
altitude_step,31.25,0,201.25,59.375,50.0,5.0249,peripheral
altitude_step,31.25,1,201.25,60.625,10.0,5.0249,peripheral
altitude_step,31.25,2,216.25,60.0,30.0,5.0,relay_anchor
altitude_step,31.25,3,231.25,29.375,10.0,5.0249,peripheral
altitude_step,31.25,4,231.25,90.625,50.0,5.0249,peripheral
altitude_step,31.5,0,202.5,59.25,50.0,5.0249,peripheral
altitude_step,31.5,1,202.5,60.75,10.0,5.0249,peripheral
altitude_step,31.5,2,217.5,60.0,30.0,5.0,relay_anchor
altitude_step,31.5,3,232.5,29.25,10.0,5.0249,peripheral
altitude_step,31.5,4,232.5,90.75,50.0,5.0249,peripheral
altitude_step,31.75,0,203.75,59.125,50.0,5.0249,peripheral
altitude_step,31.75,1,203.75,60.875,10.0,5.0249,peripheral
altitude_step,31.75,2,218.75,60.0,30.0,5.0,relay_anchor
altitude_step,31.75,3,233.75,29.125,10.0,5.0249,peripheral
altitude_step,31.75,4,233.75,90.875,50.0,5.0249,peripheral
altitude_step,32.0,0,205.0,59.0,50.0,5.0249,peripheral
altitude_step,32.0,1,205.0,61.0,10.0,5.0249,peripheral
altitude_step,32.0,2,220.0,60.0,30.0,5.0,relay_anchor
altitude_step,32.0,3,235.0,29.0,10.0,5.0249,peripheral
altitude_step,32.0,4,235.0,91.0,50.0,5.0249,peripheral
altitude_step,32.25,0,206.25,58.875,50.0,5.0249,peripheral
altitude_step,32.25,1,206.25,61.125,10.0,5.0249,peripheral
altitude_step,32.25,2,221.25,60.0,30.0,5.0,relay_anchor
altitude_step,32.25,3,236.25,28.875,10.0,5.0249,peripheral
altitude_step,32.25,4,236.25,91.125,50.0,5.0249,peripheral
altitude_step,32.5,0,207.5,58.75,50.0,5.0249,peripheral
altitude_step,32.5,1,207.5,61.25,10.0,5.0249,peripheral
altitude_step,32.5,2,222.5,60.0,30.0,5.0,relay_anchor
altitude_step,32.5,3,237.5,28.75,10.0,5.0249,peripheral
altitude_step,32.5,4,237.5,91.25,50.0,5.0249,peripheral
altitude_step,32.75,0,208.75,58.625,50.0,5.0249,peripheral
altitude_step,32.75,1,208.75,61.375,10.0,5.0249,peripheral
altitude_step,32.75,2,223.75,60.0,30.0,5.0,relay_anchor
altitude_step,32.75,3,238.75,28.625,10.0,5.0249,peripheral
altitude_step,32.75,4,238.75,91.375,50.0,5.0249,peripheral
altitude_step,33.0,0,210.0,58.5,50.0,5.0249,peripheral
altitude_step,33.0,1,210.0,61.5,10.0,5.0249,peripheral
altitude_step,33.0,2,225.0,60.0,30.0,5.0,relay_anchor
altitude_step,33.0,3,240.0,28.5,10.0,5.0249,peripheral
altitude_step,33.0,4,240.0,91.5,50.0,5.0249,peripheral
altitude_step,33.25,0,211.25,58.375,50.0,5.0249,peripheral
altitude_step,33.25,1,211.25,61.625,10.0,5.0249,peripheral
altitude_step,33.25,2,226.25,60.0,30.0,5.0,relay_anchor
altitude_step,33.25,3,241.25,28.375,10.0,5.0249,peripheral
altitude_step,33.25,4,241.25,91.625,50.0,5.0249,peripheral
altitude_step,33.5,0,212.5,58.25,50.0,5.0249,peripheral
altitude_step,33.5,1,212.5,61.75,10.0,5.0249,peripheral
altitude_step,33.5,2,227.5,60.0,30.0,5.0,relay_anchor
altitude_step,33.5,3,242.5,28.25,10.0,5.0249,peripheral
altitude_step,33.5,4,242.5,91.75,50.0,5.0249,peripheral
altitude_step,33.75,0,213.75,58.125,50.0,5.0249,peripheral
altitude_step,33.75,1,213.75,61.875,10.0,5.0249,peripheral
altitude_step,33.75,2,228.75,60.0,30.0,5.0,relay_anchor
altitude_step,33.75,3,243.75,28.125,10.0,5.0249,peripheral
altitude_step,33.75,4,243.75,91.875,50.0,5.0249,peripheral
altitude_step,34.0,0,215.0,58.0,50.0,5.0249,peripheral
altitude_step,34.0,1,215.0,62.0,10.0,5.0249,peripheral
altitude_step,34.0,2,230.0,60.0,30.0,5.0,relay_anchor
altitude_step,34.0,3,245.0,28.0,10.0,5.0249,peripheral
altitude_step,34.0,4,245.0,92.0,50.0,5.0249,peripheral
altitude_step,34.25,0,216.25,57.875,50.0,5.0249,peripheral
altitude_step,34.25,1,216.25,62.125,10.0,5.0249,peripheral
altitude_step,34.25,2,231.25,60.0,30.0,5.0,relay_anchor
altitude_step,34.25,3,246.25,27.875,10.0,5.0249,peripheral
altitude_step,34.25,4,246.25,92.125,50.0,5.0249,peripheral
altitude_step,34.5,0,217.5,57.75,50.0,5.0249,peripheral
altitude_step,34.5,1,217.5,62.25,10.0,5.0249,peripheral
altitude_step,34.5,2,232.5,60.0,30.0,5.0,relay_anchor
altitude_step,34.5,3,247.5,27.75,10.0,5.0249,peripheral
altitude_step,34.5,4,247.5,92.25,50.0,5.0249,peripheral
altitude_step,34.75,0,218.75,57.625,50.0,5.0249,peripheral
altitude_step,34.75,1,218.75,62.375,10.0,5.0249,peripheral
altitude_step,34.75,2,233.75,60.0,30.0,5.0,relay_anchor
altitude_step,34.75,3,248.75,27.625,10.0,5.0249,peripheral
altitude_step,34.75,4,248.75,92.375,50.0,5.0249,peripheral
altitude_step,35.0,0,220.0,57.5,50.0,5.0249,peripheral
altitude_step,35.0,1,220.0,62.5,10.0,5.0249,peripheral
altitude_step,35.0,2,235.0,60.0,30.0,5.0,relay_anchor
altitude_step,35.0,3,250.0,27.5,10.0,5.0249,peripheral
altitude_step,35.0,4,250.0,92.5,50.0,5.0249,peripheral
altitude_step,35.25,0,221.25,57.375,50.0,5.0249,peripheral
altitude_step,35.25,1,221.25,62.625,10.0,5.0249,peripheral
altitude_step,35.25,2,236.25,60.0,30.0,5.0,relay_anchor
altitude_step,35.25,3,251.25,27.375,10.0,5.0249,peripheral
altitude_step,35.25,4,251.25,92.625,50.0,5.0249,peripheral
altitude_step,35.5,0,222.5,57.25,50.0,5.0249,peripheral
altitude_step,35.5,1,222.5,62.75,10.0,5.0249,peripheral
altitude_step,35.5,2,237.5,60.0,30.0,5.0,relay_anchor
altitude_step,35.5,3,252.5,27.25,10.0,5.0249,peripheral
altitude_step,35.5,4,252.5,92.75,50.0,5.0249,peripheral
altitude_step,35.75,0,223.75,57.125,50.0,5.0249,peripheral
altitude_step,35.75,1,223.75,62.875,10.0,5.0249,peripheral
altitude_step,35.75,2,238.75,60.0,30.0,5.0,relay_anchor
altitude_step,35.75,3,253.75,27.125,10.0,5.0249,peripheral
altitude_step,35.75,4,253.75,92.875,50.0,5.0249,peripheral
altitude_step,36.0,0,225.0,57.0,50.0,5.0249,peripheral
altitude_step,36.0,1,225.0,63.0,10.0,5.0249,peripheral
altitude_step,36.0,2,240.0,60.0,30.0,5.0,relay_anchor
altitude_step,36.0,3,255.0,27.0,10.0,5.0249,peripheral
altitude_step,36.0,4,255.0,93.0,50.0,5.0249,peripheral
altitude_step,36.25,0,226.25,56.875,50.0,5.0249,peripheral
altitude_step,36.25,1,226.25,63.125,10.0,5.0249,peripheral
altitude_step,36.25,2,241.25,60.0,30.0,5.0,relay_anchor
altitude_step,36.25,3,256.25,26.875,10.0,5.0249,peripheral
altitude_step,36.25,4,256.25,93.125,50.0,5.0249,peripheral
altitude_step,36.5,0,227.5,56.75,50.0,5.0249,peripheral
altitude_step,36.5,1,227.5,63.25,10.0,5.0249,peripheral
altitude_step,36.5,2,242.5,60.0,30.0,5.0,relay_anchor
altitude_step,36.5,3,257.5,26.75,10.0,5.0249,peripheral
altitude_step,36.5,4,257.5,93.25,50.0,5.0249,peripheral
altitude_step,36.75,0,228.75,56.625,50.0,5.0249,peripheral
altitude_step,36.75,1,228.75,63.375,10.0,5.0249,peripheral
altitude_step,36.75,2,243.75,60.0,30.0,5.0,relay_anchor
altitude_step,36.75,3,258.75,26.625,10.0,5.0249,peripheral
altitude_step,36.75,4,258.75,93.375,50.0,5.0249,peripheral
altitude_step,37.0,0,230.0,56.5,50.0,5.0249,peripheral
altitude_step,37.0,1,230.0,63.5,10.0,5.0249,peripheral
altitude_step,37.0,2,245.0,60.0,30.0,5.0,relay_anchor
altitude_step,37.0,3,260.0,26.5,10.0,5.0249,peripheral
altitude_step,37.0,4,260.0,93.5,50.0,5.0249,peripheral
altitude_step,37.25,0,231.25,56.375,50.0,5.0249,peripheral
altitude_step,37.25,1,231.25,63.625,10.0,5.0249,peripheral
altitude_step,37.25,2,246.25,60.0,30.0,5.0,relay_anchor
altitude_step,37.25,3,261.25,26.375,10.0,5.0249,peripheral
altitude_step,37.25,4,261.25,93.625,50.0,5.0249,peripheral
altitude_step,37.5,0,232.5,56.25,50.0,5.0249,peripheral
altitude_step,37.5,1,232.5,63.75,10.0,5.0249,peripheral
altitude_step,37.5,2,247.5,60.0,30.0,5.0,relay_anchor
altitude_step,37.5,3,262.5,26.25,10.0,5.0249,peripheral
altitude_step,37.5,4,262.5,93.75,50.0,5.0249,peripheral
altitude_step,37.75,0,233.75,56.125,50.0,5.0249,peripheral
altitude_step,37.75,1,233.75,63.875,10.0,5.0249,peripheral
altitude_step,37.75,2,248.75,60.0,30.0,5.0,relay_anchor
altitude_step,37.75,3,263.75,26.125,10.0,5.0249,peripheral
altitude_step,37.75,4,263.75,93.875,50.0,5.0249,peripheral
altitude_step,38.0,0,235.0,56.0,50.0,5.0249,peripheral
altitude_step,38.0,1,235.0,64.0,10.0,5.0249,peripheral
altitude_step,38.0,2,250.0,60.0,30.0,5.0,relay_anchor
altitude_step,38.0,3,265.0,26.0,10.0,5.0249,peripheral
altitude_step,38.0,4,265.0,94.0,50.0,5.0249,peripheral
altitude_step,38.25,0,236.25,55.875,50.0,5.0249,peripheral
altitude_step,38.25,1,236.25,64.125,10.0,5.0249,peripheral
altitude_step,38.25,2,251.25,60.0,30.0,5.0,relay_anchor
altitude_step,38.25,3,266.25,25.875,10.0,5.0249,peripheral
altitude_step,38.25,4,266.25,94.125,50.0,5.0249,peripheral
altitude_step,38.5,0,237.5,55.75,50.0,5.0249,peripheral
altitude_step,38.5,1,237.5,64.25,10.0,5.0249,peripheral
altitude_step,38.5,2,252.5,60.0,30.0,5.0,relay_anchor
altitude_step,38.5,3,267.5,25.75,10.0,5.0249,peripheral
altitude_step,38.5,4,267.5,94.25,50.0,5.0249,peripheral
altitude_step,38.75,0,238.75,55.625,50.0,5.0249,peripheral
altitude_step,38.75,1,238.75,64.375,10.0,5.0249,peripheral
altitude_step,38.75,2,253.75,60.0,30.0,5.0,relay_anchor
altitude_step,38.75,3,268.75,25.625,10.0,5.0249,peripheral
altitude_step,38.75,4,268.75,94.375,50.0,5.0249,peripheral
altitude_step,39.0,0,240.0,55.5,50.0,5.0249,peripheral
altitude_step,39.0,1,240.0,64.5,10.0,5.0249,peripheral
altitude_step,39.0,2,255.0,60.0,30.0,5.0,relay_anchor
altitude_step,39.0,3,270.0,25.5,10.0,5.0249,peripheral
altitude_step,39.0,4,270.0,94.5,50.0,5.0249,peripheral
altitude_step,39.25,0,241.25,55.375,50.0,5.0249,peripheral
altitude_step,39.25,1,241.25,64.625,10.0,5.0249,peripheral
altitude_step,39.25,2,256.25,60.0,30.0,5.0,relay_anchor
altitude_step,39.25,3,271.25,25.375,10.0,5.0249,peripheral
altitude_step,39.25,4,271.25,94.625,50.0,5.0249,peripheral
altitude_step,39.5,0,242.5,55.25,50.0,5.0249,peripheral
altitude_step,39.5,1,242.5,64.75,10.0,5.0249,peripheral
altitude_step,39.5,2,257.5,60.0,30.0,5.0,relay_anchor
altitude_step,39.5,3,272.5,25.25,10.0,5.0249,peripheral
altitude_step,39.5,4,272.5,94.75,50.0,5.0249,peripheral
altitude_step,39.75,0,243.75,55.125,50.0,5.0249,peripheral
altitude_step,39.75,1,243.75,64.875,10.0,5.0249,peripheral
altitude_step,39.75,2,258.75,60.0,30.0,5.0,relay_anchor
altitude_step,39.75,3,273.75,25.125,10.0,5.0249,peripheral
altitude_step,39.75,4,273.75,94.875,50.0,5.0249,peripheral
altitude_step,40.0,0,245.0,55.0,50.0,5.0249,peripheral
altitude_step,40.0,1,245.0,65.0,10.0,5.0249,peripheral
altitude_step,40.0,2,260.0,60.0,30.0,5.0,relay_anchor
altitude_step,40.0,3,275.0,25.0,10.0,5.0249,peripheral
altitude_step,40.0,4,275.0,95.0,50.0,5.0249,peripheral
altitude_step,40.25,0,246.25,54.875,50.0,5.0249,peripheral
altitude_step,40.25,1,246.25,65.125,10.0,5.0249,peripheral
altitude_step,40.25,2,261.25,60.0,30.0,5.0,relay_anchor
altitude_step,40.25,3,276.25,24.875,10.0,5.0249,peripheral
altitude_step,40.25,4,276.25,95.125,50.0,5.0249,peripheral
altitude_step,40.5,0,247.5,54.75,50.0,5.0249,peripheral
altitude_step,40.5,1,247.5,65.25,10.0,5.0249,peripheral
altitude_step,40.5,2,262.5,60.0,30.0,5.0,relay_anchor
altitude_step,40.5,3,277.5,24.75,10.0,5.0249,peripheral
altitude_step,40.5,4,277.5,95.25,50.0,5.0249,peripheral
altitude_step,40.75,0,248.75,54.625,50.0,5.0249,peripheral
altitude_step,40.75,1,248.75,65.375,10.0,5.0249,peripheral
altitude_step,40.75,2,263.75,60.0,30.0,5.0,relay_anchor
altitude_step,40.75,3,278.75,24.625,10.0,5.0249,peripheral
altitude_step,40.75,4,278.75,95.375,50.0,5.0249,peripheral
altitude_step,41.0,0,250.0,54.5,50.0,5.0249,peripheral
altitude_step,41.0,1,250.0,65.5,10.0,5.0249,peripheral
altitude_step,41.0,2,265.0,60.0,30.0,5.0,relay_anchor
altitude_step,41.0,3,280.0,24.5,10.0,5.0249,peripheral
altitude_step,41.0,4,280.0,95.5,50.0,5.0249,peripheral
altitude_step,41.25,0,251.25,54.375,50.0,5.0249,peripheral
altitude_step,41.25,1,251.25,65.625,10.0,5.0249,peripheral
altitude_step,41.25,2,266.25,60.0,30.0,5.0,relay_anchor
altitude_step,41.25,3,281.25,24.375,10.0,5.0249,peripheral
altitude_step,41.25,4,281.25,95.625,50.0,5.0249,peripheral
altitude_step,41.5,0,252.5,54.25,50.0,5.0249,peripheral
altitude_step,41.5,1,252.5,65.75,10.0,5.0249,peripheral
altitude_step,41.5,2,267.5,60.0,30.0,5.0,relay_anchor
altitude_step,41.5,3,282.5,24.25,10.0,5.0249,peripheral
altitude_step,41.5,4,282.5,95.75,50.0,5.0249,peripheral
altitude_step,41.75,0,253.75,54.125,50.0,5.0249,peripheral
altitude_step,41.75,1,253.75,65.875,10.0,5.0249,peripheral
altitude_step,41.75,2,268.75,60.0,30.0,5.0,relay_anchor
altitude_step,41.75,3,283.75,24.125,10.0,5.0249,peripheral
altitude_step,41.75,4,283.75,95.875,50.0,5.0249,peripheral
altitude_step,42.0,0,255.0,54.0,50.0,5.0249,peripheral
altitude_step,42.0,1,255.0,66.0,10.0,5.0249,peripheral
altitude_step,42.0,2,270.0,60.0,30.0,5.0,relay_anchor
altitude_step,42.0,3,285.0,24.0,10.0,5.0249,peripheral
altitude_step,42.0,4,285.0,96.0,50.0,5.0249,peripheral
altitude_step,42.25,0,256.25,53.875,50.0,5.0249,peripheral
altitude_step,42.25,1,256.25,66.125,10.0,5.0249,peripheral
altitude_step,42.25,2,271.25,60.0,30.0,5.0,relay_anchor
altitude_step,42.25,3,286.25,23.875,10.0,5.0249,peripheral
altitude_step,42.25,4,286.25,96.125,50.0,5.0249,peripheral
altitude_step,42.5,0,257.5,53.75,50.0,5.0249,peripheral
altitude_step,42.5,1,257.5,66.25,10.0,5.0249,peripheral
altitude_step,42.5,2,272.5,60.0,30.0,5.0,relay_anchor
altitude_step,42.5,3,287.5,23.75,10.0,5.0249,peripheral
altitude_step,42.5,4,287.5,96.25,50.0,5.0249,peripheral
altitude_step,42.75,0,258.75,53.625,50.0,5.0249,peripheral
altitude_step,42.75,1,258.75,66.375,10.0,5.0249,peripheral
altitude_step,42.75,2,273.75,60.0,30.0,5.0,relay_anchor
altitude_step,42.75,3,288.75,23.625,10.0,5.0249,peripheral
altitude_step,42.75,4,288.75,96.375,50.0,5.0249,peripheral
altitude_step,43.0,0,260.0,53.5,50.0,5.0249,peripheral
altitude_step,43.0,1,260.0,66.5,10.0,5.0249,peripheral
altitude_step,43.0,2,275.0,60.0,30.0,5.0,relay_anchor
altitude_step,43.0,3,290.0,23.5,10.0,5.0249,peripheral
altitude_step,43.0,4,290.0,96.5,50.0,5.0249,peripheral
altitude_step,43.25,0,261.25,53.375,50.0,5.0249,peripheral
altitude_step,43.25,1,261.25,66.625,10.0,5.0249,peripheral
altitude_step,43.25,2,276.25,60.0,30.0,5.0,relay_anchor
altitude_step,43.25,3,291.25,23.375,10.0,5.0249,peripheral
altitude_step,43.25,4,291.25,96.625,50.0,5.0249,peripheral
altitude_step,43.5,0,262.5,53.25,50.0,5.0249,peripheral
altitude_step,43.5,1,262.5,66.75,10.0,5.0249,peripheral
altitude_step,43.5,2,277.5,60.0,30.0,5.0,relay_anchor
altitude_step,43.5,3,292.5,23.25,10.0,5.0249,peripheral
altitude_step,43.5,4,292.5,96.75,50.0,5.0249,peripheral
altitude_step,43.75,0,263.75,53.125,50.0,5.0249,peripheral
altitude_step,43.75,1,263.75,66.875,10.0,5.0249,peripheral
altitude_step,43.75,2,278.75,60.0,30.0,5.0,relay_anchor
altitude_step,43.75,3,293.75,23.125,10.0,5.0249,peripheral
altitude_step,43.75,4,293.75,96.875,50.0,5.0249,peripheral
altitude_step,44.0,0,265.0,53.0,50.0,5.0249,peripheral
altitude_step,44.0,1,265.0,67.0,10.0,5.0249,peripheral
altitude_step,44.0,2,280.0,60.0,30.0,5.0,relay_anchor
altitude_step,44.0,3,295.0,23.0,10.0,5.0249,peripheral
altitude_step,44.0,4,295.0,97.0,50.0,5.0249,peripheral
altitude_step,44.25,0,266.25,52.875,50.0,5.0249,peripheral
altitude_step,44.25,1,266.25,67.125,10.0,5.0249,peripheral
altitude_step,44.25,2,281.25,60.0,30.0,5.0,relay_anchor
altitude_step,44.25,3,296.25,22.875,10.0,5.0249,peripheral
altitude_step,44.25,4,296.25,97.125,50.0,5.0249,peripheral
altitude_step,44.5,0,267.5,52.75,50.0,5.0249,peripheral
altitude_step,44.5,1,267.5,67.25,10.0,5.0249,peripheral
altitude_step,44.5,2,282.5,60.0,30.0,5.0,relay_anchor
altitude_step,44.5,3,297.5,22.75,10.0,5.0249,peripheral
altitude_step,44.5,4,297.5,97.25,50.0,5.0249,peripheral
altitude_step,44.75,0,268.75,52.625,50.0,5.0249,peripheral
altitude_step,44.75,1,268.75,67.375,10.0,5.0249,peripheral
altitude_step,44.75,2,283.75,60.0,30.0,5.0,relay_anchor
altitude_step,44.75,3,298.75,22.625,10.0,5.0249,peripheral
altitude_step,44.75,4,298.75,97.375,50.0,5.0249,peripheral
altitude_step,45.0,0,270.0,52.5,50.0,5.0249,peripheral
altitude_step,45.0,1,270.0,67.5,10.0,5.0249,peripheral
altitude_step,45.0,2,285.0,60.0,30.0,5.0,relay_anchor
altitude_step,45.0,3,300.0,22.5,10.0,5.0249,peripheral
altitude_step,45.0,4,300.0,97.5,50.0,5.0249,peripheral
altitude_step,45.25,0,271.25,52.375,50.0,5.0249,peripheral
altitude_step,45.25,1,271.25,67.625,10.0,5.0249,peripheral
altitude_step,45.25,2,286.25,60.0,30.0,5.0,relay_anchor
altitude_step,45.25,3,301.25,22.375,10.0,5.0249,peripheral
altitude_step,45.25,4,301.25,97.625,50.0,5.0249,peripheral
altitude_step,45.5,0,272.5,52.25,50.0,5.0249,peripheral
altitude_step,45.5,1,272.5,67.75,10.0,5.0249,peripheral
altitude_step,45.5,2,287.5,60.0,30.0,5.0,relay_anchor
altitude_step,45.5,3,302.5,22.25,10.0,5.0249,peripheral
altitude_step,45.5,4,302.5,97.75,50.0,5.0249,peripheral
altitude_step,45.75,0,273.75,52.125,50.0,5.0249,peripheral
altitude_step,45.75,1,273.75,67.875,10.0,5.0249,peripheral
altitude_step,45.75,2,288.75,60.0,30.0,5.0,relay_anchor
altitude_step,45.75,3,303.75,22.125,10.0,5.0249,peripheral
altitude_step,45.75,4,303.75,97.875,50.0,5.0249,peripheral
altitude_step,46.0,0,275.0,52.0,50.0,5.0249,peripheral
altitude_step,46.0,1,275.0,68.0,10.0,5.0249,peripheral
altitude_step,46.0,2,290.0,60.0,30.0,5.0,relay_anchor
altitude_step,46.0,3,305.0,22.0,10.0,5.0249,peripheral
altitude_step,46.0,4,305.0,98.0,50.0,5.0249,peripheral
altitude_step,46.25,0,276.25,51.875,50.0,5.0249,peripheral
altitude_step,46.25,1,276.25,68.125,10.0,5.0249,peripheral
altitude_step,46.25,2,291.25,60.0,30.0,5.0,relay_anchor
altitude_step,46.25,3,306.25,21.875,10.0,5.0249,peripheral
altitude_step,46.25,4,306.25,98.125,50.0,5.0249,peripheral
altitude_step,46.5,0,277.5,51.75,50.0,5.0249,peripheral
altitude_step,46.5,1,277.5,68.25,10.0,5.0249,peripheral
altitude_step,46.5,2,292.5,60.0,30.0,5.0,relay_anchor
altitude_step,46.5,3,307.5,21.75,10.0,5.0249,peripheral
altitude_step,46.5,4,307.5,98.25,50.0,5.0249,peripheral
altitude_step,46.75,0,278.75,51.625,50.0,5.0249,peripheral
altitude_step,46.75,1,278.75,68.375,10.0,5.0249,peripheral
altitude_step,46.75,2,293.75,60.0,30.0,5.0,relay_anchor
altitude_step,46.75,3,308.75,21.625,10.0,5.0249,peripheral
altitude_step,46.75,4,308.75,98.375,50.0,5.0249,peripheral
altitude_step,47.0,0,280.0,51.5,50.0,5.0249,peripheral
altitude_step,47.0,1,280.0,68.5,10.0,5.0249,peripheral
altitude_step,47.0,2,295.0,60.0,30.0,5.0,relay_anchor
altitude_step,47.0,3,310.0,21.5,10.0,5.0249,peripheral
altitude_step,47.0,4,310.0,98.5,50.0,5.0249,peripheral
altitude_step,47.25,0,281.25,51.375,50.0,5.0249,peripheral
altitude_step,47.25,1,281.25,68.625,10.0,5.0249,peripheral
altitude_step,47.25,2,296.25,60.0,30.0,5.0,relay_anchor
altitude_step,47.25,3,311.25,21.375,10.0,5.0249,peripheral
altitude_step,47.25,4,311.25,98.625,50.0,5.0249,peripheral
altitude_step,47.5,0,282.5,51.25,50.0,5.0249,peripheral
altitude_step,47.5,1,282.5,68.75,10.0,5.0249,peripheral
altitude_step,47.5,2,297.5,60.0,30.0,5.0,relay_anchor
altitude_step,47.5,3,312.5,21.25,10.0,5.0249,peripheral
altitude_step,47.5,4,312.5,98.75,50.0,5.0249,peripheral
altitude_step,47.75,0,283.75,51.125,50.0,5.0249,peripheral
altitude_step,47.75,1,283.75,68.875,10.0,5.0249,peripheral
altitude_step,47.75,2,298.75,60.0,30.0,5.0,relay_anchor
altitude_step,47.75,3,313.75,21.125,10.0,5.0249,peripheral
altitude_step,47.75,4,313.75,98.875,50.0,5.0249,peripheral
altitude_step,48.0,0,285.0,51.0,50.0,5.0249,peripheral
altitude_step,48.0,1,285.0,69.0,10.0,5.0249,peripheral
altitude_step,48.0,2,300.0,60.0,30.0,5.0,relay_anchor
altitude_step,48.0,3,315.0,21.0,10.0,5.0249,peripheral
altitude_step,48.0,4,315.0,99.0,50.0,5.0249,peripheral
altitude_step,48.25,0,286.25,50.875,50.0,5.0249,peripheral
altitude_step,48.25,1,286.25,69.125,10.0,5.0249,peripheral
altitude_step,48.25,2,301.25,60.0,30.0,5.0,relay_anchor
altitude_step,48.25,3,316.25,20.875,10.0,5.0249,peripheral
altitude_step,48.25,4,316.25,99.125,50.0,5.0249,peripheral
altitude_step,48.5,0,287.5,50.75,50.0,5.0249,peripheral
altitude_step,48.5,1,287.5,69.25,10.0,5.0249,peripheral
altitude_step,48.5,2,302.5,60.0,30.0,5.0,relay_anchor
altitude_step,48.5,3,317.5,20.75,10.0,5.0249,peripheral
altitude_step,48.5,4,317.5,99.25,50.0,5.0249,peripheral
altitude_step,48.75,0,288.75,50.625,50.0,5.0249,peripheral
altitude_step,48.75,1,288.75,69.375,10.0,5.0249,peripheral
altitude_step,48.75,2,303.75,60.0,30.0,5.0,relay_anchor
altitude_step,48.75,3,318.75,20.625,10.0,5.0249,peripheral
altitude_step,48.75,4,318.75,99.375,50.0,5.0249,peripheral
altitude_step,49.0,0,290.0,50.5,50.0,5.0249,peripheral
altitude_step,49.0,1,290.0,69.5,10.0,5.0249,peripheral
altitude_step,49.0,2,305.0,60.0,30.0,5.0,relay_anchor
altitude_step,49.0,3,320.0,20.5,10.0,5.0249,peripheral
altitude_step,49.0,4,320.0,99.5,50.0,5.0249,peripheral
altitude_step,49.25,0,291.25,50.375,50.0,5.0249,peripheral
altitude_step,49.25,1,291.25,69.625,10.0,5.0249,peripheral
altitude_step,49.25,2,306.25,60.0,30.0,5.0,relay_anchor
altitude_step,49.25,3,321.25,20.375,10.0,5.0249,peripheral
altitude_step,49.25,4,321.25,99.625,50.0,5.0249,peripheral
altitude_step,49.5,0,292.5,50.25,50.0,5.0249,peripheral
altitude_step,49.5,1,292.5,69.75,10.0,5.0249,peripheral
altitude_step,49.5,2,307.5,60.0,30.0,5.0,relay_anchor
altitude_step,49.5,3,322.5,20.25,10.0,5.0249,peripheral
altitude_step,49.5,4,322.5,99.75,50.0,5.0249,peripheral
altitude_step,49.75,0,293.75,50.125,50.0,5.0249,peripheral
altitude_step,49.75,1,293.75,69.875,10.0,5.0249,peripheral
altitude_step,49.75,2,308.75,60.0,30.0,5.0,relay_anchor
altitude_step,49.75,3,323.75,20.125,10.0,5.0249,peripheral
altitude_step,49.75,4,323.75,99.875,50.0,5.0249,peripheral
altitude_step,50.0,0,295.0,50.0,50.0,5.0249,peripheral
altitude_step,50.0,1,295.0,70.0,10.0,5.0249,peripheral
altitude_step,50.0,2,310.0,60.0,30.0,5.0,relay_anchor
altitude_step,50.0,3,325.0,20.0,10.0,5.0249,peripheral
altitude_step,50.0,4,325.0,100.0,50.0,5.0249,peripheral
altitude_step,50.25,0,296.25,49.875,50.0,5.0249,peripheral
altitude_step,50.25,1,296.25,70.125,10.0,5.0249,peripheral
altitude_step,50.25,2,311.25,60.0,30.0,5.0,relay_anchor
altitude_step,50.25,3,326.25,19.875,10.0,5.0249,peripheral
altitude_step,50.25,4,326.25,100.125,50.0,5.0249,peripheral
altitude_step,50.5,0,297.5,49.75,50.0,5.0249,peripheral
altitude_step,50.5,1,297.5,70.25,10.0,5.0249,peripheral
altitude_step,50.5,2,312.5,60.0,30.0,5.0,relay_anchor
altitude_step,50.5,3,327.5,19.75,10.0,5.0249,peripheral
altitude_step,50.5,4,327.5,100.25,50.0,5.0249,peripheral
altitude_step,50.75,0,298.75,49.625,50.0,5.0249,peripheral
altitude_step,50.75,1,298.75,70.375,10.0,5.0249,peripheral
altitude_step,50.75,2,313.75,60.0,30.0,5.0,relay_anchor
altitude_step,50.75,3,328.75,19.625,10.0,5.0249,peripheral
altitude_step,50.75,4,328.75,100.375,50.0,5.0249,peripheral
altitude_step,51.0,0,300.0,49.5,50.0,5.0249,peripheral
altitude_step,51.0,1,300.0,70.5,10.0,5.0249,peripheral
altitude_step,51.0,2,315.0,60.0,30.0,5.0,relay_anchor
altitude_step,51.0,3,330.0,19.5,10.0,5.0249,peripheral
altitude_step,51.0,4,330.0,100.5,50.0,5.0249,peripheral
altitude_step,51.25,0,301.25,49.375,50.0,5.0249,peripheral
altitude_step,51.25,1,301.25,70.625,10.0,5.0249,peripheral
altitude_step,51.25,2,316.25,60.0,30.0,5.0,relay_anchor
altitude_step,51.25,3,331.25,19.375,10.0,5.0249,peripheral
altitude_step,51.25,4,331.25,100.625,50.0,5.0249,peripheral
altitude_step,51.5,0,302.5,49.25,50.0,5.0249,peripheral
altitude_step,51.5,1,302.5,70.75,10.0,5.0249,peripheral
altitude_step,51.5,2,317.5,60.0,30.0,5.0,relay_anchor
altitude_step,51.5,3,332.5,19.25,10.0,5.0249,peripheral
altitude_step,51.5,4,332.5,100.75,50.0,5.0249,peripheral
altitude_step,51.75,0,303.75,49.125,50.0,5.0249,peripheral
altitude_step,51.75,1,303.75,70.875,10.0,5.0249,peripheral
altitude_step,51.75,2,318.75,60.0,30.0,5.0,relay_anchor
altitude_step,51.75,3,333.75,19.125,10.0,5.0249,peripheral
altitude_step,51.75,4,333.75,100.875,50.0,5.0249,peripheral
altitude_step,52.0,0,305.0,49.0,50.0,5.0249,peripheral
altitude_step,52.0,1,305.0,71.0,10.0,5.0249,peripheral
altitude_step,52.0,2,320.0,60.0,30.0,5.0,relay_anchor
altitude_step,52.0,3,335.0,19.0,10.0,5.0249,peripheral
altitude_step,52.0,4,335.0,101.0,50.0,5.0249,peripheral
altitude_step,52.25,0,306.25,48.875,50.0,5.0249,peripheral
altitude_step,52.25,1,306.25,71.125,10.0,5.0249,peripheral
altitude_step,52.25,2,321.25,60.0,30.0,5.0,relay_anchor
altitude_step,52.25,3,336.25,18.875,10.0,5.0249,peripheral
altitude_step,52.25,4,336.25,101.125,50.0,5.0249,peripheral
altitude_step,52.5,0,307.5,48.75,50.0,5.0249,peripheral
altitude_step,52.5,1,307.5,71.25,10.0,5.0249,peripheral
altitude_step,52.5,2,322.5,60.0,30.0,5.0,relay_anchor
altitude_step,52.5,3,337.5,18.75,10.0,5.0249,peripheral
altitude_step,52.5,4,337.5,101.25,50.0,5.0249,peripheral
altitude_step,52.75,0,308.75,48.625,50.0,5.0249,peripheral
altitude_step,52.75,1,308.75,71.375,10.0,5.0249,peripheral
altitude_step,52.75,2,323.75,60.0,30.0,5.0,relay_anchor
altitude_step,52.75,3,338.75,18.625,10.0,5.0249,peripheral
altitude_step,52.75,4,338.75,101.375,50.0,5.0249,peripheral
altitude_step,53.0,0,310.0,48.5,50.0,5.0249,peripheral
altitude_step,53.0,1,310.0,71.5,10.0,5.0249,peripheral
altitude_step,53.0,2,325.0,60.0,30.0,5.0,relay_anchor
altitude_step,53.0,3,340.0,18.5,10.0,5.0249,peripheral
altitude_step,53.0,4,340.0,101.5,50.0,5.0249,peripheral
altitude_step,53.25,0,311.25,48.375,50.0,5.0249,peripheral
altitude_step,53.25,1,311.25,71.625,10.0,5.0249,peripheral
altitude_step,53.25,2,326.25,60.0,30.0,5.0,relay_anchor
altitude_step,53.25,3,341.25,18.375,10.0,5.0249,peripheral
altitude_step,53.25,4,341.25,101.625,50.0,5.0249,peripheral
altitude_step,53.5,0,312.5,48.25,50.0,5.0249,peripheral
altitude_step,53.5,1,312.5,71.75,10.0,5.0249,peripheral
altitude_step,53.5,2,327.5,60.0,30.0,5.0,relay_anchor
altitude_step,53.5,3,342.5,18.25,10.0,5.0249,peripheral
altitude_step,53.5,4,342.5,101.75,50.0,5.0249,peripheral
altitude_step,53.75,0,313.75,48.125,50.0,5.0249,peripheral
altitude_step,53.75,1,313.75,71.875,10.0,5.0249,peripheral
altitude_step,53.75,2,328.75,60.0,30.0,5.0,relay_anchor
altitude_step,53.75,3,343.75,18.125,10.0,5.0249,peripheral
altitude_step,53.75,4,343.75,101.875,50.0,5.0249,peripheral
altitude_step,54.0,0,315.0,48.0,50.0,5.0249,peripheral
altitude_step,54.0,1,315.0,72.0,10.0,5.0249,peripheral
altitude_step,54.0,2,330.0,60.0,30.0,5.0,relay_anchor
altitude_step,54.0,3,345.0,18.0,10.0,5.0249,peripheral
altitude_step,54.0,4,345.0,102.0,50.0,5.0249,peripheral
altitude_step,54.25,0,316.25,47.875,50.0,5.0249,peripheral
altitude_step,54.25,1,316.25,72.125,10.0,5.0249,peripheral
altitude_step,54.25,2,331.25,60.0,30.0,5.0,relay_anchor
altitude_step,54.25,3,346.25,17.875,10.0,5.0249,peripheral
altitude_step,54.25,4,346.25,102.125,50.0,5.0249,peripheral
altitude_step,54.5,0,317.5,47.75,50.0,5.0249,peripheral
altitude_step,54.5,1,317.5,72.25,10.0,5.0249,peripheral
altitude_step,54.5,2,332.5,60.0,30.0,5.0,relay_anchor
altitude_step,54.5,3,347.5,17.75,10.0,5.0249,peripheral
altitude_step,54.5,4,347.5,102.25,50.0,5.0249,peripheral
altitude_step,54.75,0,318.75,47.625,50.0,5.0249,peripheral
altitude_step,54.75,1,318.75,72.375,10.0,5.0249,peripheral
altitude_step,54.75,2,333.75,60.0,30.0,5.0,relay_anchor
altitude_step,54.75,3,348.75,17.625,10.0,5.0249,peripheral
altitude_step,54.75,4,348.75,102.375,50.0,5.0249,peripheral
altitude_step,55.0,0,320.0,47.5,50.0,5.0249,peripheral
altitude_step,55.0,1,320.0,72.5,10.0,5.0249,peripheral
altitude_step,55.0,2,335.0,60.0,30.0,5.0,relay_anchor
altitude_step,55.0,3,350.0,17.5,10.0,5.0249,peripheral
altitude_step,55.0,4,350.0,102.5,50.0,5.0249,peripheral
altitude_step,55.25,0,321.25,47.375,50.0,5.0249,peripheral
altitude_step,55.25,1,321.25,72.625,10.0,5.0249,peripheral
altitude_step,55.25,2,336.25,60.0,30.0,5.0,relay_anchor
altitude_step,55.25,3,351.25,17.375,10.0,5.0249,peripheral
altitude_step,55.25,4,351.25,102.625,50.0,5.0249,peripheral
altitude_step,55.5,0,322.5,47.25,50.0,5.0249,peripheral
altitude_step,55.5,1,322.5,72.75,10.0,5.0249,peripheral
altitude_step,55.5,2,337.5,60.0,30.0,5.0,relay_anchor
altitude_step,55.5,3,352.5,17.25,10.0,5.0249,peripheral
altitude_step,55.5,4,352.5,102.75,50.0,5.0249,peripheral
altitude_step,55.75,0,323.75,47.125,50.0,5.0249,peripheral
altitude_step,55.75,1,323.75,72.875,10.0,5.0249,peripheral
altitude_step,55.75,2,338.75,60.0,30.0,5.0,relay_anchor
altitude_step,55.75,3,353.75,17.125,10.0,5.0249,peripheral
altitude_step,55.75,4,353.75,102.875,50.0,5.0249,peripheral
altitude_step,56.0,0,325.0,47.0,50.0,5.0249,peripheral
altitude_step,56.0,1,325.0,73.0,10.0,5.0249,peripheral
altitude_step,56.0,2,340.0,60.0,30.0,5.0,relay_anchor
altitude_step,56.0,3,355.0,17.0,10.0,5.0249,peripheral
altitude_step,56.0,4,355.0,103.0,50.0,5.0249,peripheral
altitude_step,56.25,0,326.25,46.875,50.0,5.0249,peripheral
altitude_step,56.25,1,326.25,73.125,10.0,5.0249,peripheral
altitude_step,56.25,2,341.25,60.0,30.0,5.0,relay_anchor
altitude_step,56.25,3,356.25,16.875,10.0,5.0249,peripheral
altitude_step,56.25,4,356.25,103.125,50.0,5.0249,peripheral
altitude_step,56.5,0,327.5,46.75,50.0,5.0249,peripheral
altitude_step,56.5,1,327.5,73.25,10.0,5.0249,peripheral
altitude_step,56.5,2,342.5,60.0,30.0,5.0,relay_anchor
altitude_step,56.5,3,357.5,16.75,10.0,5.0249,peripheral
altitude_step,56.5,4,357.5,103.25,50.0,5.0249,peripheral
altitude_step,56.75,0,328.75,46.625,50.0,5.0249,peripheral
altitude_step,56.75,1,328.75,73.375,10.0,5.0249,peripheral
altitude_step,56.75,2,343.75,60.0,30.0,5.0,relay_anchor
altitude_step,56.75,3,358.75,16.625,10.0,5.0249,peripheral
altitude_step,56.75,4,358.75,103.375,50.0,5.0249,peripheral
altitude_step,57.0,0,330.0,46.5,50.0,5.0249,peripheral
altitude_step,57.0,1,330.0,73.5,10.0,5.0249,peripheral
altitude_step,57.0,2,345.0,60.0,30.0,5.0,relay_anchor
altitude_step,57.0,3,360.0,16.5,10.0,5.0249,peripheral
altitude_step,57.0,4,360.0,103.5,50.0,5.0249,peripheral
altitude_step,57.25,0,331.25,46.375,50.0,5.0249,peripheral
altitude_step,57.25,1,331.25,73.625,10.0,5.0249,peripheral
altitude_step,57.25,2,346.25,60.0,30.0,5.0,relay_anchor
altitude_step,57.25,3,361.25,16.375,10.0,5.0249,peripheral
altitude_step,57.25,4,361.25,103.625,50.0,5.0249,peripheral
altitude_step,57.5,0,332.5,46.25,50.0,5.0249,peripheral
altitude_step,57.5,1,332.5,73.75,10.0,5.0249,peripheral
altitude_step,57.5,2,347.5,60.0,30.0,5.0,relay_anchor
altitude_step,57.5,3,362.5,16.25,10.0,5.0249,peripheral
altitude_step,57.5,4,362.5,103.75,50.0,5.0249,peripheral
altitude_step,57.75,0,333.75,46.125,50.0,5.0249,peripheral
altitude_step,57.75,1,333.75,73.875,10.0,5.0249,peripheral
altitude_step,57.75,2,348.75,60.0,30.0,5.0,relay_anchor
altitude_step,57.75,3,363.75,16.125,10.0,5.0249,peripheral
altitude_step,57.75,4,363.75,103.875,50.0,5.0249,peripheral
altitude_step,58.0,0,335.0,46.0,50.0,5.0249,peripheral
altitude_step,58.0,1,335.0,74.0,10.0,5.0249,peripheral
altitude_step,58.0,2,350.0,60.0,30.0,5.0,relay_anchor
altitude_step,58.0,3,365.0,16.0,10.0,5.0249,peripheral
altitude_step,58.0,4,365.0,104.0,50.0,5.0249,peripheral
altitude_step,58.25,0,336.25,45.875,50.0,5.0249,peripheral
altitude_step,58.25,1,336.25,74.125,10.0,5.0249,peripheral
altitude_step,58.25,2,351.25,60.0,30.0,5.0,relay_anchor
altitude_step,58.25,3,366.25,15.875,10.0,5.0249,peripheral
altitude_step,58.25,4,366.25,104.125,50.0,5.0249,peripheral
altitude_step,58.5,0,337.5,45.75,50.0,5.0249,peripheral
altitude_step,58.5,1,337.5,74.25,10.0,5.0249,peripheral
altitude_step,58.5,2,352.5,60.0,30.0,5.0,relay_anchor
altitude_step,58.5,3,367.5,15.75,10.0,5.0249,peripheral
altitude_step,58.5,4,367.5,104.25,50.0,5.0249,peripheral
altitude_step,58.75,0,338.75,45.625,50.0,5.0249,peripheral
altitude_step,58.75,1,338.75,74.375,10.0,5.0249,peripheral
altitude_step,58.75,2,353.75,60.0,30.0,5.0,relay_anchor
altitude_step,58.75,3,368.75,15.625,10.0,5.0249,peripheral
altitude_step,58.75,4,368.75,104.375,50.0,5.0249,peripheral
altitude_step,59.0,0,340.0,45.5,50.0,5.0249,peripheral
altitude_step,59.0,1,340.0,74.5,10.0,5.0249,peripheral
altitude_step,59.0,2,355.0,60.0,30.0,5.0,relay_anchor
altitude_step,59.0,3,370.0,15.5,10.0,5.0249,peripheral
altitude_step,59.0,4,370.0,104.5,50.0,5.0249,peripheral
altitude_step,59.25,0,341.25,45.375,50.0,5.0249,peripheral
altitude_step,59.25,1,341.25,74.625,10.0,5.0249,peripheral
altitude_step,59.25,2,356.25,60.0,30.0,5.0,relay_anchor
altitude_step,59.25,3,371.25,15.375,10.0,5.0249,peripheral
altitude_step,59.25,4,371.25,104.625,50.0,5.0249,peripheral
altitude_step,59.5,0,342.5,45.25,50.0,5.0249,peripheral
altitude_step,59.5,1,342.5,74.75,10.0,5.0249,peripheral
altitude_step,59.5,2,357.5,60.0,30.0,5.0,relay_anchor
altitude_step,59.5,3,372.5,15.25,10.0,5.0249,peripheral
altitude_step,59.5,4,372.5,104.75,50.0,5.0249,peripheral
altitude_step,59.75,0,343.75,45.125,50.0,5.0249,peripheral
altitude_step,59.75,1,343.75,74.875,10.0,5.0249,peripheral
altitude_step,59.75,2,358.75,60.0,30.0,5.0,relay_anchor
altitude_step,59.75,3,373.75,15.125,10.0,5.0249,peripheral
altitude_step,59.75,4,373.75,104.875,50.0,5.0249,peripheral
altitude_step,60.0,0,345.0,45.0,50.0,5.0249,peripheral
altitude_step,60.0,1,345.0,75.0,10.0,5.0249,peripheral
altitude_step,60.0,2,360.0,60.0,30.0,5.0,relay_anchor
altitude_step,60.0,3,375.0,15.0,10.0,5.0249,peripheral
altitude_step,60.0,4,375.0,105.0,50.0,5.0249,peripheral
altitude_climb,0.0,0,45.0,75.0,10.0,5.1594,peripheral
altitude_climb,0.0,1,45.0,45.0,10.0,5.1594,peripheral
altitude_climb,0.0,2,60.0,60.0,10.0,5.1351,relay_anchor
altitude_climb,0.0,3,75.0,45.0,10.0,5.1594,peripheral
altitude_climb,0.0,4,75.0,75.0,10.0,5.1594,peripheral
altitude_climb,0.25,0,46.25,74.875,10.2925,5.1594,peripheral
altitude_climb,0.25,1,46.25,45.125,10.2925,5.1594,peripheral
altitude_climb,0.25,2,61.25,60.0,10.2925,5.1351,relay_anchor
altitude_climb,0.25,3,76.25,44.875,10.2925,5.1594,peripheral
altitude_climb,0.25,4,76.25,75.125,10.2925,5.1594,peripheral
altitude_climb,0.5,0,47.5,74.75,10.585,5.1594,peripheral
altitude_climb,0.5,1,47.5,45.25,10.585,5.1594,peripheral
altitude_climb,0.5,2,62.5,60.0,10.585,5.1351,relay_anchor
altitude_climb,0.5,3,77.5,44.75,10.585,5.1594,peripheral
altitude_climb,0.5,4,77.5,75.25,10.585,5.1594,peripheral
altitude_climb,0.75,0,48.75,74.625,10.8775,5.1594,peripheral
altitude_climb,0.75,1,48.75,45.375,10.8775,5.1594,peripheral
altitude_climb,0.75,2,63.75,60.0,10.8775,5.1351,relay_anchor
altitude_climb,0.75,3,78.75,44.625,10.8775,5.1594,peripheral
altitude_climb,0.75,4,78.75,75.375,10.8775,5.1594,peripheral
altitude_climb,1.0,0,50.0,74.5,11.17,5.1594,peripheral
altitude_climb,1.0,1,50.0,45.5,11.17,5.1594,peripheral
altitude_climb,1.0,2,65.0,60.0,11.17,5.1351,relay_anchor
altitude_climb,1.0,3,80.0,44.5,11.17,5.1594,peripheral
altitude_climb,1.0,4,80.0,75.5,11.17,5.1594,peripheral
altitude_climb,1.25,0,51.25,74.375,11.4625,5.1594,peripheral
altitude_climb,1.25,1,51.25,45.625,11.4625,5.1594,peripheral
altitude_climb,1.25,2,66.25,60.0,11.4625,5.1351,relay_anchor
altitude_climb,1.25,3,81.25,44.375,11.4625,5.1594,peripheral
altitude_climb,1.25,4,81.25,75.625,11.4625,5.1594,peripheral
altitude_climb,1.5,0,52.5,74.25,11.755,5.1594,peripheral
altitude_climb,1.5,1,52.5,45.75,11.755,5.1594,peripheral
altitude_climb,1.5,2,67.5,60.0,11.755,5.1351,relay_anchor
altitude_climb,1.5,3,82.5,44.25,11.755,5.1594,peripheral
altitude_climb,1.5,4,82.5,75.75,11.755,5.1594,peripheral
altitude_climb,1.75,0,53.75,74.125,12.0475,5.1594,peripheral
altitude_climb,1.75,1,53.75,45.875,12.0475,5.1594,peripheral
altitude_climb,1.75,2,68.75,60.0,12.0475,5.1351,relay_anchor
altitude_climb,1.75,3,83.75,44.125,12.0475,5.1594,peripheral
altitude_climb,1.75,4,83.75,75.875,12.0475,5.1594,peripheral
altitude_climb,2.0,0,55.0,74.0,12.34,5.1594,peripheral
altitude_climb,2.0,1,55.0,46.0,12.34,5.1594,peripheral
altitude_climb,2.0,2,70.0,60.0,12.34,5.1351,relay_anchor
altitude_climb,2.0,3,85.0,44.0,12.34,5.1594,peripheral
altitude_climb,2.0,4,85.0,76.0,12.34,5.1594,peripheral
altitude_climb,2.25,0,56.25,73.875,12.6325,5.1594,peripheral
altitude_climb,2.25,1,56.25,46.125,12.6325,5.1594,peripheral
altitude_climb,2.25,2,71.25,60.0,12.6325,5.1351,relay_anchor
altitude_climb,2.25,3,86.25,43.875,12.6325,5.1594,peripheral
altitude_climb,2.25,4,86.25,76.125,12.6325,5.1594,peripheral
altitude_climb,2.5,0,57.5,73.75,12.925,5.1594,peripheral
altitude_climb,2.5,1,57.5,46.25,12.925,5.1594,peripheral
altitude_climb,2.5,2,72.5,60.0,12.925,5.1351,relay_anchor
altitude_climb,2.5,3,87.5,43.75,12.925,5.1594,peripheral
altitude_climb,2.5,4,87.5,76.25,12.925,5.1594,peripheral
altitude_climb,2.75,0,58.75,73.625,13.2175,5.1594,peripheral
altitude_climb,2.75,1,58.75,46.375,13.2175,5.1594,peripheral
altitude_climb,2.75,2,73.75,60.0,13.2175,5.1351,relay_anchor
altitude_climb,2.75,3,88.75,43.625,13.2175,5.1594,peripheral
altitude_climb,2.75,4,88.75,76.375,13.2175,5.1594,peripheral
altitude_climb,3.0,0,60.0,73.5,13.51,5.1594,peripheral
altitude_climb,3.0,1,60.0,46.5,13.51,5.1594,peripheral
altitude_climb,3.0,2,75.0,60.0,13.51,5.1351,relay_anchor
altitude_climb,3.0,3,90.0,43.5,13.51,5.1594,peripheral
altitude_climb,3.0,4,90.0,76.5,13.51,5.1594,peripheral
altitude_climb,3.25,0,61.25,73.375,13.8025,5.1594,peripheral
altitude_climb,3.25,1,61.25,46.625,13.8025,5.1594,peripheral
altitude_climb,3.25,2,76.25,60.0,13.8025,5.1351,relay_anchor
altitude_climb,3.25,3,91.25,43.375,13.8025,5.1594,peripheral
altitude_climb,3.25,4,91.25,76.625,13.8025,5.1594,peripheral
altitude_climb,3.5,0,62.5,73.25,14.095,5.1594,peripheral
altitude_climb,3.5,1,62.5,46.75,14.095,5.1594,peripheral
altitude_climb,3.5,2,77.5,60.0,14.095,5.1351,relay_anchor
altitude_climb,3.5,3,92.5,43.25,14.095,5.1594,peripheral
altitude_climb,3.5,4,92.5,76.75,14.095,5.1594,peripheral
altitude_climb,3.75,0,63.75,73.125,14.3875,5.1594,peripheral
altitude_climb,3.75,1,63.75,46.875,14.3875,5.1594,peripheral
altitude_climb,3.75,2,78.75,60.0,14.3875,5.1351,relay_anchor
altitude_climb,3.75,3,93.75,43.125,14.3875,5.1594,peripheral
altitude_climb,3.75,4,93.75,76.875,14.3875,5.1594,peripheral
altitude_climb,4.0,0,65.0,73.0,14.68,5.1594,peripheral
altitude_climb,4.0,1,65.0,47.0,14.68,5.1594,peripheral
altitude_climb,4.0,2,80.0,60.0,14.68,5.1351,relay_anchor
altitude_climb,4.0,3,95.0,43.0,14.68,5.1594,peripheral
altitude_climb,4.0,4,95.0,77.0,14.68,5.1594,peripheral
altitude_climb,4.25,0,66.25,72.875,14.9725,5.1594,peripheral
altitude_climb,4.25,1,66.25,47.125,14.9725,5.1594,peripheral
altitude_climb,4.25,2,81.25,60.0,14.9725,5.1351,relay_anchor
altitude_climb,4.25,3,96.25,42.875,14.9725,5.1594,peripheral
altitude_climb,4.25,4,96.25,77.125,14.9725,5.1594,peripheral
altitude_climb,4.5,0,67.5,72.75,15.265,5.1594,peripheral
altitude_climb,4.5,1,67.5,47.25,15.265,5.1594,peripheral
altitude_climb,4.5,2,82.5,60.0,15.265,5.1351,relay_anchor
altitude_climb,4.5,3,97.5,42.75,15.265,5.1594,peripheral
altitude_climb,4.5,4,97.5,77.25,15.265,5.1594,peripheral
altitude_climb,4.75,0,68.75,72.625,15.5575,5.1594,peripheral
altitude_climb,4.75,1,68.75,47.375,15.5575,5.1594,peripheral
altitude_climb,4.75,2,83.75,60.0,15.5575,5.1351,relay_anchor
altitude_climb,4.75,3,98.75,42.625,15.5575,5.1594,peripheral
altitude_climb,4.75,4,98.75,77.375,15.5575,5.1594,peripheral
altitude_climb,5.0,0,70.0,72.5,15.85,5.1594,peripheral
altitude_climb,5.0,1,70.0,47.5,15.85,5.1594,peripheral
altitude_climb,5.0,2,85.0,60.0,15.85,5.1351,relay_anchor
altitude_climb,5.0,3,100.0,42.5,15.85,5.1594,peripheral
altitude_climb,5.0,4,100.0,77.5,15.85,5.1594,peripheral
altitude_climb,5.25,0,71.25,72.375,16.1425,5.1594,peripheral
altitude_climb,5.25,1,71.25,47.625,16.1425,5.1594,peripheral
altitude_climb,5.25,2,86.25,60.0,16.1425,5.1351,relay_anchor
altitude_climb,5.25,3,101.25,42.375,16.1425,5.1594,peripheral
altitude_climb,5.25,4,101.25,77.625,16.1425,5.1594,peripheral
altitude_climb,5.5,0,72.5,72.25,16.435,5.1594,peripheral
altitude_climb,5.5,1,72.5,47.75,16.435,5.1594,peripheral
altitude_climb,5.5,2,87.5,60.0,16.435,5.1351,relay_anchor
altitude_climb,5.5,3,102.5,42.25,16.435,5.1594,peripheral
altitude_climb,5.5,4,102.5,77.75,16.435,5.1594,peripheral
altitude_climb,5.75,0,73.75,72.125,16.7275,5.1594,peripheral
altitude_climb,5.75,1,73.75,47.875,16.7275,5.1594,peripheral
altitude_climb,5.75,2,88.75,60.0,16.7275,5.1351,relay_anchor
altitude_climb,5.75,3,103.75,42.125,16.7275,5.1594,peripheral
altitude_climb,5.75,4,103.75,77.875,16.7275,5.1594,peripheral
altitude_climb,6.0,0,75.0,72.0,17.02,5.1594,peripheral
altitude_climb,6.0,1,75.0,48.0,17.02,5.1594,peripheral
altitude_climb,6.0,2,90.0,60.0,17.02,5.1351,relay_anchor
altitude_climb,6.0,3,105.0,42.0,17.02,5.1594,peripheral
altitude_climb,6.0,4,105.0,78.0,17.02,5.1594,peripheral
altitude_climb,6.25,0,76.25,71.875,17.3125,5.1594,peripheral
altitude_climb,6.25,1,76.25,48.125,17.3125,5.1594,peripheral
altitude_climb,6.25,2,91.25,60.0,17.3125,5.1351,relay_anchor
altitude_climb,6.25,3,106.25,41.875,17.3125,5.1594,peripheral
altitude_climb,6.25,4,106.25,78.125,17.3125,5.1594,peripheral
altitude_climb,6.5,0,77.5,71.75,17.605,5.1594,peripheral
altitude_climb,6.5,1,77.5,48.25,17.605,5.1594,peripheral
altitude_climb,6.5,2,92.5,60.0,17.605,5.1351,relay_anchor
altitude_climb,6.5,3,107.5,41.75,17.605,5.1594,peripheral
altitude_climb,6.5,4,107.5,78.25,17.605,5.1594,peripheral
altitude_climb,6.75,0,78.75,71.625,17.8975,5.1594,peripheral
altitude_climb,6.75,1,78.75,48.375,17.8975,5.1594,peripheral
altitude_climb,6.75,2,93.75,60.0,17.8975,5.1351,relay_anchor
altitude_climb,6.75,3,108.75,41.625,17.8975,5.1594,peripheral
altitude_climb,6.75,4,108.75,78.375,17.8975,5.1594,peripheral
altitude_climb,7.0,0,80.0,71.5,18.19,5.1594,peripheral
altitude_climb,7.0,1,80.0,48.5,18.19,5.1594,peripheral
altitude_climb,7.0,2,95.0,60.0,18.19,5.1351,relay_anchor
altitude_climb,7.0,3,110.0,41.5,18.19,5.1594,peripheral
altitude_climb,7.0,4,110.0,78.5,18.19,5.1594,peripheral
altitude_climb,7.25,0,81.25,71.375,18.4825,5.1594,peripheral
altitude_climb,7.25,1,81.25,48.625,18.4825,5.1594,peripheral
altitude_climb,7.25,2,96.25,60.0,18.4825,5.1351,relay_anchor
altitude_climb,7.25,3,111.25,41.375,18.4825,5.1594,peripheral
altitude_climb,7.25,4,111.25,78.625,18.4825,5.1594,peripheral
altitude_climb,7.5,0,82.5,71.25,18.775,5.1594,peripheral
altitude_climb,7.5,1,82.5,48.75,18.775,5.1594,peripheral
altitude_climb,7.5,2,97.5,60.0,18.775,5.1351,relay_anchor
altitude_climb,7.5,3,112.5,41.25,18.775,5.1594,peripheral
altitude_climb,7.5,4,112.5,78.75,18.775,5.1594,peripheral
altitude_climb,7.75,0,83.75,71.125,19.0675,5.1594,peripheral
altitude_climb,7.75,1,83.75,48.875,19.0675,5.1594,peripheral
altitude_climb,7.75,2,98.75,60.0,19.0675,5.1351,relay_anchor
altitude_climb,7.75,3,113.75,41.125,19.0675,5.1594,peripheral
altitude_climb,7.75,4,113.75,78.875,19.0675,5.1594,peripheral
altitude_climb,8.0,0,85.0,71.0,19.36,5.1594,peripheral
altitude_climb,8.0,1,85.0,49.0,19.36,5.1594,peripheral
altitude_climb,8.0,2,100.0,60.0,19.36,5.1351,relay_anchor
altitude_climb,8.0,3,115.0,41.0,19.36,5.1594,peripheral
altitude_climb,8.0,4,115.0,79.0,19.36,5.1594,peripheral
altitude_climb,8.25,0,86.25,70.875,19.6525,5.1594,peripheral
altitude_climb,8.25,1,86.25,49.125,19.6525,5.1594,peripheral
altitude_climb,8.25,2,101.25,60.0,19.6525,5.1351,relay_anchor
altitude_climb,8.25,3,116.25,40.875,19.6525,5.1594,peripheral
altitude_climb,8.25,4,116.25,79.125,19.6525,5.1594,peripheral
altitude_climb,8.5,0,87.5,70.75,19.945,5.1594,peripheral
altitude_climb,8.5,1,87.5,49.25,19.945,5.1594,peripheral
altitude_climb,8.5,2,102.5,60.0,19.945,5.1351,relay_anchor
altitude_climb,8.5,3,117.5,40.75,19.945,5.1594,peripheral
altitude_climb,8.5,4,117.5,79.25,19.945,5.1594,peripheral
altitude_climb,8.75,0,88.75,70.625,20.2375,5.1594,peripheral
altitude_climb,8.75,1,88.75,49.375,20.2375,5.1594,peripheral
altitude_climb,8.75,2,103.75,60.0,20.2375,5.1351,relay_anchor
altitude_climb,8.75,3,118.75,40.625,20.2375,5.1594,peripheral
altitude_climb,8.75,4,118.75,79.375,20.2375,5.1594,peripheral
altitude_climb,9.0,0,90.0,70.5,20.53,5.1594,peripheral
altitude_climb,9.0,1,90.0,49.5,20.53,5.1594,peripheral
altitude_climb,9.0,2,105.0,60.0,20.53,5.1351,relay_anchor
altitude_climb,9.0,3,120.0,40.5,20.53,5.1594,peripheral
altitude_climb,9.0,4,120.0,79.5,20.53,5.1594,peripheral
altitude_climb,9.25,0,91.25,70.375,20.8225,5.1594,peripheral
altitude_climb,9.25,1,91.25,49.625,20.8225,5.1594,peripheral
altitude_climb,9.25,2,106.25,60.0,20.8225,5.1351,relay_anchor
altitude_climb,9.25,3,121.25,40.375,20.8225,5.1594,peripheral
altitude_climb,9.25,4,121.25,79.625,20.8225,5.1594,peripheral
altitude_climb,9.5,0,92.5,70.25,21.115,5.1594,peripheral
altitude_climb,9.5,1,92.5,49.75,21.115,5.1594,peripheral
altitude_climb,9.5,2,107.5,60.0,21.115,5.1351,relay_anchor
altitude_climb,9.5,3,122.5,40.25,21.115,5.1594,peripheral
altitude_climb,9.5,4,122.5,79.75,21.115,5.1594,peripheral
altitude_climb,9.75,0,93.75,70.125,21.4075,5.1594,peripheral
altitude_climb,9.75,1,93.75,49.875,21.4075,5.1594,peripheral
altitude_climb,9.75,2,108.75,60.0,21.4075,5.1351,relay_anchor
altitude_climb,9.75,3,123.75,40.125,21.4075,5.1594,peripheral
altitude_climb,9.75,4,123.75,79.875,21.4075,5.1594,peripheral
altitude_climb,10.0,0,95.0,70.0,21.7,5.1594,peripheral
altitude_climb,10.0,1,95.0,50.0,21.7,5.1594,peripheral
altitude_climb,10.0,2,110.0,60.0,21.7,5.1351,relay_anchor
altitude_climb,10.0,3,125.0,40.0,21.7,5.1594,peripheral
altitude_climb,10.0,4,125.0,80.0,21.7,5.1594,peripheral
altitude_climb,10.25,0,96.25,69.875,21.9925,5.1594,peripheral
altitude_climb,10.25,1,96.25,50.125,21.9925,5.1594,peripheral
altitude_climb,10.25,2,111.25,60.0,21.9925,5.1351,relay_anchor
altitude_climb,10.25,3,126.25,39.875,21.9925,5.1594,peripheral
altitude_climb,10.25,4,126.25,80.125,21.9925,5.1594,peripheral
altitude_climb,10.5,0,97.5,69.75,22.285,5.1594,peripheral
altitude_climb,10.5,1,97.5,50.25,22.285,5.1594,peripheral
altitude_climb,10.5,2,112.5,60.0,22.285,5.1351,relay_anchor
altitude_climb,10.5,3,127.5,39.75,22.285,5.1594,peripheral
altitude_climb,10.5,4,127.5,80.25,22.285,5.1594,peripheral
altitude_climb,10.75,0,98.75,69.625,22.5775,5.1594,peripheral
altitude_climb,10.75,1,98.75,50.375,22.5775,5.1594,peripheral
altitude_climb,10.75,2,113.75,60.0,22.5775,5.1351,relay_anchor
altitude_climb,10.75,3,128.75,39.625,22.5775,5.1594,peripheral
altitude_climb,10.75,4,128.75,80.375,22.5775,5.1594,peripheral
altitude_climb,11.0,0,100.0,69.5,22.87,5.1594,peripheral
altitude_climb,11.0,1,100.0,50.5,22.87,5.1594,peripheral
altitude_climb,11.0,2,115.0,60.0,22.87,5.1351,relay_anchor
altitude_climb,11.0,3,130.0,39.5,22.87,5.1594,peripheral
altitude_climb,11.0,4,130.0,80.5,22.87,5.1594,peripheral
altitude_climb,11.25,0,101.25,69.375,23.1625,5.1594,peripheral
altitude_climb,11.25,1,101.25,50.625,23.1625,5.1594,peripheral
altitude_climb,11.25,2,116.25,60.0,23.1625,5.1351,relay_anchor
altitude_climb,11.25,3,131.25,39.375,23.1625,5.1594,peripheral
altitude_climb,11.25,4,131.25,80.625,23.1625,5.1594,peripheral
altitude_climb,11.5,0,102.5,69.25,23.455,5.1594,peripheral
altitude_climb,11.5,1,102.5,50.75,23.455,5.1594,peripheral
altitude_climb,11.5,2,117.5,60.0,23.455,5.1351,relay_anchor
altitude_climb,11.5,3,132.5,39.25,23.455,5.1594,peripheral
altitude_climb,11.5,4,132.5,80.75,23.455,5.1594,peripheral
altitude_climb,11.75,0,103.75,69.125,23.7475,5.1594,peripheral
altitude_climb,11.75,1,103.75,50.875,23.7475,5.1594,peripheral
altitude_climb,11.75,2,118.75,60.0,23.7475,5.1351,relay_anchor
altitude_climb,11.75,3,133.75,39.125,23.7475,5.1594,peripheral
altitude_climb,11.75,4,133.75,80.875,23.7475,5.1594,peripheral
altitude_climb,12.0,0,105.0,69.0,24.04,5.1594,peripheral
altitude_climb,12.0,1,105.0,51.0,24.04,5.1594,peripheral
altitude_climb,12.0,2,120.0,60.0,24.04,5.1351,relay_anchor
altitude_climb,12.0,3,135.0,39.0,24.04,5.1594,peripheral
altitude_climb,12.0,4,135.0,81.0,24.04,5.1594,peripheral
altitude_climb,12.25,0,106.25,68.875,24.3325,5.1594,peripheral
altitude_climb,12.25,1,106.25,51.125,24.3325,5.1594,peripheral
altitude_climb,12.25,2,121.25,60.0,24.3325,5.1351,relay_anchor
altitude_climb,12.25,3,136.25,38.875,24.3325,5.1594,peripheral
altitude_climb,12.25,4,136.25,81.125,24.3325,5.1594,peripheral
altitude_climb,12.5,0,107.5,68.75,24.625,5.1594,peripheral
altitude_climb,12.5,1,107.5,51.25,24.625,5.1594,peripheral
altitude_climb,12.5,2,122.5,60.0,24.625,5.1351,relay_anchor
altitude_climb,12.5,3,137.5,38.75,24.625,5.1594,peripheral
altitude_climb,12.5,4,137.5,81.25,24.625,5.1594,peripheral
altitude_climb,12.75,0,108.75,68.625,24.9175,5.1594,peripheral
altitude_climb,12.75,1,108.75,51.375,24.9175,5.1594,peripheral
altitude_climb,12.75,2,123.75,60.0,24.9175,5.1351,relay_anchor
altitude_climb,12.75,3,138.75,38.625,24.9175,5.1594,peripheral
altitude_climb,12.75,4,138.75,81.375,24.9175,5.1594,peripheral
altitude_climb,13.0,0,110.0,68.5,25.21,5.1594,peripheral
altitude_climb,13.0,1,110.0,51.5,25.21,5.1594,peripheral
altitude_climb,13.0,2,125.0,60.0,25.21,5.1351,relay_anchor
altitude_climb,13.0,3,140.0,38.5,25.21,5.1594,peripheral
altitude_climb,13.0,4,140.0,81.5,25.21,5.1594,peripheral
altitude_climb,13.25,0,111.25,68.375,25.5025,5.1594,peripheral
altitude_climb,13.25,1,111.25,51.625,25.5025,5.1594,peripheral
altitude_climb,13.25,2,126.25,60.0,25.5025,5.1351,relay_anchor
altitude_climb,13.25,3,141.25,38.375,25.5025,5.1594,peripheral
altitude_climb,13.25,4,141.25,81.625,25.5025,5.1594,peripheral
altitude_climb,13.5,0,112.5,68.25,25.795,5.1594,peripheral
altitude_climb,13.5,1,112.5,51.75,25.795,5.1594,peripheral
altitude_climb,13.5,2,127.5,60.0,25.795,5.1351,relay_anchor
altitude_climb,13.5,3,142.5,38.25,25.795,5.1594,peripheral
altitude_climb,13.5,4,142.5,81.75,25.795,5.1594,peripheral
altitude_climb,13.75,0,113.75,68.125,26.0875,5.1594,peripheral
altitude_climb,13.75,1,113.75,51.875,26.0875,5.1594,peripheral
altitude_climb,13.75,2,128.75,60.0,26.0875,5.1351,relay_anchor
altitude_climb,13.75,3,143.75,38.125,26.0875,5.1594,peripheral
altitude_climb,13.75,4,143.75,81.875,26.0875,5.1594,peripheral
altitude_climb,14.0,0,115.0,68.0,26.38,5.1594,peripheral
altitude_climb,14.0,1,115.0,52.0,26.38,5.1594,peripheral
altitude_climb,14.0,2,130.0,60.0,26.38,5.1351,relay_anchor
altitude_climb,14.0,3,145.0,38.0,26.38,5.1594,peripheral
altitude_climb,14.0,4,145.0,82.0,26.38,5.1594,peripheral
altitude_climb,14.25,0,116.25,67.875,26.6725,5.1594,peripheral
altitude_climb,14.25,1,116.25,52.125,26.6725,5.1594,peripheral
altitude_climb,14.25,2,131.25,60.0,26.6725,5.1351,relay_anchor
altitude_climb,14.25,3,146.25,37.875,26.6725,5.1594,peripheral
altitude_climb,14.25,4,146.25,82.125,26.6725,5.1594,peripheral
altitude_climb,14.5,0,117.5,67.75,26.965,5.1594,peripheral
altitude_climb,14.5,1,117.5,52.25,26.965,5.1594,peripheral
altitude_climb,14.5,2,132.5,60.0,26.965,5.1351,relay_anchor
altitude_climb,14.5,3,147.5,37.75,26.965,5.1594,peripheral
altitude_climb,14.5,4,147.5,82.25,26.965,5.1594,peripheral
altitude_climb,14.75,0,118.75,67.625,27.2575,5.1594,peripheral
altitude_climb,14.75,1,118.75,52.375,27.2575,5.1594,peripheral
altitude_climb,14.75,2,133.75,60.0,27.2575,5.1351,relay_anchor
altitude_climb,14.75,3,148.75,37.625,27.2575,5.1594,peripheral
altitude_climb,14.75,4,148.75,82.375,27.2575,5.1594,peripheral
altitude_climb,15.0,0,120.0,67.5,27.55,5.1594,peripheral
altitude_climb,15.0,1,120.0,52.5,27.55,5.1594,peripheral
altitude_climb,15.0,2,135.0,60.0,27.55,5.1351,relay_anchor
altitude_climb,15.0,3,150.0,37.5,27.55,5.1594,peripheral
altitude_climb,15.0,4,150.0,82.5,27.55,5.1594,peripheral
altitude_climb,15.25,0,121.25,67.375,27.8425,5.1594,peripheral
altitude_climb,15.25,1,121.25,52.625,27.8425,5.1594,peripheral
altitude_climb,15.25,2,136.25,60.0,27.8425,5.1351,relay_anchor
altitude_climb,15.25,3,151.25,37.375,27.8425,5.1594,peripheral
altitude_climb,15.25,4,151.25,82.625,27.8425,5.1594,peripheral
altitude_climb,15.5,0,122.5,67.25,28.135,5.1594,peripheral
altitude_climb,15.5,1,122.5,52.75,28.135,5.1594,peripheral
altitude_climb,15.5,2,137.5,60.0,28.135,5.1351,relay_anchor
altitude_climb,15.5,3,152.5,37.25,28.135,5.1594,peripheral
altitude_climb,15.5,4,152.5,82.75,28.135,5.1594,peripheral
altitude_climb,15.75,0,123.75,67.125,28.4275,5.1594,peripheral
altitude_climb,15.75,1,123.75,52.875,28.4275,5.1594,peripheral
altitude_climb,15.75,2,138.75,60.0,28.4275,5.1351,relay_anchor
altitude_climb,15.75,3,153.75,37.125,28.4275,5.1594,peripheral
altitude_climb,15.75,4,153.75,82.875,28.4275,5.1594,peripheral
altitude_climb,16.0,0,125.0,67.0,28.72,5.1594,peripheral
altitude_climb,16.0,1,125.0,53.0,28.72,5.1594,peripheral
altitude_climb,16.0,2,140.0,60.0,28.72,5.1351,relay_anchor
altitude_climb,16.0,3,155.0,37.0,28.72,5.1594,peripheral
altitude_climb,16.0,4,155.0,83.0,28.72,5.1594,peripheral
altitude_climb,16.25,0,126.25,66.875,29.0125,5.1594,peripheral
altitude_climb,16.25,1,126.25,53.125,29.0125,5.1594,peripheral
altitude_climb,16.25,2,141.25,60.0,29.0125,5.1351,relay_anchor
altitude_climb,16.25,3,156.25,36.875,29.0125,5.1594,peripheral
altitude_climb,16.25,4,156.25,83.125,29.0125,5.1594,peripheral
altitude_climb,16.5,0,127.5,66.75,29.305,5.1594,peripheral
altitude_climb,16.5,1,127.5,53.25,29.305,5.1594,peripheral
altitude_climb,16.5,2,142.5,60.0,29.305,5.1351,relay_anchor
altitude_climb,16.5,3,157.5,36.75,29.305,5.1594,peripheral
altitude_climb,16.5,4,157.5,83.25,29.305,5.1594,peripheral
altitude_climb,16.75,0,128.75,66.625,29.5975,5.1594,peripheral
altitude_climb,16.75,1,128.75,53.375,29.5975,5.1594,peripheral
altitude_climb,16.75,2,143.75,60.0,29.5975,5.1351,relay_anchor
altitude_climb,16.75,3,158.75,36.625,29.5975,5.1594,peripheral
altitude_climb,16.75,4,158.75,83.375,29.5975,5.1594,peripheral
altitude_climb,17.0,0,130.0,66.5,29.89,5.1594,peripheral
altitude_climb,17.0,1,130.0,53.5,29.89,5.1594,peripheral
altitude_climb,17.0,2,145.0,60.0,29.89,5.1351,relay_anchor
altitude_climb,17.0,3,160.0,36.5,29.89,5.1594,peripheral
altitude_climb,17.0,4,160.0,83.5,29.89,5.1594,peripheral
altitude_climb,17.25,0,131.25,66.375,30.1825,5.1594,peripheral
altitude_climb,17.25,1,131.25,53.625,30.1825,5.1594,peripheral
altitude_climb,17.25,2,146.25,60.0,30.1825,5.1351,relay_anchor
altitude_climb,17.25,3,161.25,36.375,30.1825,5.1594,peripheral
altitude_climb,17.25,4,161.25,83.625,30.1825,5.1594,peripheral
altitude_climb,17.5,0,132.5,66.25,30.475,5.1594,peripheral
altitude_climb,17.5,1,132.5,53.75,30.475,5.1594,peripheral
altitude_climb,17.5,2,147.5,60.0,30.475,5.1351,relay_anchor
altitude_climb,17.5,3,162.5,36.25,30.475,5.1594,peripheral
altitude_climb,17.5,4,162.5,83.75,30.475,5.1594,peripheral
altitude_climb,17.75,0,133.75,66.125,30.7675,5.1594,peripheral
altitude_climb,17.75,1,133.75,53.875,30.7675,5.1594,peripheral
altitude_climb,17.75,2,148.75,60.0,30.7675,5.1351,relay_anchor
altitude_climb,17.75,3,163.75,36.125,30.7675,5.1594,peripheral
altitude_climb,17.75,4,163.75,83.875,30.7675,5.1594,peripheral
altitude_climb,18.0,0,135.0,66.0,31.06,5.1594,peripheral
altitude_climb,18.0,1,135.0,54.0,31.06,5.1594,peripheral
altitude_climb,18.0,2,150.0,60.0,31.06,5.1351,relay_anchor
altitude_climb,18.0,3,165.0,36.0,31.06,5.1594,peripheral
altitude_climb,18.0,4,165.0,84.0,31.06,5.1594,peripheral
altitude_climb,18.25,0,136.25,65.875,31.3525,5.1594,peripheral
altitude_climb,18.25,1,136.25,54.125,31.3525,5.1594,peripheral
altitude_climb,18.25,2,151.25,60.0,31.3525,5.1351,relay_anchor
altitude_climb,18.25,3,166.25,35.875,31.3525,5.1594,peripheral
altitude_climb,18.25,4,166.25,84.125,31.3525,5.1594,peripheral
altitude_climb,18.5,0,137.5,65.75,31.645,5.1594,peripheral
altitude_climb,18.5,1,137.5,54.25,31.645,5.1594,peripheral
altitude_climb,18.5,2,152.5,60.0,31.645,5.1351,relay_anchor
altitude_climb,18.5,3,167.5,35.75,31.645,5.1594,peripheral
altitude_climb,18.5,4,167.5,84.25,31.645,5.1594,peripheral
altitude_climb,18.75,0,138.75,65.625,31.9375,5.1594,peripheral
altitude_climb,18.75,1,138.75,54.375,31.9375,5.1594,peripheral
altitude_climb,18.75,2,153.75,60.0,31.9375,5.1351,relay_anchor
altitude_climb,18.75,3,168.75,35.625,31.9375,5.1594,peripheral
altitude_climb,18.75,4,168.75,84.375,31.9375,5.1594,peripheral
altitude_climb,19.0,0,140.0,65.5,32.23,5.1594,peripheral
altitude_climb,19.0,1,140.0,54.5,32.23,5.1594,peripheral
altitude_climb,19.0,2,155.0,60.0,32.23,5.1351,relay_anchor
altitude_climb,19.0,3,170.0,35.5,32.23,5.1594,peripheral
altitude_climb,19.0,4,170.0,84.5,32.23,5.1594,peripheral
altitude_climb,19.25,0,141.25,65.375,32.5225,5.1594,peripheral
altitude_climb,19.25,1,141.25,54.625,32.5225,5.1594,peripheral
altitude_climb,19.25,2,156.25,60.0,32.5225,5.1351,relay_anchor
altitude_climb,19.25,3,171.25,35.375,32.5225,5.1594,peripheral
altitude_climb,19.25,4,171.25,84.625,32.5225,5.1594,peripheral
altitude_climb,19.5,0,142.5,65.25,32.815,5.1594,peripheral
altitude_climb,19.5,1,142.5,54.75,32.815,5.1594,peripheral
altitude_climb,19.5,2,157.5,60.0,32.815,5.1351,relay_anchor
altitude_climb,19.5,3,172.5,35.25,32.815,5.1594,peripheral
altitude_climb,19.5,4,172.5,84.75,32.815,5.1594,peripheral
altitude_climb,19.75,0,143.75,65.125,33.1075,5.1594,peripheral
altitude_climb,19.75,1,143.75,54.875,33.1075,5.1594,peripheral
altitude_climb,19.75,2,158.75,60.0,33.1075,5.1351,relay_anchor
altitude_climb,19.75,3,173.75,35.125,33.1075,5.1594,peripheral
altitude_climb,19.75,4,173.75,84.875,33.1075,5.1594,peripheral
altitude_climb,20.0,0,145.0,65.0,33.4,5.1594,peripheral
altitude_climb,20.0,1,145.0,55.0,33.4,5.1594,peripheral
altitude_climb,20.0,2,160.0,60.0,33.4,5.1351,relay_anchor
altitude_climb,20.0,3,175.0,35.0,33.4,5.1594,peripheral
altitude_climb,20.0,4,175.0,85.0,33.4,5.1594,peripheral
altitude_climb,20.25,0,146.25,64.875,33.6925,5.1594,peripheral
altitude_climb,20.25,1,146.25,55.125,33.6925,5.1594,peripheral
altitude_climb,20.25,2,161.25,60.0,33.6925,5.1351,relay_anchor
altitude_climb,20.25,3,176.25,34.875,33.6925,5.1594,peripheral
altitude_climb,20.25,4,176.25,85.125,33.6925,5.1594,peripheral
altitude_climb,20.5,0,147.5,64.75,33.985,5.1594,peripheral
altitude_climb,20.5,1,147.5,55.25,33.985,5.1594,peripheral
altitude_climb,20.5,2,162.5,60.0,33.985,5.1351,relay_anchor
altitude_climb,20.5,3,177.5,34.75,33.985,5.1594,peripheral
altitude_climb,20.5,4,177.5,85.25,33.985,5.1594,peripheral
altitude_climb,20.75,0,148.75,64.625,34.2775,5.1594,peripheral
altitude_climb,20.75,1,148.75,55.375,34.2775,5.1594,peripheral
altitude_climb,20.75,2,163.75,60.0,34.2775,5.1351,relay_anchor
altitude_climb,20.75,3,178.75,34.625,34.2775,5.1594,peripheral
altitude_climb,20.75,4,178.75,85.375,34.2775,5.1594,peripheral
altitude_climb,21.0,0,150.0,64.5,34.57,5.1594,peripheral
altitude_climb,21.0,1,150.0,55.5,34.57,5.1594,peripheral
altitude_climb,21.0,2,165.0,60.0,34.57,5.1351,relay_anchor
altitude_climb,21.0,3,180.0,34.5,34.57,5.1594,peripheral
altitude_climb,21.0,4,180.0,85.5,34.57,5.1594,peripheral
altitude_climb,21.25,0,151.25,64.375,34.8625,5.1594,peripheral
altitude_climb,21.25,1,151.25,55.625,34.8625,5.1594,peripheral
altitude_climb,21.25,2,166.25,60.0,34.8625,5.1351,relay_anchor
altitude_climb,21.25,3,181.25,34.375,34.8625,5.1594,peripheral
altitude_climb,21.25,4,181.25,85.625,34.8625,5.1594,peripheral
altitude_climb,21.5,0,152.5,64.25,35.155,5.1594,peripheral
altitude_climb,21.5,1,152.5,55.75,35.155,5.1594,peripheral
altitude_climb,21.5,2,167.5,60.0,35.155,5.1351,relay_anchor
altitude_climb,21.5,3,182.5,34.25,35.155,5.1594,peripheral
altitude_climb,21.5,4,182.5,85.75,35.155,5.1594,peripheral
altitude_climb,21.75,0,153.75,64.125,35.4475,5.1594,peripheral
altitude_climb,21.75,1,153.75,55.875,35.4475,5.1594,peripheral
altitude_climb,21.75,2,168.75,60.0,35.4475,5.1351,relay_anchor
altitude_climb,21.75,3,183.75,34.125,35.4475,5.1594,peripheral
altitude_climb,21.75,4,183.75,85.875,35.4475,5.1594,peripheral
altitude_climb,22.0,0,155.0,64.0,35.74,5.1594,peripheral
altitude_climb,22.0,1,155.0,56.0,35.74,5.1594,peripheral
altitude_climb,22.0,2,170.0,60.0,35.74,5.1351,relay_anchor
altitude_climb,22.0,3,185.0,34.0,35.74,5.1594,peripheral
altitude_climb,22.0,4,185.0,86.0,35.74,5.1594,peripheral
altitude_climb,22.25,0,156.25,63.875,36.0325,5.1594,peripheral
altitude_climb,22.25,1,156.25,56.125,36.0325,5.1594,peripheral
altitude_climb,22.25,2,171.25,60.0,36.0325,5.1351,relay_anchor
altitude_climb,22.25,3,186.25,33.875,36.0325,5.1594,peripheral
altitude_climb,22.25,4,186.25,86.125,36.0325,5.1594,peripheral
altitude_climb,22.5,0,157.5,63.75,36.325,5.1594,peripheral
altitude_climb,22.5,1,157.5,56.25,36.325,5.1594,peripheral
altitude_climb,22.5,2,172.5,60.0,36.325,5.1351,relay_anchor
altitude_climb,22.5,3,187.5,33.75,36.325,5.1594,peripheral
altitude_climb,22.5,4,187.5,86.25,36.325,5.1594,peripheral
altitude_climb,22.75,0,158.75,63.625,36.6175,5.1594,peripheral
altitude_climb,22.75,1,158.75,56.375,36.6175,5.1594,peripheral
altitude_climb,22.75,2,173.75,60.0,36.6175,5.1351,relay_anchor
altitude_climb,22.75,3,188.75,33.625,36.6175,5.1594,peripheral
altitude_climb,22.75,4,188.75,86.375,36.6175,5.1594,peripheral
altitude_climb,23.0,0,160.0,63.5,36.91,5.1594,peripheral
altitude_climb,23.0,1,160.0,56.5,36.91,5.1594,peripheral
altitude_climb,23.0,2,175.0,60.0,36.91,5.1351,relay_anchor
altitude_climb,23.0,3,190.0,33.5,36.91,5.1594,peripheral
altitude_climb,23.0,4,190.0,86.5,36.91,5.1594,peripheral
altitude_climb,23.25,0,161.25,63.375,37.2025,5.1594,peripheral
altitude_climb,23.25,1,161.25,56.625,37.2025,5.1594,peripheral
altitude_climb,23.25,2,176.25,60.0,37.2025,5.1351,relay_anchor
altitude_climb,23.25,3,191.25,33.375,37.2025,5.1594,peripheral
altitude_climb,23.25,4,191.25,86.625,37.2025,5.1594,peripheral
altitude_climb,23.5,0,162.5,63.25,37.495,5.1594,peripheral
altitude_climb,23.5,1,162.5,56.75,37.495,5.1594,peripheral
altitude_climb,23.5,2,177.5,60.0,37.495,5.1351,relay_anchor
altitude_climb,23.5,3,192.5,33.25,37.495,5.1594,peripheral
altitude_climb,23.5,4,192.5,86.75,37.495,5.1594,peripheral
altitude_climb,23.75,0,163.75,63.125,37.7875,5.1594,peripheral
altitude_climb,23.75,1,163.75,56.875,37.7875,5.1594,peripheral
altitude_climb,23.75,2,178.75,60.0,37.7875,5.1351,relay_anchor
altitude_climb,23.75,3,193.75,33.125,37.7875,5.1594,peripheral
altitude_climb,23.75,4,193.75,86.875,37.7875,5.1594,peripheral
altitude_climb,24.0,0,165.0,63.0,38.08,5.1594,peripheral
altitude_climb,24.0,1,165.0,57.0,38.08,5.1594,peripheral
altitude_climb,24.0,2,180.0,60.0,38.08,5.1351,relay_anchor
altitude_climb,24.0,3,195.0,33.0,38.08,5.1594,peripheral
altitude_climb,24.0,4,195.0,87.0,38.08,5.1594,peripheral
altitude_climb,24.25,0,166.25,62.875,38.3725,5.1594,peripheral
altitude_climb,24.25,1,166.25,57.125,38.3725,5.1594,peripheral
altitude_climb,24.25,2,181.25,60.0,38.3725,5.1351,relay_anchor
altitude_climb,24.25,3,196.25,32.875,38.3725,5.1594,peripheral
altitude_climb,24.25,4,196.25,87.125,38.3725,5.1594,peripheral
altitude_climb,24.5,0,167.5,62.75,38.665,5.1594,peripheral
altitude_climb,24.5,1,167.5,57.25,38.665,5.1594,peripheral
altitude_climb,24.5,2,182.5,60.0,38.665,5.1351,relay_anchor
altitude_climb,24.5,3,197.5,32.75,38.665,5.1594,peripheral
altitude_climb,24.5,4,197.5,87.25,38.665,5.1594,peripheral
altitude_climb,24.75,0,168.75,62.625,38.9575,5.1594,peripheral
altitude_climb,24.75,1,168.75,57.375,38.9575,5.1594,peripheral
altitude_climb,24.75,2,183.75,60.0,38.9575,5.1351,relay_anchor
altitude_climb,24.75,3,198.75,32.625,38.9575,5.1594,peripheral
altitude_climb,24.75,4,198.75,87.375,38.9575,5.1594,peripheral
altitude_climb,25.0,0,170.0,62.5,39.25,5.1594,peripheral
altitude_climb,25.0,1,170.0,57.5,39.25,5.1594,peripheral
altitude_climb,25.0,2,185.0,60.0,39.25,5.1351,relay_anchor
altitude_climb,25.0,3,200.0,32.5,39.25,5.1594,peripheral
altitude_climb,25.0,4,200.0,87.5,39.25,5.1594,peripheral
altitude_climb,25.25,0,171.25,62.375,39.5425,5.1594,peripheral
altitude_climb,25.25,1,171.25,57.625,39.5425,5.1594,peripheral
altitude_climb,25.25,2,186.25,60.0,39.5425,5.1351,relay_anchor
altitude_climb,25.25,3,201.25,32.375,39.5425,5.1594,peripheral
altitude_climb,25.25,4,201.25,87.625,39.5425,5.1594,peripheral
altitude_climb,25.5,0,172.5,62.25,39.835,5.1594,peripheral
altitude_climb,25.5,1,172.5,57.75,39.835,5.1594,peripheral
altitude_climb,25.5,2,187.5,60.0,39.835,5.1351,relay_anchor
altitude_climb,25.5,3,202.5,32.25,39.835,5.1594,peripheral
altitude_climb,25.5,4,202.5,87.75,39.835,5.1594,peripheral
altitude_climb,25.75,0,173.75,62.125,40.1275,5.1594,peripheral
altitude_climb,25.75,1,173.75,57.875,40.1275,5.1594,peripheral
altitude_climb,25.75,2,188.75,60.0,40.1275,5.1351,relay_anchor
altitude_climb,25.75,3,203.75,32.125,40.1275,5.1594,peripheral
altitude_climb,25.75,4,203.75,87.875,40.1275,5.1594,peripheral
altitude_climb,26.0,0,175.0,62.0,40.42,5.1594,peripheral
altitude_climb,26.0,1,175.0,58.0,40.42,5.1594,peripheral
altitude_climb,26.0,2,190.0,60.0,40.42,5.1351,relay_anchor
altitude_climb,26.0,3,205.0,32.0,40.42,5.1594,peripheral
altitude_climb,26.0,4,205.0,88.0,40.42,5.1594,peripheral
altitude_climb,26.25,0,176.25,61.875,40.7125,5.1594,peripheral
altitude_climb,26.25,1,176.25,58.125,40.7125,5.1594,peripheral
altitude_climb,26.25,2,191.25,60.0,40.7125,5.1351,relay_anchor
altitude_climb,26.25,3,206.25,31.875,40.7125,5.1594,peripheral
altitude_climb,26.25,4,206.25,88.125,40.7125,5.1594,peripheral
altitude_climb,26.5,0,177.5,61.75,41.005,5.1594,peripheral
altitude_climb,26.5,1,177.5,58.25,41.005,5.1594,peripheral
altitude_climb,26.5,2,192.5,60.0,41.005,5.1351,relay_anchor
altitude_climb,26.5,3,207.5,31.75,41.005,5.1594,peripheral
altitude_climb,26.5,4,207.5,88.25,41.005,5.1594,peripheral
altitude_climb,26.75,0,178.75,61.625,41.2975,5.1594,peripheral
altitude_climb,26.75,1,178.75,58.375,41.2975,5.1594,peripheral
altitude_climb,26.75,2,193.75,60.0,41.2975,5.1351,relay_anchor
altitude_climb,26.75,3,208.75,31.625,41.2975,5.1594,peripheral
altitude_climb,26.75,4,208.75,88.375,41.2975,5.1594,peripheral
altitude_climb,27.0,0,180.0,61.5,41.59,5.1594,peripheral
altitude_climb,27.0,1,180.0,58.5,41.59,5.1594,peripheral
altitude_climb,27.0,2,195.0,60.0,41.59,5.1351,relay_anchor
altitude_climb,27.0,3,210.0,31.5,41.59,5.1594,peripheral
altitude_climb,27.0,4,210.0,88.5,41.59,5.1594,peripheral
altitude_climb,27.25,0,181.25,61.375,41.8825,5.1594,peripheral
altitude_climb,27.25,1,181.25,58.625,41.8825,5.1594,peripheral
altitude_climb,27.25,2,196.25,60.0,41.8825,5.1351,relay_anchor
altitude_climb,27.25,3,211.25,31.375,41.8825,5.1594,peripheral
altitude_climb,27.25,4,211.25,88.625,41.8825,5.1594,peripheral
altitude_climb,27.5,0,182.5,61.25,42.175,5.1594,peripheral
altitude_climb,27.5,1,182.5,58.75,42.175,5.1594,peripheral
altitude_climb,27.5,2,197.5,60.0,42.175,5.1351,relay_anchor
altitude_climb,27.5,3,212.5,31.25,42.175,5.1594,peripheral
altitude_climb,27.5,4,212.5,88.75,42.175,5.1594,peripheral
altitude_climb,27.75,0,183.75,61.125,42.4675,5.1594,peripheral
altitude_climb,27.75,1,183.75,58.875,42.4675,5.1594,peripheral
altitude_climb,27.75,2,198.75,60.0,42.4675,5.1351,relay_anchor
altitude_climb,27.75,3,213.75,31.125,42.4675,5.1594,peripheral
altitude_climb,27.75,4,213.75,88.875,42.4675,5.1594,peripheral
altitude_climb,28.0,0,185.0,61.0,42.76,5.1594,peripheral
altitude_climb,28.0,1,185.0,59.0,42.76,5.1594,peripheral
altitude_climb,28.0,2,200.0,60.0,42.76,5.1351,relay_anchor
altitude_climb,28.0,3,215.0,31.0,42.76,5.1594,peripheral
altitude_climb,28.0,4,215.0,89.0,42.76,5.1594,peripheral
altitude_climb,28.25,0,186.25,60.875,43.0525,5.1594,peripheral
altitude_climb,28.25,1,186.25,59.125,43.0525,5.1594,peripheral
altitude_climb,28.25,2,201.25,60.0,43.0525,5.1351,relay_anchor
altitude_climb,28.25,3,216.25,30.875,43.0525,5.1594,peripheral
altitude_climb,28.25,4,216.25,89.125,43.0525,5.1594,peripheral
altitude_climb,28.5,0,187.5,60.75,43.345,5.1594,peripheral
altitude_climb,28.5,1,187.5,59.25,43.345,5.1594,peripheral
altitude_climb,28.5,2,202.5,60.0,43.345,5.1351,relay_anchor
altitude_climb,28.5,3,217.5,30.75,43.345,5.1594,peripheral
altitude_climb,28.5,4,217.5,89.25,43.345,5.1594,peripheral
altitude_climb,28.75,0,188.75,60.625,43.6375,5.1594,peripheral
altitude_climb,28.75,1,188.75,59.375,43.6375,5.1594,peripheral
altitude_climb,28.75,2,203.75,60.0,43.6375,5.1351,relay_anchor
altitude_climb,28.75,3,218.75,30.625,43.6375,5.1594,peripheral
altitude_climb,28.75,4,218.75,89.375,43.6375,5.1594,peripheral
altitude_climb,29.0,0,190.0,60.5,43.93,5.1594,peripheral
altitude_climb,29.0,1,190.0,59.5,43.93,5.1594,peripheral
altitude_climb,29.0,2,205.0,60.0,43.93,5.1351,relay_anchor
altitude_climb,29.0,3,220.0,30.5,43.93,5.1594,peripheral
altitude_climb,29.0,4,220.0,89.5,43.93,5.1594,peripheral
altitude_climb,29.25,0,191.25,60.375,44.2225,5.1594,peripheral
altitude_climb,29.25,1,191.25,59.625,44.2225,5.1594,peripheral
altitude_climb,29.25,2,206.25,60.0,44.2225,5.1351,relay_anchor
altitude_climb,29.25,3,221.25,30.375,44.2225,5.1594,peripheral
altitude_climb,29.25,4,221.25,89.625,44.2225,5.1594,peripheral
altitude_climb,29.5,0,192.5,60.25,44.515,5.1594,peripheral
altitude_climb,29.5,1,192.5,59.75,44.515,5.1594,peripheral
altitude_climb,29.5,2,207.5,60.0,44.515,5.1351,relay_anchor
altitude_climb,29.5,3,222.5,30.25,44.515,5.1594,peripheral
altitude_climb,29.5,4,222.5,89.75,44.515,5.1594,peripheral
altitude_climb,29.75,0,193.75,60.125,44.8075,5.1594,peripheral
altitude_climb,29.75,1,193.75,59.875,44.8075,5.1594,peripheral
altitude_climb,29.75,2,208.75,60.0,44.8075,5.1351,relay_anchor
altitude_climb,29.75,3,223.75,30.125,44.8075,5.1594,peripheral
altitude_climb,29.75,4,223.75,89.875,44.8075,5.1594,peripheral
altitude_climb,30.0,0,195.0,60.0,45.1,5.1594,peripheral
altitude_climb,30.0,1,195.0,60.0,45.1,5.1594,peripheral
altitude_climb,30.0,2,210.0,60.0,45.1,5.1351,relay_anchor
altitude_climb,30.0,3,225.0,30.0,45.1,5.1594,peripheral
altitude_climb,30.0,4,225.0,90.0,45.1,5.1594,peripheral
altitude_climb,30.25,0,196.25,59.875,45.3925,5.1594,peripheral
altitude_climb,30.25,1,196.25,60.125,45.3925,5.1594,peripheral
altitude_climb,30.25,2,211.25,60.0,45.3925,5.1351,relay_anchor
altitude_climb,30.25,3,226.25,29.875,45.3925,5.1594,peripheral
altitude_climb,30.25,4,226.25,90.125,45.3925,5.1594,peripheral
altitude_climb,30.5,0,197.5,59.75,45.685,5.1594,peripheral
altitude_climb,30.5,1,197.5,60.25,45.685,5.1594,peripheral
altitude_climb,30.5,2,212.5,60.0,45.685,5.1351,relay_anchor
altitude_climb,30.5,3,227.5,29.75,45.685,5.1594,peripheral
altitude_climb,30.5,4,227.5,90.25,45.685,5.1594,peripheral
altitude_climb,30.75,0,198.75,59.625,45.9775,5.1594,peripheral
altitude_climb,30.75,1,198.75,60.375,45.9775,5.1594,peripheral
altitude_climb,30.75,2,213.75,60.0,45.9775,5.1351,relay_anchor
altitude_climb,30.75,3,228.75,29.625,45.9775,5.1594,peripheral
altitude_climb,30.75,4,228.75,90.375,45.9775,5.1594,peripheral
altitude_climb,31.0,0,200.0,59.5,46.27,5.1594,peripheral
altitude_climb,31.0,1,200.0,60.5,46.27,5.1594,peripheral
altitude_climb,31.0,2,215.0,60.0,46.27,5.1351,relay_anchor
altitude_climb,31.0,3,230.0,29.5,46.27,5.1594,peripheral
altitude_climb,31.0,4,230.0,90.5,46.27,5.1594,peripheral
altitude_climb,31.25,0,201.25,59.375,46.5625,5.1594,peripheral
altitude_climb,31.25,1,201.25,60.625,46.5625,5.1594,peripheral
altitude_climb,31.25,2,216.25,60.0,46.5625,5.1351,relay_anchor
altitude_climb,31.25,3,231.25,29.375,46.5625,5.1594,peripheral
altitude_climb,31.25,4,231.25,90.625,46.5625,5.1594,peripheral
altitude_climb,31.5,0,202.5,59.25,46.855,5.1594,peripheral
altitude_climb,31.5,1,202.5,60.75,46.855,5.1594,peripheral
altitude_climb,31.5,2,217.5,60.0,46.855,5.1351,relay_anchor
altitude_climb,31.5,3,232.5,29.25,46.855,5.1594,peripheral
altitude_climb,31.5,4,232.5,90.75,46.855,5.1594,peripheral
altitude_climb,31.75,0,203.75,59.125,47.1475,5.1594,peripheral
altitude_climb,31.75,1,203.75,60.875,47.1475,5.1594,peripheral
altitude_climb,31.75,2,218.75,60.0,47.1475,5.1351,relay_anchor
altitude_climb,31.75,3,233.75,29.125,47.1475,5.1594,peripheral
altitude_climb,31.75,4,233.75,90.875,47.1475,5.1594,peripheral
altitude_climb,32.0,0,205.0,59.0,47.44,5.1594,peripheral
altitude_climb,32.0,1,205.0,61.0,47.44,5.1594,peripheral
altitude_climb,32.0,2,220.0,60.0,47.44,5.1351,relay_anchor
altitude_climb,32.0,3,235.0,29.0,47.44,5.1594,peripheral
altitude_climb,32.0,4,235.0,91.0,47.44,5.1594,peripheral
altitude_climb,32.25,0,206.25,58.875,47.7325,5.1594,peripheral
altitude_climb,32.25,1,206.25,61.125,47.7325,5.1594,peripheral
altitude_climb,32.25,2,221.25,60.0,47.7325,5.1351,relay_anchor
altitude_climb,32.25,3,236.25,28.875,47.7325,5.1594,peripheral
altitude_climb,32.25,4,236.25,91.125,47.7325,5.1594,peripheral
altitude_climb,32.5,0,207.5,58.75,48.025,5.1594,peripheral
altitude_climb,32.5,1,207.5,61.25,48.025,5.1594,peripheral
altitude_climb,32.5,2,222.5,60.0,48.025,5.1351,relay_anchor
altitude_climb,32.5,3,237.5,28.75,48.025,5.1594,peripheral
altitude_climb,32.5,4,237.5,91.25,48.025,5.1594,peripheral
altitude_climb,32.75,0,208.75,58.625,48.3175,5.1594,peripheral
altitude_climb,32.75,1,208.75,61.375,48.3175,5.1594,peripheral
altitude_climb,32.75,2,223.75,60.0,48.3175,5.1351,relay_anchor
altitude_climb,32.75,3,238.75,28.625,48.3175,5.1594,peripheral
altitude_climb,32.75,4,238.75,91.375,48.3175,5.1594,peripheral
altitude_climb,33.0,0,210.0,58.5,48.61,5.1594,peripheral
altitude_climb,33.0,1,210.0,61.5,48.61,5.1594,peripheral
altitude_climb,33.0,2,225.0,60.0,48.61,5.1351,relay_anchor
altitude_climb,33.0,3,240.0,28.5,48.61,5.1594,peripheral
altitude_climb,33.0,4,240.0,91.5,48.61,5.1594,peripheral
altitude_climb,33.25,0,211.25,58.375,48.9025,5.1594,peripheral
altitude_climb,33.25,1,211.25,61.625,48.9025,5.1594,peripheral
altitude_climb,33.25,2,226.25,60.0,48.9025,5.1351,relay_anchor
altitude_climb,33.25,3,241.25,28.375,48.9025,5.1594,peripheral
altitude_climb,33.25,4,241.25,91.625,48.9025,5.1594,peripheral
altitude_climb,33.5,0,212.5,58.25,49.195,5.1594,peripheral
altitude_climb,33.5,1,212.5,61.75,49.195,5.1594,peripheral
altitude_climb,33.5,2,227.5,60.0,49.195,5.1351,relay_anchor
altitude_climb,33.5,3,242.5,28.25,49.195,5.1594,peripheral
altitude_climb,33.5,4,242.5,91.75,49.195,5.1594,peripheral
altitude_climb,33.75,0,213.75,58.125,49.4875,5.1594,peripheral
altitude_climb,33.75,1,213.75,61.875,49.4875,5.1594,peripheral
altitude_climb,33.75,2,228.75,60.0,49.4875,5.1351,relay_anchor
altitude_climb,33.75,3,243.75,28.125,49.4875,5.1594,peripheral
altitude_climb,33.75,4,243.75,91.875,49.4875,5.1594,peripheral
altitude_climb,34.0,0,215.0,58.0,49.78,5.1594,peripheral
altitude_climb,34.0,1,215.0,62.0,49.78,5.1594,peripheral
altitude_climb,34.0,2,230.0,60.0,49.78,5.1351,relay_anchor
altitude_climb,34.0,3,245.0,28.0,49.78,5.1594,peripheral
altitude_climb,34.0,4,245.0,92.0,49.78,5.1594,peripheral
altitude_climb,34.25,0,216.25,57.875,50.0725,5.1594,peripheral
altitude_climb,34.25,1,216.25,62.125,50.0725,5.1594,peripheral
altitude_climb,34.25,2,231.25,60.0,50.0725,5.1351,relay_anchor
altitude_climb,34.25,3,246.25,27.875,50.0725,5.1594,peripheral
altitude_climb,34.25,4,246.25,92.125,50.0725,5.1594,peripheral
altitude_climb,34.5,0,217.5,57.75,50.365,5.1594,peripheral
altitude_climb,34.5,1,217.5,62.25,50.365,5.1594,peripheral
altitude_climb,34.5,2,232.5,60.0,50.365,5.1351,relay_anchor
altitude_climb,34.5,3,247.5,27.75,50.365,5.1594,peripheral
altitude_climb,34.5,4,247.5,92.25,50.365,5.1594,peripheral
altitude_climb,34.75,0,218.75,57.625,50.6575,5.1594,peripheral
altitude_climb,34.75,1,218.75,62.375,50.6575,5.1594,peripheral
altitude_climb,34.75,2,233.75,60.0,50.6575,5.1351,relay_anchor
altitude_climb,34.75,3,248.75,27.625,50.6575,5.1594,peripheral
altitude_climb,34.75,4,248.75,92.375,50.6575,5.1594,peripheral
altitude_climb,35.0,0,220.0,57.5,50.95,5.1594,peripheral
altitude_climb,35.0,1,220.0,62.5,50.95,5.1594,peripheral
altitude_climb,35.0,2,235.0,60.0,50.95,5.1351,relay_anchor
altitude_climb,35.0,3,250.0,27.5,50.95,5.1594,peripheral
altitude_climb,35.0,4,250.0,92.5,50.95,5.1594,peripheral
altitude_climb,35.25,0,221.25,57.375,51.2425,5.1594,peripheral
altitude_climb,35.25,1,221.25,62.625,51.2425,5.1594,peripheral
altitude_climb,35.25,2,236.25,60.0,51.2425,5.1351,relay_anchor
altitude_climb,35.25,3,251.25,27.375,51.2425,5.1594,peripheral
altitude_climb,35.25,4,251.25,92.625,51.2425,5.1594,peripheral
altitude_climb,35.5,0,222.5,57.25,51.535,5.1594,peripheral
altitude_climb,35.5,1,222.5,62.75,51.535,5.1594,peripheral
altitude_climb,35.5,2,237.5,60.0,51.535,5.1351,relay_anchor
altitude_climb,35.5,3,252.5,27.25,51.535,5.1594,peripheral
altitude_climb,35.5,4,252.5,92.75,51.535,5.1594,peripheral
altitude_climb,35.75,0,223.75,57.125,51.8275,5.1594,peripheral
altitude_climb,35.75,1,223.75,62.875,51.8275,5.1594,peripheral
altitude_climb,35.75,2,238.75,60.0,51.8275,5.1351,relay_anchor
altitude_climb,35.75,3,253.75,27.125,51.8275,5.1594,peripheral
altitude_climb,35.75,4,253.75,92.875,51.8275,5.1594,peripheral
altitude_climb,36.0,0,225.0,57.0,52.12,5.1594,peripheral
altitude_climb,36.0,1,225.0,63.0,52.12,5.1594,peripheral
altitude_climb,36.0,2,240.0,60.0,52.12,5.1351,relay_anchor
altitude_climb,36.0,3,255.0,27.0,52.12,5.1594,peripheral
altitude_climb,36.0,4,255.0,93.0,52.12,5.1594,peripheral
altitude_climb,36.25,0,226.25,56.875,52.4125,5.1594,peripheral
altitude_climb,36.25,1,226.25,63.125,52.4125,5.1594,peripheral
altitude_climb,36.25,2,241.25,60.0,52.4125,5.1351,relay_anchor
altitude_climb,36.25,3,256.25,26.875,52.4125,5.1594,peripheral
altitude_climb,36.25,4,256.25,93.125,52.4125,5.1594,peripheral
altitude_climb,36.5,0,227.5,56.75,52.705,5.1594,peripheral
altitude_climb,36.5,1,227.5,63.25,52.705,5.1594,peripheral
altitude_climb,36.5,2,242.5,60.0,52.705,5.1351,relay_anchor
altitude_climb,36.5,3,257.5,26.75,52.705,5.1594,peripheral
altitude_climb,36.5,4,257.5,93.25,52.705,5.1594,peripheral
altitude_climb,36.75,0,228.75,56.625,52.9975,5.1594,peripheral
altitude_climb,36.75,1,228.75,63.375,52.9975,5.1594,peripheral
altitude_climb,36.75,2,243.75,60.0,52.9975,5.1351,relay_anchor
altitude_climb,36.75,3,258.75,26.625,52.9975,5.1594,peripheral
altitude_climb,36.75,4,258.75,93.375,52.9975,5.1594,peripheral
altitude_climb,37.0,0,230.0,56.5,53.29,5.1594,peripheral
altitude_climb,37.0,1,230.0,63.5,53.29,5.1594,peripheral
altitude_climb,37.0,2,245.0,60.0,53.29,5.1351,relay_anchor
altitude_climb,37.0,3,260.0,26.5,53.29,5.1594,peripheral
altitude_climb,37.0,4,260.0,93.5,53.29,5.1594,peripheral
altitude_climb,37.25,0,231.25,56.375,53.5825,5.1594,peripheral
altitude_climb,37.25,1,231.25,63.625,53.5825,5.1594,peripheral
altitude_climb,37.25,2,246.25,60.0,53.5825,5.1351,relay_anchor
altitude_climb,37.25,3,261.25,26.375,53.5825,5.1594,peripheral
altitude_climb,37.25,4,261.25,93.625,53.5825,5.1594,peripheral
altitude_climb,37.5,0,232.5,56.25,53.875,5.1594,peripheral
altitude_climb,37.5,1,232.5,63.75,53.875,5.1594,peripheral
altitude_climb,37.5,2,247.5,60.0,53.875,5.1351,relay_anchor
altitude_climb,37.5,3,262.5,26.25,53.875,5.1594,peripheral
altitude_climb,37.5,4,262.5,93.75,53.875,5.1594,peripheral
altitude_climb,37.75,0,233.75,56.125,54.1675,5.1594,peripheral
altitude_climb,37.75,1,233.75,63.875,54.1675,5.1594,peripheral
altitude_climb,37.75,2,248.75,60.0,54.1675,5.1351,relay_anchor
altitude_climb,37.75,3,263.75,26.125,54.1675,5.1594,peripheral
altitude_climb,37.75,4,263.75,93.875,54.1675,5.1594,peripheral
altitude_climb,38.0,0,235.0,56.0,54.46,5.1594,peripheral
altitude_climb,38.0,1,235.0,64.0,54.46,5.1594,peripheral
altitude_climb,38.0,2,250.0,60.0,54.46,5.1351,relay_anchor
altitude_climb,38.0,3,265.0,26.0,54.46,5.1594,peripheral
altitude_climb,38.0,4,265.0,94.0,54.46,5.1594,peripheral
altitude_climb,38.25,0,236.25,55.875,54.7525,5.1594,peripheral
altitude_climb,38.25,1,236.25,64.125,54.7525,5.1594,peripheral
altitude_climb,38.25,2,251.25,60.0,54.7525,5.1351,relay_anchor
altitude_climb,38.25,3,266.25,25.875,54.7525,5.1594,peripheral
altitude_climb,38.25,4,266.25,94.125,54.7525,5.1594,peripheral
altitude_climb,38.5,0,237.5,55.75,55.045,5.1594,peripheral
altitude_climb,38.5,1,237.5,64.25,55.045,5.1594,peripheral
altitude_climb,38.5,2,252.5,60.0,55.045,5.1351,relay_anchor
altitude_climb,38.5,3,267.5,25.75,55.045,5.1594,peripheral
altitude_climb,38.5,4,267.5,94.25,55.045,5.1594,peripheral
altitude_climb,38.75,0,238.75,55.625,55.3375,5.1594,peripheral
altitude_climb,38.75,1,238.75,64.375,55.3375,5.1594,peripheral
altitude_climb,38.75,2,253.75,60.0,55.3375,5.1351,relay_anchor
altitude_climb,38.75,3,268.75,25.625,55.3375,5.1594,peripheral
altitude_climb,38.75,4,268.75,94.375,55.3375,5.1594,peripheral
altitude_climb,39.0,0,240.0,55.5,55.63,5.1594,peripheral
altitude_climb,39.0,1,240.0,64.5,55.63,5.1594,peripheral
altitude_climb,39.0,2,255.0,60.0,55.63,5.1351,relay_anchor
altitude_climb,39.0,3,270.0,25.5,55.63,5.1594,peripheral
altitude_climb,39.0,4,270.0,94.5,55.63,5.1594,peripheral
altitude_climb,39.25,0,241.25,55.375,55.9225,5.1594,peripheral
altitude_climb,39.25,1,241.25,64.625,55.9225,5.1594,peripheral
altitude_climb,39.25,2,256.25,60.0,55.9225,5.1351,relay_anchor
altitude_climb,39.25,3,271.25,25.375,55.9225,5.1594,peripheral
altitude_climb,39.25,4,271.25,94.625,55.9225,5.1594,peripheral
altitude_climb,39.5,0,242.5,55.25,56.215,5.1594,peripheral
altitude_climb,39.5,1,242.5,64.75,56.215,5.1594,peripheral
altitude_climb,39.5,2,257.5,60.0,56.215,5.1351,relay_anchor
altitude_climb,39.5,3,272.5,25.25,56.215,5.1594,peripheral
altitude_climb,39.5,4,272.5,94.75,56.215,5.1594,peripheral
altitude_climb,39.75,0,243.75,55.125,56.5075,5.1594,peripheral
altitude_climb,39.75,1,243.75,64.875,56.5075,5.1594,peripheral
altitude_climb,39.75,2,258.75,60.0,56.5075,5.1351,relay_anchor
altitude_climb,39.75,3,273.75,25.125,56.5075,5.1594,peripheral
altitude_climb,39.75,4,273.75,94.875,56.5075,5.1594,peripheral
altitude_climb,40.0,0,245.0,55.0,56.8,5.1594,peripheral
altitude_climb,40.0,1,245.0,65.0,56.8,5.1594,peripheral
altitude_climb,40.0,2,260.0,60.0,56.8,5.1351,relay_anchor
altitude_climb,40.0,3,275.0,25.0,56.8,5.1594,peripheral
altitude_climb,40.0,4,275.0,95.0,56.8,5.1594,peripheral
altitude_climb,40.25,0,246.25,54.875,57.0925,5.1594,peripheral
altitude_climb,40.25,1,246.25,65.125,57.0925,5.1594,peripheral
altitude_climb,40.25,2,261.25,60.0,57.0925,5.1351,relay_anchor
altitude_climb,40.25,3,276.25,24.875,57.0925,5.1594,peripheral
altitude_climb,40.25,4,276.25,95.125,57.0925,5.1594,peripheral
altitude_climb,40.5,0,247.5,54.75,57.385,5.1594,peripheral
altitude_climb,40.5,1,247.5,65.25,57.385,5.1594,peripheral
altitude_climb,40.5,2,262.5,60.0,57.385,5.1351,relay_anchor
altitude_climb,40.5,3,277.5,24.75,57.385,5.1594,peripheral
altitude_climb,40.5,4,277.5,95.25,57.385,5.1594,peripheral
altitude_climb,40.75,0,248.75,54.625,57.6775,5.1594,peripheral
altitude_climb,40.75,1,248.75,65.375,57.6775,5.1594,peripheral
altitude_climb,40.75,2,263.75,60.0,57.6775,5.1351,relay_anchor
altitude_climb,40.75,3,278.75,24.625,57.6775,5.1594,peripheral
altitude_climb,40.75,4,278.75,95.375,57.6775,5.1594,peripheral
altitude_climb,41.0,0,250.0,54.5,57.97,5.1594,peripheral
altitude_climb,41.0,1,250.0,65.5,57.97,5.1594,peripheral
altitude_climb,41.0,2,265.0,60.0,57.97,5.1351,relay_anchor
altitude_climb,41.0,3,280.0,24.5,57.97,5.1594,peripheral
altitude_climb,41.0,4,280.0,95.5,57.97,5.1594,peripheral
altitude_climb,41.25,0,251.25,54.375,58.2625,5.1594,peripheral
altitude_climb,41.25,1,251.25,65.625,58.2625,5.1594,peripheral
altitude_climb,41.25,2,266.25,60.0,58.2625,5.1351,relay_anchor
altitude_climb,41.25,3,281.25,24.375,58.2625,5.1594,peripheral
altitude_climb,41.25,4,281.25,95.625,58.2625,5.1594,peripheral
altitude_climb,41.5,0,252.5,54.25,58.555,5.1594,peripheral
altitude_climb,41.5,1,252.5,65.75,58.555,5.1594,peripheral
altitude_climb,41.5,2,267.5,60.0,58.555,5.1351,relay_anchor
altitude_climb,41.5,3,282.5,24.25,58.555,5.1594,peripheral
altitude_climb,41.5,4,282.5,95.75,58.555,5.1594,peripheral
altitude_climb,41.75,0,253.75,54.125,58.8475,5.1594,peripheral
altitude_climb,41.75,1,253.75,65.875,58.8475,5.1594,peripheral
altitude_climb,41.75,2,268.75,60.0,58.8475,5.1351,relay_anchor
altitude_climb,41.75,3,283.75,24.125,58.8475,5.1594,peripheral
altitude_climb,41.75,4,283.75,95.875,58.8475,5.1594,peripheral
altitude_climb,42.0,0,255.0,54.0,59.14,5.1594,peripheral
altitude_climb,42.0,1,255.0,66.0,59.14,5.1594,peripheral
altitude_climb,42.0,2,270.0,60.0,59.14,5.1351,relay_anchor
altitude_climb,42.0,3,285.0,24.0,59.14,5.1594,peripheral
altitude_climb,42.0,4,285.0,96.0,59.14,5.1594,peripheral
altitude_climb,42.25,0,256.25,53.875,59.4325,5.1594,peripheral
altitude_climb,42.25,1,256.25,66.125,59.4325,5.1594,peripheral
altitude_climb,42.25,2,271.25,60.0,59.4325,5.1351,relay_anchor
altitude_climb,42.25,3,286.25,23.875,59.4325,5.1594,peripheral
altitude_climb,42.25,4,286.25,96.125,59.4325,5.1594,peripheral
altitude_climb,42.5,0,257.5,53.75,59.725,5.1594,peripheral
altitude_climb,42.5,1,257.5,66.25,59.725,5.1594,peripheral
altitude_climb,42.5,2,272.5,60.0,59.725,5.1351,relay_anchor
altitude_climb,42.5,3,287.5,23.75,59.725,5.1594,peripheral
altitude_climb,42.5,4,287.5,96.25,59.725,5.1594,peripheral
altitude_climb,42.75,0,258.75,53.625,60.0175,5.1594,peripheral
altitude_climb,42.75,1,258.75,66.375,60.0175,5.1594,peripheral
altitude_climb,42.75,2,273.75,60.0,60.0175,5.1351,relay_anchor
altitude_climb,42.75,3,288.75,23.625,60.0175,5.1594,peripheral
altitude_climb,42.75,4,288.75,96.375,60.0175,5.1594,peripheral
altitude_climb,43.0,0,260.0,53.5,60.31,5.1594,peripheral
altitude_climb,43.0,1,260.0,66.5,60.31,5.1594,peripheral
altitude_climb,43.0,2,275.0,60.0,60.31,5.1351,relay_anchor
altitude_climb,43.0,3,290.0,23.5,60.31,5.1594,peripheral
altitude_climb,43.0,4,290.0,96.5,60.31,5.1594,peripheral
altitude_climb,43.25,0,261.25,53.375,60.6025,5.1594,peripheral
altitude_climb,43.25,1,261.25,66.625,60.6025,5.1594,peripheral
altitude_climb,43.25,2,276.25,60.0,60.6025,5.1351,relay_anchor
altitude_climb,43.25,3,291.25,23.375,60.6025,5.1594,peripheral
altitude_climb,43.25,4,291.25,96.625,60.6025,5.1594,peripheral
altitude_climb,43.5,0,262.5,53.25,60.895,5.1594,peripheral
altitude_climb,43.5,1,262.5,66.75,60.895,5.1594,peripheral
altitude_climb,43.5,2,277.5,60.0,60.895,5.1351,relay_anchor
altitude_climb,43.5,3,292.5,23.25,60.895,5.1594,peripheral
altitude_climb,43.5,4,292.5,96.75,60.895,5.1594,peripheral
altitude_climb,43.75,0,263.75,53.125,61.1875,5.1594,peripheral
altitude_climb,43.75,1,263.75,66.875,61.1875,5.1594,peripheral
altitude_climb,43.75,2,278.75,60.0,61.1875,5.1351,relay_anchor
altitude_climb,43.75,3,293.75,23.125,61.1875,5.1594,peripheral
altitude_climb,43.75,4,293.75,96.875,61.1875,5.1594,peripheral
altitude_climb,44.0,0,265.0,53.0,61.48,5.1594,peripheral
altitude_climb,44.0,1,265.0,67.0,61.48,5.1594,peripheral
altitude_climb,44.0,2,280.0,60.0,61.48,5.1351,relay_anchor
altitude_climb,44.0,3,295.0,23.0,61.48,5.1594,peripheral
altitude_climb,44.0,4,295.0,97.0,61.48,5.1594,peripheral
altitude_climb,44.25,0,266.25,52.875,61.7725,5.1594,peripheral
altitude_climb,44.25,1,266.25,67.125,61.7725,5.1594,peripheral
altitude_climb,44.25,2,281.25,60.0,61.7725,5.1351,relay_anchor
altitude_climb,44.25,3,296.25,22.875,61.7725,5.1594,peripheral
altitude_climb,44.25,4,296.25,97.125,61.7725,5.1594,peripheral
altitude_climb,44.5,0,267.5,52.75,62.065,5.1594,peripheral
altitude_climb,44.5,1,267.5,67.25,62.065,5.1594,peripheral
altitude_climb,44.5,2,282.5,60.0,62.065,5.1351,relay_anchor
altitude_climb,44.5,3,297.5,22.75,62.065,5.1594,peripheral
altitude_climb,44.5,4,297.5,97.25,62.065,5.1594,peripheral
altitude_climb,44.75,0,268.75,52.625,62.3575,5.1594,peripheral
altitude_climb,44.75,1,268.75,67.375,62.3575,5.1594,peripheral
altitude_climb,44.75,2,283.75,60.0,62.3575,5.1351,relay_anchor
altitude_climb,44.75,3,298.75,22.625,62.3575,5.1594,peripheral
altitude_climb,44.75,4,298.75,97.375,62.3575,5.1594,peripheral
altitude_climb,45.0,0,270.0,52.5,62.65,5.1594,peripheral
altitude_climb,45.0,1,270.0,67.5,62.65,5.1594,peripheral
altitude_climb,45.0,2,285.0,60.0,62.65,5.1351,relay_anchor
altitude_climb,45.0,3,300.0,22.5,62.65,5.1594,peripheral
altitude_climb,45.0,4,300.0,97.5,62.65,5.1594,peripheral
altitude_climb,45.25,0,271.25,52.375,62.9425,5.1594,peripheral
altitude_climb,45.25,1,271.25,67.625,62.9425,5.1594,peripheral
altitude_climb,45.25,2,286.25,60.0,62.9425,5.1351,relay_anchor
altitude_climb,45.25,3,301.25,22.375,62.9425,5.1594,peripheral
altitude_climb,45.25,4,301.25,97.625,62.9425,5.1594,peripheral
altitude_climb,45.5,0,272.5,52.25,63.235,5.1594,peripheral
altitude_climb,45.5,1,272.5,67.75,63.235,5.1594,peripheral
altitude_climb,45.5,2,287.5,60.0,63.235,5.1351,relay_anchor
altitude_climb,45.5,3,302.5,22.25,63.235,5.1594,peripheral
altitude_climb,45.5,4,302.5,97.75,63.235,5.1594,peripheral
altitude_climb,45.75,0,273.75,52.125,63.5275,5.1594,peripheral
altitude_climb,45.75,1,273.75,67.875,63.5275,5.1594,peripheral
altitude_climb,45.75,2,288.75,60.0,63.5275,5.1351,relay_anchor
altitude_climb,45.75,3,303.75,22.125,63.5275,5.1594,peripheral
altitude_climb,45.75,4,303.75,97.875,63.5275,5.1594,peripheral
altitude_climb,46.0,0,275.0,52.0,63.82,5.1594,peripheral
altitude_climb,46.0,1,275.0,68.0,63.82,5.1594,peripheral
altitude_climb,46.0,2,290.0,60.0,63.82,5.1351,relay_anchor
altitude_climb,46.0,3,305.0,22.0,63.82,5.1594,peripheral
altitude_climb,46.0,4,305.0,98.0,63.82,5.1594,peripheral
altitude_climb,46.25,0,276.25,51.875,64.1125,5.1594,peripheral
altitude_climb,46.25,1,276.25,68.125,64.1125,5.1594,peripheral
altitude_climb,46.25,2,291.25,60.0,64.1125,5.1351,relay_anchor
altitude_climb,46.25,3,306.25,21.875,64.1125,5.1594,peripheral
altitude_climb,46.25,4,306.25,98.125,64.1125,5.1594,peripheral
altitude_climb,46.5,0,277.5,51.75,64.405,5.1594,peripheral
altitude_climb,46.5,1,277.5,68.25,64.405,5.1594,peripheral
altitude_climb,46.5,2,292.5,60.0,64.405,5.1351,relay_anchor
altitude_climb,46.5,3,307.5,21.75,64.405,5.1594,peripheral
altitude_climb,46.5,4,307.5,98.25,64.405,5.1594,peripheral
altitude_climb,46.75,0,278.75,51.625,64.6975,5.1594,peripheral
altitude_climb,46.75,1,278.75,68.375,64.6975,5.1594,peripheral
altitude_climb,46.75,2,293.75,60.0,64.6975,5.1351,relay_anchor
altitude_climb,46.75,3,308.75,21.625,64.6975,5.1594,peripheral
altitude_climb,46.75,4,308.75,98.375,64.6975,5.1594,peripheral
altitude_climb,47.0,0,280.0,51.5,64.99,5.1594,peripheral
altitude_climb,47.0,1,280.0,68.5,64.99,5.1594,peripheral
altitude_climb,47.0,2,295.0,60.0,64.99,5.1351,relay_anchor
altitude_climb,47.0,3,310.0,21.5,64.99,5.1594,peripheral
altitude_climb,47.0,4,310.0,98.5,64.99,5.1594,peripheral
altitude_climb,47.25,0,281.25,51.375,65.2825,5.1594,peripheral
altitude_climb,47.25,1,281.25,68.625,65.2825,5.1594,peripheral
altitude_climb,47.25,2,296.25,60.0,65.2825,5.1351,relay_anchor
altitude_climb,47.25,3,311.25,21.375,65.2825,5.1594,peripheral
altitude_climb,47.25,4,311.25,98.625,65.2825,5.1594,peripheral
altitude_climb,47.5,0,282.5,51.25,65.575,5.1594,peripheral
altitude_climb,47.5,1,282.5,68.75,65.575,5.1594,peripheral
altitude_climb,47.5,2,297.5,60.0,65.575,5.1351,relay_anchor
altitude_climb,47.5,3,312.5,21.25,65.575,5.1594,peripheral
altitude_climb,47.5,4,312.5,98.75,65.575,5.1594,peripheral
altitude_climb,47.75,0,283.75,51.125,65.8675,5.1594,peripheral
altitude_climb,47.75,1,283.75,68.875,65.8675,5.1594,peripheral
altitude_climb,47.75,2,298.75,60.0,65.8675,5.1351,relay_anchor
altitude_climb,47.75,3,313.75,21.125,65.8675,5.1594,peripheral
altitude_climb,47.75,4,313.75,98.875,65.8675,5.1594,peripheral
altitude_climb,48.0,0,285.0,51.0,66.16,5.1594,peripheral
altitude_climb,48.0,1,285.0,69.0,66.16,5.1594,peripheral
altitude_climb,48.0,2,300.0,60.0,66.16,5.1351,relay_anchor
altitude_climb,48.0,3,315.0,21.0,66.16,5.1594,peripheral
altitude_climb,48.0,4,315.0,99.0,66.16,5.1594,peripheral
altitude_climb,48.25,0,286.25,50.875,66.4525,5.1594,peripheral
altitude_climb,48.25,1,286.25,69.125,66.4525,5.1594,peripheral
altitude_climb,48.25,2,301.25,60.0,66.4525,5.1351,relay_anchor
altitude_climb,48.25,3,316.25,20.875,66.4525,5.1594,peripheral
altitude_climb,48.25,4,316.25,99.125,66.4525,5.1594,peripheral
altitude_climb,48.5,0,287.5,50.75,66.745,5.1594,peripheral
altitude_climb,48.5,1,287.5,69.25,66.745,5.1594,peripheral
altitude_climb,48.5,2,302.5,60.0,66.745,5.1351,relay_anchor
altitude_climb,48.5,3,317.5,20.75,66.745,5.1594,peripheral
altitude_climb,48.5,4,317.5,99.25,66.745,5.1594,peripheral
altitude_climb,48.75,0,288.75,50.625,67.0375,5.1594,peripheral
altitude_climb,48.75,1,288.75,69.375,67.0375,5.1594,peripheral
altitude_climb,48.75,2,303.75,60.0,67.0375,5.1351,relay_anchor
altitude_climb,48.75,3,318.75,20.625,67.0375,5.1594,peripheral
altitude_climb,48.75,4,318.75,99.375,67.0375,5.1594,peripheral
altitude_climb,49.0,0,290.0,50.5,67.33,5.1594,peripheral
altitude_climb,49.0,1,290.0,69.5,67.33,5.1594,peripheral
altitude_climb,49.0,2,305.0,60.0,67.33,5.1351,relay_anchor
altitude_climb,49.0,3,320.0,20.5,67.33,5.1594,peripheral
altitude_climb,49.0,4,320.0,99.5,67.33,5.1594,peripheral
altitude_climb,49.25,0,291.25,50.375,67.6225,5.1594,peripheral
altitude_climb,49.25,1,291.25,69.625,67.6225,5.1594,peripheral
altitude_climb,49.25,2,306.25,60.0,67.6225,5.1351,relay_anchor
altitude_climb,49.25,3,321.25,20.375,67.6225,5.1594,peripheral
altitude_climb,49.25,4,321.25,99.625,67.6225,5.1594,peripheral
altitude_climb,49.5,0,292.5,50.25,67.915,5.1594,peripheral
altitude_climb,49.5,1,292.5,69.75,67.915,5.1594,peripheral
altitude_climb,49.5,2,307.5,60.0,67.915,5.1351,relay_anchor
altitude_climb,49.5,3,322.5,20.25,67.915,5.1594,peripheral
altitude_climb,49.5,4,322.5,99.75,67.915,5.1594,peripheral
altitude_climb,49.75,0,293.75,50.125,68.2075,5.1594,peripheral
altitude_climb,49.75,1,293.75,69.875,68.2075,5.1594,peripheral
altitude_climb,49.75,2,308.75,60.0,68.2075,5.1351,relay_anchor
altitude_climb,49.75,3,323.75,20.125,68.2075,5.1594,peripheral
altitude_climb,49.75,4,323.75,99.875,68.2075,5.1594,peripheral
altitude_climb,50.0,0,295.0,50.0,68.5,5.1594,peripheral
altitude_climb,50.0,1,295.0,70.0,68.5,5.1594,peripheral
altitude_climb,50.0,2,310.0,60.0,68.5,5.1351,relay_anchor
altitude_climb,50.0,3,325.0,20.0,68.5,5.1594,peripheral
altitude_climb,50.0,4,325.0,100.0,68.5,5.1594,peripheral
altitude_climb,50.25,0,296.25,49.875,68.7925,5.1594,peripheral
altitude_climb,50.25,1,296.25,70.125,68.7925,5.1594,peripheral
altitude_climb,50.25,2,311.25,60.0,68.7925,5.1351,relay_anchor
altitude_climb,50.25,3,326.25,19.875,68.7925,5.1594,peripheral
altitude_climb,50.25,4,326.25,100.125,68.7925,5.1594,peripheral
altitude_climb,50.5,0,297.5,49.75,69.085,5.1594,peripheral
altitude_climb,50.5,1,297.5,70.25,69.085,5.1594,peripheral
altitude_climb,50.5,2,312.5,60.0,69.085,5.1351,relay_anchor
altitude_climb,50.5,3,327.5,19.75,69.085,5.1594,peripheral
altitude_climb,50.5,4,327.5,100.25,69.085,5.1594,peripheral
altitude_climb,50.75,0,298.75,49.625,69.3775,5.1594,peripheral
altitude_climb,50.75,1,298.75,70.375,69.3775,5.1594,peripheral
altitude_climb,50.75,2,313.75,60.0,69.3775,5.1351,relay_anchor
altitude_climb,50.75,3,328.75,19.625,69.3775,5.1594,peripheral
altitude_climb,50.75,4,328.75,100.375,69.3775,5.1594,peripheral
altitude_climb,51.0,0,300.0,49.5,69.67,5.1594,peripheral
altitude_climb,51.0,1,300.0,70.5,69.67,5.1594,peripheral
altitude_climb,51.0,2,315.0,60.0,69.67,5.1351,relay_anchor
altitude_climb,51.0,3,330.0,19.5,69.67,5.1594,peripheral
altitude_climb,51.0,4,330.0,100.5,69.67,5.1594,peripheral
altitude_climb,51.25,0,301.25,49.375,69.9625,5.1594,peripheral
altitude_climb,51.25,1,301.25,70.625,69.9625,5.1594,peripheral
altitude_climb,51.25,2,316.25,60.0,69.9625,5.1351,relay_anchor
altitude_climb,51.25,3,331.25,19.375,69.9625,5.1594,peripheral
altitude_climb,51.25,4,331.25,100.625,69.9625,5.1594,peripheral
altitude_climb,51.5,0,302.5,49.25,70.255,5.1594,peripheral
altitude_climb,51.5,1,302.5,70.75,70.255,5.1594,peripheral
altitude_climb,51.5,2,317.5,60.0,70.255,5.1351,relay_anchor
altitude_climb,51.5,3,332.5,19.25,70.255,5.1594,peripheral
altitude_climb,51.5,4,332.5,100.75,70.255,5.1594,peripheral
altitude_climb,51.75,0,303.75,49.125,70.5475,5.1594,peripheral
altitude_climb,51.75,1,303.75,70.875,70.5475,5.1594,peripheral
altitude_climb,51.75,2,318.75,60.0,70.5475,5.1351,relay_anchor
altitude_climb,51.75,3,333.75,19.125,70.5475,5.1594,peripheral
altitude_climb,51.75,4,333.75,100.875,70.5475,5.1594,peripheral
altitude_climb,52.0,0,305.0,49.0,70.84,5.1594,peripheral
altitude_climb,52.0,1,305.0,71.0,70.84,5.1594,peripheral
altitude_climb,52.0,2,320.0,60.0,70.84,5.1351,relay_anchor
altitude_climb,52.0,3,335.0,19.0,70.84,5.1594,peripheral
altitude_climb,52.0,4,335.0,101.0,70.84,5.1594,peripheral
altitude_climb,52.25,0,306.25,48.875,71.1325,5.1594,peripheral
altitude_climb,52.25,1,306.25,71.125,71.1325,5.1594,peripheral
altitude_climb,52.25,2,321.25,60.0,71.1325,5.1351,relay_anchor
altitude_climb,52.25,3,336.25,18.875,71.1325,5.1594,peripheral
altitude_climb,52.25,4,336.25,101.125,71.1325,5.1594,peripheral
altitude_climb,52.5,0,307.5,48.75,71.425,5.1594,peripheral
altitude_climb,52.5,1,307.5,71.25,71.425,5.1594,peripheral
altitude_climb,52.5,2,322.5,60.0,71.425,5.1351,relay_anchor
altitude_climb,52.5,3,337.5,18.75,71.425,5.1594,peripheral
altitude_climb,52.5,4,337.5,101.25,71.425,5.1594,peripheral
altitude_climb,52.75,0,308.75,48.625,71.7175,5.1594,peripheral
altitude_climb,52.75,1,308.75,71.375,71.7175,5.1594,peripheral
altitude_climb,52.75,2,323.75,60.0,71.7175,5.1351,relay_anchor
altitude_climb,52.75,3,338.75,18.625,71.7175,5.1594,peripheral
altitude_climb,52.75,4,338.75,101.375,71.7175,5.1594,peripheral
altitude_climb,53.0,0,310.0,48.5,72.01,5.1594,peripheral
altitude_climb,53.0,1,310.0,71.5,72.01,5.1594,peripheral
altitude_climb,53.0,2,325.0,60.0,72.01,5.1351,relay_anchor
altitude_climb,53.0,3,340.0,18.5,72.01,5.1594,peripheral
altitude_climb,53.0,4,340.0,101.5,72.01,5.1594,peripheral
altitude_climb,53.25,0,311.25,48.375,72.3025,5.1594,peripheral
altitude_climb,53.25,1,311.25,71.625,72.3025,5.1594,peripheral
altitude_climb,53.25,2,326.25,60.0,72.3025,5.1351,relay_anchor
altitude_climb,53.25,3,341.25,18.375,72.3025,5.1594,peripheral
altitude_climb,53.25,4,341.25,101.625,72.3025,5.1594,peripheral
altitude_climb,53.5,0,312.5,48.25,72.595,5.1594,peripheral
altitude_climb,53.5,1,312.5,71.75,72.595,5.1594,peripheral
altitude_climb,53.5,2,327.5,60.0,72.595,5.1351,relay_anchor
altitude_climb,53.5,3,342.5,18.25,72.595,5.1594,peripheral
altitude_climb,53.5,4,342.5,101.75,72.595,5.1594,peripheral
altitude_climb,53.75,0,313.75,48.125,72.8875,5.1594,peripheral
altitude_climb,53.75,1,313.75,71.875,72.8875,5.1594,peripheral
altitude_climb,53.75,2,328.75,60.0,72.8875,5.1351,relay_anchor
altitude_climb,53.75,3,343.75,18.125,72.8875,5.1594,peripheral
altitude_climb,53.75,4,343.75,101.875,72.8875,5.1594,peripheral
altitude_climb,54.0,0,315.0,48.0,73.18,5.1594,peripheral
altitude_climb,54.0,1,315.0,72.0,73.18,5.1594,peripheral
altitude_climb,54.0,2,330.0,60.0,73.18,5.1351,relay_anchor
altitude_climb,54.0,3,345.0,18.0,73.18,5.1594,peripheral
altitude_climb,54.0,4,345.0,102.0,73.18,5.1594,peripheral
altitude_climb,54.25,0,316.25,47.875,73.4725,5.1594,peripheral
altitude_climb,54.25,1,316.25,72.125,73.4725,5.1594,peripheral
altitude_climb,54.25,2,331.25,60.0,73.4725,5.1351,relay_anchor
altitude_climb,54.25,3,346.25,17.875,73.4725,5.1594,peripheral
altitude_climb,54.25,4,346.25,102.125,73.4725,5.1594,peripheral
altitude_climb,54.5,0,317.5,47.75,73.765,5.1594,peripheral
altitude_climb,54.5,1,317.5,72.25,73.765,5.1594,peripheral
altitude_climb,54.5,2,332.5,60.0,73.765,5.1351,relay_anchor
altitude_climb,54.5,3,347.5,17.75,73.765,5.1594,peripheral
altitude_climb,54.5,4,347.5,102.25,73.765,5.1594,peripheral
altitude_climb,54.75,0,318.75,47.625,74.0575,5.1594,peripheral
altitude_climb,54.75,1,318.75,72.375,74.0575,5.1594,peripheral
altitude_climb,54.75,2,333.75,60.0,74.0575,5.1351,relay_anchor
altitude_climb,54.75,3,348.75,17.625,74.0575,5.1594,peripheral
altitude_climb,54.75,4,348.75,102.375,74.0575,5.1594,peripheral
altitude_climb,55.0,0,320.0,47.5,74.35,5.1594,peripheral
altitude_climb,55.0,1,320.0,72.5,74.35,5.1594,peripheral
altitude_climb,55.0,2,335.0,60.0,74.35,5.1351,relay_anchor
altitude_climb,55.0,3,350.0,17.5,74.35,5.1594,peripheral
altitude_climb,55.0,4,350.0,102.5,74.35,5.1594,peripheral
altitude_climb,55.25,0,321.25,47.375,74.6425,5.1594,peripheral
altitude_climb,55.25,1,321.25,72.625,74.6425,5.1594,peripheral
altitude_climb,55.25,2,336.25,60.0,74.6425,5.1351,relay_anchor
altitude_climb,55.25,3,351.25,17.375,74.6425,5.1594,peripheral
altitude_climb,55.25,4,351.25,102.625,74.6425,5.1594,peripheral
altitude_climb,55.5,0,322.5,47.25,74.935,5.1594,peripheral
altitude_climb,55.5,1,322.5,72.75,74.935,5.1594,peripheral
altitude_climb,55.5,2,337.5,60.0,74.935,5.1351,relay_anchor
altitude_climb,55.5,3,352.5,17.25,74.935,5.1594,peripheral
altitude_climb,55.5,4,352.5,102.75,74.935,5.1594,peripheral
altitude_climb,55.75,0,323.75,47.125,75.2275,5.1594,peripheral
altitude_climb,55.75,1,323.75,72.875,75.2275,5.1594,peripheral
altitude_climb,55.75,2,338.75,60.0,75.2275,5.1351,relay_anchor
altitude_climb,55.75,3,353.75,17.125,75.2275,5.1594,peripheral
altitude_climb,55.75,4,353.75,102.875,75.2275,5.1594,peripheral
altitude_climb,56.0,0,325.0,47.0,75.52,5.1594,peripheral
altitude_climb,56.0,1,325.0,73.0,75.52,5.1594,peripheral
altitude_climb,56.0,2,340.0,60.0,75.52,5.1351,relay_anchor
altitude_climb,56.0,3,355.0,17.0,75.52,5.1594,peripheral
altitude_climb,56.0,4,355.0,103.0,75.52,5.1594,peripheral
altitude_climb,56.25,0,326.25,46.875,75.8125,5.1594,peripheral
altitude_climb,56.25,1,326.25,73.125,75.8125,5.1594,peripheral
altitude_climb,56.25,2,341.25,60.0,75.8125,5.1351,relay_anchor
altitude_climb,56.25,3,356.25,16.875,75.8125,5.1594,peripheral
altitude_climb,56.25,4,356.25,103.125,75.8125,5.1594,peripheral
altitude_climb,56.5,0,327.5,46.75,76.105,5.1594,peripheral
altitude_climb,56.5,1,327.5,73.25,76.105,5.1594,peripheral
altitude_climb,56.5,2,342.5,60.0,76.105,5.1351,relay_anchor
altitude_climb,56.5,3,357.5,16.75,76.105,5.1594,peripheral
altitude_climb,56.5,4,357.5,103.25,76.105,5.1594,peripheral
altitude_climb,56.75,0,328.75,46.625,76.3975,5.1594,peripheral
altitude_climb,56.75,1,328.75,73.375,76.3975,5.1594,peripheral
altitude_climb,56.75,2,343.75,60.0,76.3975,5.1351,relay_anchor
altitude_climb,56.75,3,358.75,16.625,76.3975,5.1594,peripheral
altitude_climb,56.75,4,358.75,103.375,76.3975,5.1594,peripheral
altitude_climb,57.0,0,330.0,46.5,76.69,5.1594,peripheral
altitude_climb,57.0,1,330.0,73.5,76.69,5.1594,peripheral
altitude_climb,57.0,2,345.0,60.0,76.69,5.1351,relay_anchor
altitude_climb,57.0,3,360.0,16.5,76.69,5.1594,peripheral
altitude_climb,57.0,4,360.0,103.5,76.69,5.1594,peripheral
altitude_climb,57.25,0,331.25,46.375,76.9825,5.1594,peripheral
altitude_climb,57.25,1,331.25,73.625,76.9825,5.1594,peripheral
altitude_climb,57.25,2,346.25,60.0,76.9825,5.1351,relay_anchor
altitude_climb,57.25,3,361.25,16.375,76.9825,5.1594,peripheral
altitude_climb,57.25,4,361.25,103.625,76.9825,5.1594,peripheral
altitude_climb,57.5,0,332.5,46.25,77.275,5.1594,peripheral
altitude_climb,57.5,1,332.5,73.75,77.275,5.1594,peripheral
altitude_climb,57.5,2,347.5,60.0,77.275,5.1351,relay_anchor
altitude_climb,57.5,3,362.5,16.25,77.275,5.1594,peripheral
altitude_climb,57.5,4,362.5,103.75,77.275,5.1594,peripheral
altitude_climb,57.75,0,333.75,46.125,77.5675,5.1594,peripheral
altitude_climb,57.75,1,333.75,73.875,77.5675,5.1594,peripheral
altitude_climb,57.75,2,348.75,60.0,77.5675,5.1351,relay_anchor
altitude_climb,57.75,3,363.75,16.125,77.5675,5.1594,peripheral
altitude_climb,57.75,4,363.75,103.875,77.5675,5.1594,peripheral
altitude_climb,58.0,0,335.0,46.0,77.86,5.1594,peripheral
altitude_climb,58.0,1,335.0,74.0,77.86,5.1594,peripheral
altitude_climb,58.0,2,350.0,60.0,77.86,5.1351,relay_anchor
altitude_climb,58.0,3,365.0,16.0,77.86,5.1594,peripheral
altitude_climb,58.0,4,365.0,104.0,77.86,5.1594,peripheral
altitude_climb,58.25,0,336.25,45.875,78.1525,5.1594,peripheral
altitude_climb,58.25,1,336.25,74.125,78.1525,5.1594,peripheral
altitude_climb,58.25,2,351.25,60.0,78.1525,5.1351,relay_anchor
altitude_climb,58.25,3,366.25,15.875,78.1525,5.1594,peripheral
altitude_climb,58.25,4,366.25,104.125,78.1525,5.1594,peripheral
altitude_climb,58.5,0,337.5,45.75,78.445,5.1594,peripheral
altitude_climb,58.5,1,337.5,74.25,78.445,5.1594,peripheral
altitude_climb,58.5,2,352.5,60.0,78.445,5.1351,relay_anchor
altitude_climb,58.5,3,367.5,15.75,78.445,5.1594,peripheral
altitude_climb,58.5,4,367.5,104.25,78.445,5.1594,peripheral
altitude_climb,58.75,0,338.75,45.625,78.7375,5.1594,peripheral
altitude_climb,58.75,1,338.75,74.375,78.7375,5.1594,peripheral
altitude_climb,58.75,2,353.75,60.0,78.7375,5.1351,relay_anchor
altitude_climb,58.75,3,368.75,15.625,78.7375,5.1594,peripheral
altitude_climb,58.75,4,368.75,104.375,78.7375,5.1594,peripheral
altitude_climb,59.0,0,340.0,45.5,79.03,5.1594,peripheral
altitude_climb,59.0,1,340.0,74.5,79.03,5.1594,peripheral
altitude_climb,59.0,2,355.0,60.0,79.03,5.1351,relay_anchor
altitude_climb,59.0,3,370.0,15.5,79.03,5.1594,peripheral
altitude_climb,59.0,4,370.0,104.5,79.03,5.1594,peripheral
altitude_climb,59.25,0,341.25,45.375,79.3225,5.1594,peripheral
altitude_climb,59.25,1,341.25,74.625,79.3225,5.1594,peripheral
altitude_climb,59.25,2,356.25,60.0,79.3225,5.1351,relay_anchor
altitude_climb,59.25,3,371.25,15.375,79.3225,5.1594,peripheral
altitude_climb,59.25,4,371.25,104.625,79.3225,5.1594,peripheral
altitude_climb,59.5,0,342.5,45.25,79.615,5.1594,peripheral
altitude_climb,59.5,1,342.5,74.75,79.615,5.1594,peripheral
altitude_climb,59.5,2,357.5,60.0,79.615,5.1351,relay_anchor
altitude_climb,59.5,3,372.5,15.25,79.615,5.1594,peripheral
altitude_climb,59.5,4,372.5,104.75,79.615,5.1594,peripheral
altitude_climb,59.75,0,343.75,45.125,79.9075,5.1594,peripheral
altitude_climb,59.75,1,343.75,74.875,79.9075,5.1594,peripheral
altitude_climb,59.75,2,358.75,60.0,79.9075,5.1351,relay_anchor
altitude_climb,59.75,3,373.75,15.125,79.9075,5.1594,peripheral
altitude_climb,59.75,4,373.75,104.875,79.9075,5.1594,peripheral
altitude_climb,60.0,0,345.0,45.0,80.2,5.1594,peripheral
altitude_climb,60.0,1,345.0,75.0,80.2,5.1594,peripheral
altitude_climb,60.0,2,360.0,60.0,80.2,5.1351,relay_anchor
altitude_climb,60.0,3,375.0,15.0,80.2,5.1594,peripheral
altitude_climb,60.0,4,375.0,105.0,80.2,5.1594,peripheral
vertical_relay,0.0,0,80.0,60.0,10.0,1.118,peripheral
vertical_relay,0.0,1,90.0,70.0,25.0,0.866,peripheral
vertical_relay,0.0,2,100.0,60.0,40.0,0.0,relay_anchor
vertical_relay,0.0,3,110.0,50.0,60.0,0.866,peripheral
vertical_relay,0.0,4,120.0,60.0,80.0,1.118,peripheral
vertical_relay,0.25,0,79.75,60.125,10.0,1.118,peripheral
vertical_relay,0.25,1,90.125,69.875,25.125,0.866,peripheral
vertical_relay,0.25,2,100.0,60.0,40.0,0.0,relay_anchor
vertical_relay,0.25,3,110.125,50.125,59.875,0.866,peripheral
vertical_relay,0.25,4,120.25,59.875,80.0,1.118,peripheral
vertical_relay,0.5,0,79.5,60.25,10.0,1.118,peripheral
vertical_relay,0.5,1,90.25,69.75,25.25,0.866,peripheral
vertical_relay,0.5,2,100.0,60.0,40.0,0.0,relay_anchor
vertical_relay,0.5,3,110.25,50.25,59.75,0.866,peripheral
vertical_relay,0.5,4,120.5,59.75,80.0,1.118,peripheral
vertical_relay,0.75,0,79.25,60.375,10.0,1.118,peripheral
vertical_relay,0.75,1,90.375,69.625,25.375,0.866,peripheral
vertical_relay,0.75,2,100.0,60.0,40.0,0.0,relay_anchor
vertical_relay,0.75,3,110.375,50.375,59.625,0.866,peripheral
vertical_relay,0.75,4,120.75,59.625,80.0,1.118,peripheral
vertical_relay,1.0,0,79.0,60.5,10.0,1.118,peripheral
vertical_relay,1.0,1,90.5,69.5,25.5,0.866,peripheral
vertical_relay,1.0,2,100.0,60.0,40.0,0.0,relay_anchor
vertical_relay,1.0,3,110.5,50.5,59.5,0.866,peripheral
vertical_relay,1.0,4,121.0,59.5,80.0,1.118,peripheral
vertical_relay,1.25,0,78.75,60.625,10.0,1.118,peripheral
vertical_relay,1.25,1,90.625,69.375,25.625,0.866,peripheral
vertical_relay,1.25,2,100.0,60.0,40.0,0.0,relay_anchor
vertical_relay,1.25,3,110.625,50.625,59.375,0.866,peripheral
vertical_relay,1.25,4,121.25,59.375,80.0,1.118,peripheral
vertical_relay,1.5,0,78.5,60.75,10.0,1.118,peripheral
vertical_relay,1.5,1,90.75,69.25,25.75,0.866,peripheral
vertical_relay,1.5,2,100.0,60.0,40.0,0.0,relay_anchor
vertical_relay,1.5,3,110.75,50.75,59.25,0.866,peripheral
vertical_relay,1.5,4,121.5,59.25,80.0,1.118,peripheral
vertical_relay,1.75,0,78.25,60.875,10.0,1.118,peripheral
vertical_relay,1.75,1,90.875,69.125,25.875,0.866,peripheral
vertical_relay,1.75,2,100.0,60.0,40.0,0.0,relay_anchor
vertical_relay,1.75,3,110.875,50.875,59.125,0.866,peripheral
vertical_relay,1.75,4,121.75,59.125,80.0,1.118,peripheral
vertical_relay,2.0,0,78.0,61.0,10.0,1.118,peripheral
vertical_relay,2.0,1,91.0,69.0,26.0,0.866,peripheral
vertical_relay,2.0,2,100.0,60.0,40.0,0.0,relay_anchor
vertical_relay,2.0,3,111.0,51.0,59.0,0.866,peripheral
vertical_relay,2.0,4,122.0,59.0,80.0,1.118,peripheral
vertical_relay,2.25,0,77.75,61.125,10.0,1.118,peripheral
vertical_relay,2.25,1,91.125,68.875,26.125,0.866,peripheral
vertical_relay,2.25,2,100.0,60.0,40.0,0.0,relay_anchor
vertical_relay,2.25,3,111.125,51.125,58.875,0.866,peripheral
vertical_relay,2.25,4,122.25,58.875,80.0,1.118,peripheral
vertical_relay,2.5,0,77.5,61.25,10.0,1.118,peripheral
vertical_relay,2.5,1,91.25,68.75,26.25,0.866,peripheral
vertical_relay,2.5,2,100.0,60.0,40.0,0.0,relay_anchor
vertical_relay,2.5,3,111.25,51.25,58.75,0.866,peripheral
vertical_relay,2.5,4,122.5,58.75,80.0,1.118,peripheral
vertical_relay,2.75,0,77.25,61.375,10.0,1.118,peripheral
vertical_relay,2.75,1,91.375,68.625,26.375,0.866,peripheral
vertical_relay,2.75,2,100.0,60.0,40.0,0.0,relay_anchor
vertical_relay,2.75,3,111.375,51.375,58.625,0.866,peripheral
vertical_relay,2.75,4,122.75,58.625,80.0,1.118,peripheral
vertical_relay,3.0,0,77.0,61.5,10.0,1.118,peripheral
vertical_relay,3.0,1,91.5,68.5,26.5,0.866,peripheral
vertical_relay,3.0,2,100.0,60.0,40.0,0.0,relay_anchor
vertical_relay,3.0,3,111.5,51.5,58.5,0.866,peripheral
vertical_relay,3.0,4,123.0,58.5,80.0,1.118,peripheral
vertical_relay,3.25,0,76.75,61.625,10.0,1.118,peripheral
vertical_relay,3.25,1,91.625,68.375,26.625,0.866,peripheral
vertical_relay,3.25,2,100.0,60.0,40.0,0.0,relay_anchor
vertical_relay,3.25,3,111.625,51.625,58.375,0.866,peripheral
vertical_relay,3.25,4,123.25,58.375,80.0,1.118,peripheral
vertical_relay,3.5,0,76.5,61.75,10.0,1.118,peripheral
vertical_relay,3.5,1,91.75,68.25,26.75,0.866,peripheral
vertical_relay,3.5,2,100.0,60.0,40.0,0.0,relay_anchor
vertical_relay,3.5,3,111.75,51.75,58.25,0.866,peripheral
vertical_relay,3.5,4,123.5,58.25,80.0,1.118,peripheral
vertical_relay,3.75,0,76.25,61.875,10.0,1.118,peripheral
vertical_relay,3.75,1,91.875,68.125,26.875,0.866,peripheral
vertical_relay,3.75,2,100.0,60.0,40.0,0.0,relay_anchor
vertical_relay,3.75,3,111.875,51.875,58.125,0.866,peripheral
vertical_relay,3.75,4,123.75,58.125,80.0,1.118,peripheral
vertical_relay,4.0,0,76.0,62.0,10.0,1.118,peripheral
vertical_relay,4.0,1,92.0,68.0,27.0,0.866,peripheral
vertical_relay,4.0,2,100.0,60.0,40.0,0.0,relay_anchor
vertical_relay,4.0,3,112.0,52.0,58.0,0.866,peripheral
vertical_relay,4.0,4,124.0,58.0,80.0,1.118,peripheral
vertical_relay,4.25,0,75.75,62.125,10.0,1.118,peripheral
vertical_relay,4.25,1,92.125,67.875,27.125,0.866,peripheral
vertical_relay,4.25,2,100.0,60.0,40.0,0.0,relay_anchor
vertical_relay,4.25,3,112.125,52.125,57.875,0.866,peripheral
vertical_relay,4.25,4,124.25,57.875,80.0,1.118,peripheral
vertical_relay,4.5,0,75.5,62.25,10.0,1.118,peripheral
vertical_relay,4.5,1,92.25,67.75,27.25,0.866,peripheral
vertical_relay,4.5,2,100.0,60.0,40.0,0.0,relay_anchor
vertical_relay,4.5,3,112.25,52.25,57.75,0.866,peripheral
vertical_relay,4.5,4,124.5,57.75,80.0,1.118,peripheral
vertical_relay,4.75,0,75.25,62.375,10.0,1.118,peripheral
vertical_relay,4.75,1,92.375,67.625,27.375,0.866,peripheral
vertical_relay,4.75,2,100.0,60.0,40.0,0.0,relay_anchor
vertical_relay,4.75,3,112.375,52.375,57.625,0.866,peripheral
vertical_relay,4.75,4,124.75,57.625,80.0,1.118,peripheral
vertical_relay,5.0,0,75.0,62.5,10.0,1.118,peripheral
vertical_relay,5.0,1,92.5,67.5,27.5,0.866,peripheral
vertical_relay,5.0,2,100.0,60.0,40.0,0.0,relay_anchor
vertical_relay,5.0,3,112.5,52.5,57.5,0.866,peripheral
vertical_relay,5.0,4,125.0,57.5,80.0,1.118,peripheral
vertical_relay,5.25,0,74.75,62.625,10.0,1.118,peripheral
vertical_relay,5.25,1,92.625,67.375,27.625,0.866,peripheral
vertical_relay,5.25,2,100.0,60.0,40.0,0.0,relay_anchor
vertical_relay,5.25,3,112.625,52.625,57.375,0.866,peripheral
vertical_relay,5.25,4,125.25,57.375,80.0,1.118,peripheral
vertical_relay,5.5,0,74.5,62.75,10.0,1.118,peripheral
vertical_relay,5.5,1,92.75,67.25,27.75,0.866,peripheral
vertical_relay,5.5,2,100.0,60.0,40.0,0.0,relay_anchor
vertical_relay,5.5,3,112.75,52.75,57.25,0.866,peripheral
vertical_relay,5.5,4,125.5,57.25,80.0,1.118,peripheral
vertical_relay,5.75,0,74.25,62.875,10.0,1.118,peripheral
vertical_relay,5.75,1,92.875,67.125,27.875,0.866,peripheral
vertical_relay,5.75,2,100.0,60.0,40.0,0.0,relay_anchor
vertical_relay,5.75,3,112.875,52.875,57.125,0.866,peripheral
vertical_relay,5.75,4,125.75,57.125,80.0,1.118,peripheral
vertical_relay,6.0,0,74.0,63.0,10.0,1.118,peripheral
vertical_relay,6.0,1,93.0,67.0,28.0,0.866,peripheral
vertical_relay,6.0,2,100.0,60.0,40.0,0.0,relay_anchor
vertical_relay,6.0,3,113.0,53.0,57.0,0.866,peripheral
vertical_relay,6.0,4,126.0,57.0,80.0,1.118,peripheral
vertical_relay,6.25,0,73.75,63.125,10.0,1.118,peripheral
vertical_relay,6.25,1,93.125,66.875,28.125,0.866,peripheral
vertical_relay,6.25,2,100.0,60.0,40.0,0.0,relay_anchor
vertical_relay,6.25,3,113.125,53.125,56.875,0.866,peripheral
vertical_relay,6.25,4,126.25,56.875,80.0,1.118,peripheral
vertical_relay,6.5,0,73.5,63.25,10.0,1.118,peripheral
vertical_relay,6.5,1,93.25,66.75,28.25,0.866,peripheral
vertical_relay,6.5,2,100.0,60.0,40.0,0.0,relay_anchor
vertical_relay,6.5,3,113.25,53.25,56.75,0.866,peripheral
vertical_relay,6.5,4,126.5,56.75,80.0,1.118,peripheral
vertical_relay,6.75,0,73.25,63.375,10.0,1.118,peripheral
vertical_relay,6.75,1,93.375,66.625,28.375,0.866,peripheral
vertical_relay,6.75,2,100.0,60.0,40.0,0.0,relay_anchor
vertical_relay,6.75,3,113.375,53.375,56.625,0.866,peripheral
vertical_relay,6.75,4,126.75,56.625,80.0,1.118,peripheral
vertical_relay,7.0,0,73.0,63.5,10.0,1.118,peripheral
vertical_relay,7.0,1,93.5,66.5,28.5,0.866,peripheral
vertical_relay,7.0,2,100.0,60.0,40.0,0.0,relay_anchor
vertical_relay,7.0,3,113.5,53.5,56.5,0.866,peripheral
vertical_relay,7.0,4,127.0,56.5,80.0,1.118,peripheral
vertical_relay,7.25,0,72.75,63.625,10.0,1.118,peripheral
vertical_relay,7.25,1,93.625,66.375,28.625,0.866,peripheral
vertical_relay,7.25,2,100.0,60.0,40.0,0.0,relay_anchor
vertical_relay,7.25,3,113.625,53.625,56.375,0.866,peripheral
vertical_relay,7.25,4,127.25,56.375,80.0,1.118,peripheral
vertical_relay,7.5,0,72.5,63.75,10.0,1.118,peripheral
vertical_relay,7.5,1,93.75,66.25,28.75,0.866,peripheral
vertical_relay,7.5,2,100.0,60.0,40.0,0.0,relay_anchor
vertical_relay,7.5,3,113.75,53.75,56.25,0.866,peripheral
vertical_relay,7.5,4,127.5,56.25,80.0,1.118,peripheral
vertical_relay,7.75,0,72.25,63.875,10.0,1.118,peripheral
vertical_relay,7.75,1,93.875,66.125,28.875,0.866,peripheral
vertical_relay,7.75,2,100.0,60.0,40.0,0.0,relay_anchor
vertical_relay,7.75,3,113.875,53.875,56.125,0.866,peripheral
vertical_relay,7.75,4,127.75,56.125,80.0,1.118,peripheral
vertical_relay,8.0,0,72.0,64.0,10.0,1.118,peripheral
vertical_relay,8.0,1,94.0,66.0,29.0,0.866,peripheral
vertical_relay,8.0,2,100.0,60.0,40.0,0.0,relay_anchor
vertical_relay,8.0,3,114.0,54.0,56.0,0.866,peripheral
vertical_relay,8.0,4,128.0,56.0,80.0,1.118,peripheral
vertical_relay,8.25,0,71.75,64.125,10.0,1.118,peripheral
vertical_relay,8.25,1,94.125,65.875,29.125,0.866,peripheral
vertical_relay,8.25,2,100.0,60.0,40.0,0.0,relay_anchor
vertical_relay,8.25,3,114.125,54.125,55.875,0.866,peripheral
vertical_relay,8.25,4,128.25,55.875,80.0,1.118,peripheral
vertical_relay,8.5,0,71.5,64.25,10.0,1.118,peripheral
vertical_relay,8.5,1,94.25,65.75,29.25,0.866,peripheral
vertical_relay,8.5,2,100.0,60.0,40.0,0.0,relay_anchor
vertical_relay,8.5,3,114.25,54.25,55.75,0.866,peripheral
vertical_relay,8.5,4,128.5,55.75,80.0,1.118,peripheral
vertical_relay,8.75,0,71.25,64.375,10.0,1.118,peripheral
vertical_relay,8.75,1,94.375,65.625,29.375,0.866,peripheral
vertical_relay,8.75,2,100.0,60.0,40.0,0.0,relay_anchor
vertical_relay,8.75,3,114.375,54.375,55.625,0.866,peripheral
vertical_relay,8.75,4,128.75,55.625,80.0,1.118,peripheral
vertical_relay,9.0,0,71.0,64.5,10.0,1.118,peripheral
vertical_relay,9.0,1,94.5,65.5,29.5,0.866,peripheral
vertical_relay,9.0,2,100.0,60.0,40.0,0.0,relay_anchor
vertical_relay,9.0,3,114.5,54.5,55.5,0.866,peripheral
vertical_relay,9.0,4,129.0,55.5,80.0,1.118,peripheral
vertical_relay,9.25,0,70.75,64.625,10.0,1.118,peripheral
vertical_relay,9.25,1,94.625,65.375,29.625,0.866,peripheral
vertical_relay,9.25,2,100.0,60.0,40.0,0.0,relay_anchor
vertical_relay,9.25,3,114.625,54.625,55.375,0.866,peripheral
vertical_relay,9.25,4,129.25,55.375,80.0,1.118,peripheral
vertical_relay,9.5,0,70.5,64.75,10.0,1.118,peripheral
vertical_relay,9.5,1,94.75,65.25,29.75,0.866,peripheral
vertical_relay,9.5,2,100.0,60.0,40.0,0.0,relay_anchor
vertical_relay,9.5,3,114.75,54.75,55.25,0.866,peripheral
vertical_relay,9.5,4,129.5,55.25,80.0,1.118,peripheral
vertical_relay,9.75,0,70.25,64.875,10.0,1.118,peripheral
vertical_relay,9.75,1,94.875,65.125,29.875,0.866,peripheral
vertical_relay,9.75,2,100.0,60.0,40.0,0.0,relay_anchor
vertical_relay,9.75,3,114.875,54.875,55.125,0.866,peripheral
vertical_relay,9.75,4,129.75,55.125,80.0,1.118,peripheral
vertical_relay,10.0,0,70.0,65.0,10.0,1.118,peripheral
vertical_relay,10.0,1,95.0,65.0,30.0,0.866,peripheral
vertical_relay,10.0,2,100.0,60.0,40.0,0.0,relay_anchor
vertical_relay,10.0,3,115.0,55.0,55.0,0.866,peripheral
vertical_relay,10.0,4,130.0,55.0,80.0,1.118,peripheral
vertical_relay,10.25,0,69.75,65.125,10.0,1.118,peripheral
vertical_relay,10.25,1,95.125,64.875,30.125,0.866,peripheral
vertical_relay,10.25,2,100.0,60.0,40.0,0.0,relay_anchor
vertical_relay,10.25,3,115.125,55.125,54.875,0.866,peripheral
vertical_relay,10.25,4,130.25,54.875,80.0,1.118,peripheral
vertical_relay,10.5,0,69.5,65.25,10.0,1.118,peripheral
vertical_relay,10.5,1,95.25,64.75,30.25,0.866,peripheral
vertical_relay,10.5,2,100.0,60.0,40.0,0.0,relay_anchor
vertical_relay,10.5,3,115.25,55.25,54.75,0.866,peripheral
vertical_relay,10.5,4,130.5,54.75,80.0,1.118,peripheral
vertical_relay,10.75,0,69.25,65.375,10.0,1.118,peripheral
vertical_relay,10.75,1,95.375,64.625,30.375,0.866,peripheral
vertical_relay,10.75,2,100.0,60.0,40.0,0.0,relay_anchor
vertical_relay,10.75,3,115.375,55.375,54.625,0.866,peripheral
vertical_relay,10.75,4,130.75,54.625,80.0,1.118,peripheral
vertical_relay,11.0,0,69.0,65.5,10.0,1.118,peripheral
vertical_relay,11.0,1,95.5,64.5,30.5,0.866,peripheral
vertical_relay,11.0,2,100.0,60.0,40.0,0.0,relay_anchor
vertical_relay,11.0,3,115.5,55.5,54.5,0.866,peripheral
vertical_relay,11.0,4,131.0,54.5,80.0,1.118,peripheral
vertical_relay,11.25,0,68.75,65.625,10.0,1.118,peripheral
vertical_relay,11.25,1,95.625,64.375,30.625,0.866,peripheral
vertical_relay,11.25,2,100.0,60.0,40.0,0.0,relay_anchor
vertical_relay,11.25,3,115.625,55.625,54.375,0.866,peripheral
vertical_relay,11.25,4,131.25,54.375,80.0,1.118,peripheral
vertical_relay,11.5,0,68.5,65.75,10.0,1.118,peripheral
vertical_relay,11.5,1,95.75,64.25,30.75,0.866,peripheral
vertical_relay,11.5,2,100.0,60.0,40.0,0.0,relay_anchor
vertical_relay,11.5,3,115.75,55.75,54.25,0.866,peripheral
vertical_relay,11.5,4,131.5,54.25,80.0,1.118,peripheral
vertical_relay,11.75,0,68.25,65.875,10.0,1.118,peripheral
vertical_relay,11.75,1,95.875,64.125,30.875,0.866,peripheral
vertical_relay,11.75,2,100.0,60.0,40.0,0.0,relay_anchor
vertical_relay,11.75,3,115.875,55.875,54.125,0.866,peripheral
vertical_relay,11.75,4,131.75,54.125,80.0,1.118,peripheral
vertical_relay,12.0,0,68.0,66.0,10.0,1.118,peripheral
vertical_relay,12.0,1,96.0,64.0,31.0,0.866,peripheral
vertical_relay,12.0,2,100.0,60.0,40.0,0.0,relay_anchor
vertical_relay,12.0,3,116.0,56.0,54.0,0.866,peripheral
vertical_relay,12.0,4,132.0,54.0,80.0,1.118,peripheral
vertical_relay,12.25,0,67.75,66.125,10.0,1.118,peripheral
vertical_relay,12.25,1,96.125,63.875,31.125,0.866,peripheral
vertical_relay,12.25,2,100.0,60.0,40.0,0.0,relay_anchor
vertical_relay,12.25,3,116.125,56.125,53.875,0.866,peripheral
vertical_relay,12.25,4,132.25,53.875,80.0,1.118,peripheral
vertical_relay,12.5,0,67.5,66.25,10.0,1.118,peripheral
vertical_relay,12.5,1,96.25,63.75,31.25,0.866,peripheral
vertical_relay,12.5,2,100.0,60.0,40.0,0.0,relay_anchor
vertical_relay,12.5,3,116.25,56.25,53.75,0.866,peripheral
vertical_relay,12.5,4,132.5,53.75,80.0,1.118,peripheral
vertical_relay,12.75,0,67.25,66.375,10.0,1.118,peripheral
vertical_relay,12.75,1,96.375,63.625,31.375,0.866,peripheral
vertical_relay,12.75,2,100.0,60.0,40.0,0.0,relay_anchor
vertical_relay,12.75,3,116.375,56.375,53.625,0.866,peripheral
vertical_relay,12.75,4,132.75,53.625,80.0,1.118,peripheral
vertical_relay,13.0,0,67.0,66.5,10.0,1.118,peripheral
vertical_relay,13.0,1,96.5,63.5,31.5,0.866,peripheral
vertical_relay,13.0,2,100.0,60.0,40.0,0.0,relay_anchor
vertical_relay,13.0,3,116.5,56.5,53.5,0.866,peripheral
vertical_relay,13.0,4,133.0,53.5,80.0,1.118,peripheral
vertical_relay,13.25,0,66.75,66.625,10.0,1.118,peripheral
vertical_relay,13.25,1,96.625,63.375,31.625,0.866,peripheral
vertical_relay,13.25,2,100.0,60.0,40.0,0.0,relay_anchor
vertical_relay,13.25,3,116.625,56.625,53.375,0.866,peripheral
vertical_relay,13.25,4,133.25,53.375,80.0,1.118,peripheral
vertical_relay,13.5,0,66.5,66.75,10.0,1.118,peripheral
vertical_relay,13.5,1,96.75,63.25,31.75,0.866,peripheral
vertical_relay,13.5,2,100.0,60.0,40.0,0.0,relay_anchor
vertical_relay,13.5,3,116.75,56.75,53.25,0.866,peripheral
vertical_relay,13.5,4,133.5,53.25,80.0,1.118,peripheral
vertical_relay,13.75,0,66.25,66.875,10.0,1.118,peripheral
vertical_relay,13.75,1,96.875,63.125,31.875,0.866,peripheral
vertical_relay,13.75,2,100.0,60.0,40.0,0.0,relay_anchor
vertical_relay,13.75,3,116.875,56.875,53.125,0.866,peripheral
vertical_relay,13.75,4,133.75,53.125,80.0,1.118,peripheral
vertical_relay,14.0,0,66.0,67.0,10.0,1.118,peripheral
vertical_relay,14.0,1,97.0,63.0,32.0,0.866,peripheral
vertical_relay,14.0,2,100.0,60.0,40.0,0.0,relay_anchor
vertical_relay,14.0,3,117.0,57.0,53.0,0.866,peripheral
vertical_relay,14.0,4,134.0,53.0,80.0,1.118,peripheral
vertical_relay,14.25,0,65.75,67.125,10.0,1.118,peripheral
vertical_relay,14.25,1,97.125,62.875,32.125,0.866,peripheral
vertical_relay,14.25,2,100.0,60.0,40.0,0.0,relay_anchor
vertical_relay,14.25,3,117.125,57.125,52.875,0.866,peripheral
vertical_relay,14.25,4,134.25,52.875,80.0,1.118,peripheral
vertical_relay,14.5,0,65.5,67.25,10.0,1.118,peripheral
vertical_relay,14.5,1,97.25,62.75,32.25,0.866,peripheral
vertical_relay,14.5,2,100.0,60.0,40.0,0.0,relay_anchor
vertical_relay,14.5,3,117.25,57.25,52.75,0.866,peripheral
vertical_relay,14.5,4,134.5,52.75,80.0,1.118,peripheral
vertical_relay,14.75,0,65.25,67.375,10.0,1.118,peripheral
vertical_relay,14.75,1,97.375,62.625,32.375,0.866,peripheral
vertical_relay,14.75,2,100.0,60.0,40.0,0.0,relay_anchor
vertical_relay,14.75,3,117.375,57.375,52.625,0.866,peripheral
vertical_relay,14.75,4,134.75,52.625,80.0,1.118,peripheral
vertical_relay,15.0,0,65.0,67.5,10.0,1.118,peripheral
vertical_relay,15.0,1,97.5,62.5,32.5,0.866,peripheral
vertical_relay,15.0,2,100.0,60.0,40.0,0.0,relay_anchor
vertical_relay,15.0,3,117.5,57.5,52.5,0.866,peripheral
vertical_relay,15.0,4,135.0,52.5,80.0,1.118,peripheral
vertical_relay,15.25,0,64.75,67.625,10.0,1.118,peripheral
vertical_relay,15.25,1,97.625,62.375,32.625,0.866,peripheral
vertical_relay,15.25,2,100.0,60.0,40.0,0.0,relay_anchor
vertical_relay,15.25,3,117.625,57.625,52.375,0.866,peripheral
vertical_relay,15.25,4,135.25,52.375,80.0,1.118,peripheral
vertical_relay,15.5,0,64.5,67.75,10.0,1.118,peripheral
vertical_relay,15.5,1,97.75,62.25,32.75,0.866,peripheral
vertical_relay,15.5,2,100.0,60.0,40.0,0.0,relay_anchor
vertical_relay,15.5,3,117.75,57.75,52.25,0.866,peripheral
vertical_relay,15.5,4,135.5,52.25,80.0,1.118,peripheral
vertical_relay,15.75,0,64.25,67.875,10.0,1.118,peripheral
vertical_relay,15.75,1,97.875,62.125,32.875,0.866,peripheral
vertical_relay,15.75,2,100.0,60.0,40.0,0.0,relay_anchor
vertical_relay,15.75,3,117.875,57.875,52.125,0.866,peripheral
vertical_relay,15.75,4,135.75,52.125,80.0,1.118,peripheral
vertical_relay,16.0,0,64.0,68.0,10.0,1.118,peripheral
vertical_relay,16.0,1,98.0,62.0,33.0,0.866,peripheral
vertical_relay,16.0,2,100.0,60.0,40.0,0.0,relay_anchor
vertical_relay,16.0,3,118.0,58.0,52.0,0.866,peripheral
vertical_relay,16.0,4,136.0,52.0,80.0,1.118,peripheral
vertical_relay,16.25,0,63.75,68.125,10.0,1.118,peripheral
vertical_relay,16.25,1,98.125,61.875,33.125,0.866,peripheral
vertical_relay,16.25,2,100.0,60.0,40.0,0.0,relay_anchor
vertical_relay,16.25,3,118.125,58.125,51.875,0.866,peripheral
vertical_relay,16.25,4,136.25,51.875,80.0,1.118,peripheral
vertical_relay,16.5,0,63.5,68.25,10.0,1.118,peripheral
vertical_relay,16.5,1,98.25,61.75,33.25,0.866,peripheral
vertical_relay,16.5,2,100.0,60.0,40.0,0.0,relay_anchor
vertical_relay,16.5,3,118.25,58.25,51.75,0.866,peripheral
vertical_relay,16.5,4,136.5,51.75,80.0,1.118,peripheral
vertical_relay,16.75,0,63.25,68.375,10.0,1.118,peripheral
vertical_relay,16.75,1,98.375,61.625,33.375,0.866,peripheral
vertical_relay,16.75,2,100.0,60.0,40.0,0.0,relay_anchor
vertical_relay,16.75,3,118.375,58.375,51.625,0.866,peripheral
vertical_relay,16.75,4,136.75,51.625,80.0,1.118,peripheral
vertical_relay,17.0,0,63.0,68.5,10.0,1.118,peripheral
vertical_relay,17.0,1,98.5,61.5,33.5,0.866,peripheral
vertical_relay,17.0,2,100.0,60.0,40.0,0.0,relay_anchor
vertical_relay,17.0,3,118.5,58.5,51.5,0.866,peripheral
vertical_relay,17.0,4,137.0,51.5,80.0,1.118,peripheral
vertical_relay,17.25,0,62.75,68.625,10.0,1.118,peripheral
vertical_relay,17.25,1,98.625,61.375,33.625,0.866,peripheral
vertical_relay,17.25,2,100.0,60.0,40.0,0.0,relay_anchor
vertical_relay,17.25,3,118.625,58.625,51.375,0.866,peripheral
vertical_relay,17.25,4,137.25,51.375,80.0,1.118,peripheral
vertical_relay,17.5,0,62.5,68.75,10.0,1.118,peripheral
vertical_relay,17.5,1,98.75,61.25,33.75,0.866,peripheral
vertical_relay,17.5,2,100.0,60.0,40.0,0.0,relay_anchor
vertical_relay,17.5,3,118.75,58.75,51.25,0.866,peripheral
vertical_relay,17.5,4,137.5,51.25,80.0,1.118,peripheral
vertical_relay,17.75,0,62.25,68.875,10.0,1.118,peripheral
vertical_relay,17.75,1,98.875,61.125,33.875,0.866,peripheral
vertical_relay,17.75,2,100.0,60.0,40.0,0.0,relay_anchor
vertical_relay,17.75,3,118.875,58.875,51.125,0.866,peripheral
vertical_relay,17.75,4,137.75,51.125,80.0,1.118,peripheral
vertical_relay,18.0,0,62.0,69.0,10.0,1.118,peripheral
vertical_relay,18.0,1,99.0,61.0,34.0,0.866,peripheral
vertical_relay,18.0,2,100.0,60.0,40.0,0.0,relay_anchor
vertical_relay,18.0,3,119.0,59.0,51.0,0.866,peripheral
vertical_relay,18.0,4,138.0,51.0,80.0,1.118,peripheral
vertical_relay,18.25,0,61.75,69.125,10.0,1.118,peripheral
vertical_relay,18.25,1,99.125,60.875,34.125,0.866,peripheral
vertical_relay,18.25,2,100.0,60.0,40.0,0.0,relay_anchor
vertical_relay,18.25,3,119.125,59.125,50.875,0.866,peripheral
vertical_relay,18.25,4,138.25,50.875,80.0,1.118,peripheral
vertical_relay,18.5,0,61.5,69.25,10.0,1.118,peripheral
vertical_relay,18.5,1,99.25,60.75,34.25,0.866,peripheral
vertical_relay,18.5,2,100.0,60.0,40.0,0.0,relay_anchor
vertical_relay,18.5,3,119.25,59.25,50.75,0.866,peripheral
vertical_relay,18.5,4,138.5,50.75,80.0,1.118,peripheral
vertical_relay,18.75,0,61.25,69.375,10.0,1.118,peripheral
vertical_relay,18.75,1,99.375,60.625,34.375,0.866,peripheral
vertical_relay,18.75,2,100.0,60.0,40.0,0.0,relay_anchor
vertical_relay,18.75,3,119.375,59.375,50.625,0.866,peripheral
vertical_relay,18.75,4,138.75,50.625,80.0,1.118,peripheral
vertical_relay,19.0,0,61.0,69.5,10.0,1.118,peripheral
vertical_relay,19.0,1,99.5,60.5,34.5,0.866,peripheral
vertical_relay,19.0,2,100.0,60.0,40.0,0.0,relay_anchor
vertical_relay,19.0,3,119.5,59.5,50.5,0.866,peripheral
vertical_relay,19.0,4,139.0,50.5,80.0,1.118,peripheral
vertical_relay,19.25,0,60.75,69.625,10.0,1.118,peripheral
vertical_relay,19.25,1,99.625,60.375,34.625,0.866,peripheral
vertical_relay,19.25,2,100.0,60.0,40.0,0.0,relay_anchor
vertical_relay,19.25,3,119.625,59.625,50.375,0.866,peripheral
vertical_relay,19.25,4,139.25,50.375,80.0,1.118,peripheral
vertical_relay,19.5,0,60.5,69.75,10.0,1.118,peripheral
vertical_relay,19.5,1,99.75,60.25,34.75,0.866,peripheral
vertical_relay,19.5,2,100.0,60.0,40.0,0.0,relay_anchor
vertical_relay,19.5,3,119.75,59.75,50.25,0.866,peripheral
vertical_relay,19.5,4,139.5,50.25,80.0,1.118,peripheral
vertical_relay,19.75,0,60.25,69.875,10.0,1.118,peripheral
vertical_relay,19.75,1,99.875,60.125,34.875,0.866,peripheral
vertical_relay,19.75,2,100.0,60.0,40.0,0.0,relay_anchor
vertical_relay,19.75,3,119.875,59.875,50.125,0.866,peripheral
vertical_relay,19.75,4,139.75,50.125,80.0,1.118,peripheral
vertical_relay,20.0,0,60.0,70.0,10.0,1.118,peripheral
vertical_relay,20.0,1,100.0,60.0,35.0,0.866,peripheral
vertical_relay,20.0,2,100.0,60.0,40.0,0.0,relay_anchor
vertical_relay,20.0,3,120.0,60.0,50.0,0.866,peripheral
vertical_relay,20.0,4,140.0,50.0,80.0,1.118,peripheral
vertical_relay,20.25,0,59.75,70.125,10.0,1.118,peripheral
vertical_relay,20.25,1,100.125,59.875,35.125,0.866,peripheral
vertical_relay,20.25,2,100.0,60.0,40.0,0.0,relay_anchor
vertical_relay,20.25,3,120.125,60.125,49.875,0.866,peripheral
vertical_relay,20.25,4,140.25,49.875,80.0,1.118,peripheral
vertical_relay,20.5,0,59.5,70.25,10.0,1.118,peripheral
vertical_relay,20.5,1,100.25,59.75,35.25,0.866,peripheral
vertical_relay,20.5,2,100.0,60.0,40.0,0.0,relay_anchor
vertical_relay,20.5,3,120.25,60.25,49.75,0.866,peripheral
vertical_relay,20.5,4,140.5,49.75,80.0,1.118,peripheral
vertical_relay,20.75,0,59.25,70.375,10.0,1.118,peripheral
vertical_relay,20.75,1,100.375,59.625,35.375,0.866,peripheral
vertical_relay,20.75,2,100.0,60.0,40.0,0.0,relay_anchor
vertical_relay,20.75,3,120.375,60.375,49.625,0.866,peripheral
vertical_relay,20.75,4,140.75,49.625,80.0,1.118,peripheral
vertical_relay,21.0,0,59.0,70.5,10.0,1.118,peripheral
vertical_relay,21.0,1,100.5,59.5,35.5,0.866,peripheral
vertical_relay,21.0,2,100.0,60.0,40.0,0.0,relay_anchor
vertical_relay,21.0,3,120.5,60.5,49.5,0.866,peripheral
vertical_relay,21.0,4,141.0,49.5,80.0,1.118,peripheral
vertical_relay,21.25,0,58.75,70.625,10.0,1.118,peripheral
vertical_relay,21.25,1,100.625,59.375,35.625,0.866,peripheral
vertical_relay,21.25,2,100.0,60.0,40.0,0.0,relay_anchor
vertical_relay,21.25,3,120.625,60.625,49.375,0.866,peripheral
vertical_relay,21.25,4,141.25,49.375,80.0,1.118,peripheral
vertical_relay,21.5,0,58.5,70.75,10.0,1.118,peripheral
vertical_relay,21.5,1,100.75,59.25,35.75,0.866,peripheral
vertical_relay,21.5,2,100.0,60.0,40.0,0.0,relay_anchor
vertical_relay,21.5,3,120.75,60.75,49.25,0.866,peripheral
vertical_relay,21.5,4,141.5,49.25,80.0,1.118,peripheral
vertical_relay,21.75,0,58.25,70.875,10.0,1.118,peripheral
vertical_relay,21.75,1,100.875,59.125,35.875,0.866,peripheral
vertical_relay,21.75,2,100.0,60.0,40.0,0.0,relay_anchor
vertical_relay,21.75,3,120.875,60.875,49.125,0.866,peripheral
vertical_relay,21.75,4,141.75,49.125,80.0,1.118,peripheral
vertical_relay,22.0,0,58.0,71.0,10.0,1.118,peripheral
vertical_relay,22.0,1,101.0,59.0,36.0,0.866,peripheral
vertical_relay,22.0,2,100.0,60.0,40.0,0.0,relay_anchor
vertical_relay,22.0,3,121.0,61.0,49.0,0.866,peripheral
vertical_relay,22.0,4,142.0,49.0,80.0,1.118,peripheral
vertical_relay,22.25,0,57.75,71.125,10.0,1.118,peripheral
vertical_relay,22.25,1,101.125,58.875,36.125,0.866,peripheral
vertical_relay,22.25,2,100.0,60.0,40.0,0.0,relay_anchor
vertical_relay,22.25,3,121.125,61.125,48.875,0.866,peripheral
vertical_relay,22.25,4,142.25,48.875,80.0,1.118,peripheral
vertical_relay,22.5,0,57.5,71.25,10.0,1.118,peripheral
vertical_relay,22.5,1,101.25,58.75,36.25,0.866,peripheral
vertical_relay,22.5,2,100.0,60.0,40.0,0.0,relay_anchor
vertical_relay,22.5,3,121.25,61.25,48.75,0.866,peripheral
vertical_relay,22.5,4,142.5,48.75,80.0,1.118,peripheral
vertical_relay,22.75,0,57.25,71.375,10.0,1.118,peripheral
vertical_relay,22.75,1,101.375,58.625,36.375,0.866,peripheral
vertical_relay,22.75,2,100.0,60.0,40.0,0.0,relay_anchor
vertical_relay,22.75,3,121.375,61.375,48.625,0.866,peripheral
vertical_relay,22.75,4,142.75,48.625,80.0,1.118,peripheral
vertical_relay,23.0,0,57.0,71.5,10.0,1.118,peripheral
vertical_relay,23.0,1,101.5,58.5,36.5,0.866,peripheral
vertical_relay,23.0,2,100.0,60.0,40.0,0.0,relay_anchor
vertical_relay,23.0,3,121.5,61.5,48.5,0.866,peripheral
vertical_relay,23.0,4,143.0,48.5,80.0,1.118,peripheral
vertical_relay,23.25,0,56.75,71.625,10.0,1.118,peripheral
vertical_relay,23.25,1,101.625,58.375,36.625,0.866,peripheral
vertical_relay,23.25,2,100.0,60.0,40.0,0.0,relay_anchor
vertical_relay,23.25,3,121.625,61.625,48.375,0.866,peripheral
vertical_relay,23.25,4,143.25,48.375,80.0,1.118,peripheral
vertical_relay,23.5,0,56.5,71.75,10.0,1.118,peripheral
vertical_relay,23.5,1,101.75,58.25,36.75,0.866,peripheral
vertical_relay,23.5,2,100.0,60.0,40.0,0.0,relay_anchor
vertical_relay,23.5,3,121.75,61.75,48.25,0.866,peripheral
vertical_relay,23.5,4,143.5,48.25,80.0,1.118,peripheral
vertical_relay,23.75,0,56.25,71.875,10.0,1.118,peripheral
vertical_relay,23.75,1,101.875,58.125,36.875,0.866,peripheral
vertical_relay,23.75,2,100.0,60.0,40.0,0.0,relay_anchor
vertical_relay,23.75,3,121.875,61.875,48.125,0.866,peripheral
vertical_relay,23.75,4,143.75,48.125,80.0,1.118,peripheral
vertical_relay,24.0,0,56.0,72.0,10.0,1.118,peripheral
vertical_relay,24.0,1,102.0,58.0,37.0,0.866,peripheral
vertical_relay,24.0,2,100.0,60.0,40.0,0.0,relay_anchor
vertical_relay,24.0,3,122.0,62.0,48.0,0.866,peripheral
vertical_relay,24.0,4,144.0,48.0,80.0,1.118,peripheral
vertical_relay,24.25,0,55.75,72.125,10.0,1.118,peripheral
vertical_relay,24.25,1,102.125,57.875,37.125,0.866,peripheral
vertical_relay,24.25,2,100.0,60.0,40.0,0.0,relay_anchor
vertical_relay,24.25,3,122.125,62.125,47.875,0.866,peripheral
vertical_relay,24.25,4,144.25,47.875,80.0,1.118,peripheral
vertical_relay,24.5,0,55.5,72.25,10.0,1.118,peripheral
vertical_relay,24.5,1,102.25,57.75,37.25,0.866,peripheral
vertical_relay,24.5,2,100.0,60.0,40.0,0.0,relay_anchor
vertical_relay,24.5,3,122.25,62.25,47.75,0.866,peripheral
vertical_relay,24.5,4,144.5,47.75,80.0,1.118,peripheral
vertical_relay,24.75,0,55.25,72.375,10.0,1.118,peripheral
vertical_relay,24.75,1,102.375,57.625,37.375,0.866,peripheral
vertical_relay,24.75,2,100.0,60.0,40.0,0.0,relay_anchor
vertical_relay,24.75,3,122.375,62.375,47.625,0.866,peripheral
vertical_relay,24.75,4,144.75,47.625,80.0,1.118,peripheral
vertical_relay,25.0,0,55.0,72.5,10.0,1.118,peripheral
vertical_relay,25.0,1,102.5,57.5,37.5,0.866,peripheral
vertical_relay,25.0,2,100.0,60.0,40.0,0.0,relay_anchor
vertical_relay,25.0,3,122.5,62.5,47.5,0.866,peripheral
vertical_relay,25.0,4,145.0,47.5,80.0,1.118,peripheral
vertical_relay,25.25,0,54.75,72.625,10.0,1.118,peripheral
vertical_relay,25.25,1,102.625,57.375,37.625,0.866,peripheral
vertical_relay,25.25,2,100.0,60.0,40.0,0.0,relay_anchor
vertical_relay,25.25,3,122.625,62.625,47.375,0.866,peripheral
vertical_relay,25.25,4,145.25,47.375,80.0,1.118,peripheral
vertical_relay,25.5,0,54.5,72.75,10.0,1.118,peripheral
vertical_relay,25.5,1,102.75,57.25,37.75,0.866,peripheral
vertical_relay,25.5,2,100.0,60.0,40.0,0.0,relay_anchor
vertical_relay,25.5,3,122.75,62.75,47.25,0.866,peripheral
vertical_relay,25.5,4,145.5,47.25,80.0,1.118,peripheral
vertical_relay,25.75,0,54.25,72.875,10.0,1.118,peripheral
vertical_relay,25.75,1,102.875,57.125,37.875,0.866,peripheral
vertical_relay,25.75,2,100.0,60.0,40.0,0.0,relay_anchor
vertical_relay,25.75,3,122.875,62.875,47.125,0.866,peripheral
vertical_relay,25.75,4,145.75,47.125,80.0,1.118,peripheral
vertical_relay,26.0,0,54.0,73.0,10.0,1.118,peripheral
vertical_relay,26.0,1,103.0,57.0,38.0,0.866,peripheral
vertical_relay,26.0,2,100.0,60.0,40.0,0.0,relay_anchor
vertical_relay,26.0,3,123.0,63.0,47.0,0.866,peripheral
vertical_relay,26.0,4,146.0,47.0,80.0,1.118,peripheral
vertical_relay,26.25,0,53.75,73.125,10.0,1.118,peripheral
vertical_relay,26.25,1,103.125,56.875,38.125,0.866,peripheral
vertical_relay,26.25,2,100.0,60.0,40.0,0.0,relay_anchor
vertical_relay,26.25,3,123.125,63.125,46.875,0.866,peripheral
vertical_relay,26.25,4,146.25,46.875,80.0,1.118,peripheral
vertical_relay,26.5,0,53.5,73.25,10.0,1.118,peripheral
vertical_relay,26.5,1,103.25,56.75,38.25,0.866,peripheral
vertical_relay,26.5,2,100.0,60.0,40.0,0.0,relay_anchor
vertical_relay,26.5,3,123.25,63.25,46.75,0.866,peripheral
vertical_relay,26.5,4,146.5,46.75,80.0,1.118,peripheral
vertical_relay,26.75,0,53.25,73.375,10.0,1.118,peripheral
vertical_relay,26.75,1,103.375,56.625,38.375,0.866,peripheral
vertical_relay,26.75,2,100.0,60.0,40.0,0.0,relay_anchor
vertical_relay,26.75,3,123.375,63.375,46.625,0.866,peripheral
vertical_relay,26.75,4,146.75,46.625,80.0,1.118,peripheral
vertical_relay,27.0,0,53.0,73.5,10.0,1.118,peripheral
vertical_relay,27.0,1,103.5,56.5,38.5,0.866,peripheral
vertical_relay,27.0,2,100.0,60.0,40.0,0.0,relay_anchor
vertical_relay,27.0,3,123.5,63.5,46.5,0.866,peripheral
vertical_relay,27.0,4,147.0,46.5,80.0,1.118,peripheral
vertical_relay,27.25,0,52.75,73.625,10.0,1.118,peripheral
vertical_relay,27.25,1,103.625,56.375,38.625,0.866,peripheral
vertical_relay,27.25,2,100.0,60.0,40.0,0.0,relay_anchor
vertical_relay,27.25,3,123.625,63.625,46.375,0.866,peripheral
vertical_relay,27.25,4,147.25,46.375,80.0,1.118,peripheral
vertical_relay,27.5,0,52.5,73.75,10.0,1.118,peripheral
vertical_relay,27.5,1,103.75,56.25,38.75,0.866,peripheral
vertical_relay,27.5,2,100.0,60.0,40.0,0.0,relay_anchor
vertical_relay,27.5,3,123.75,63.75,46.25,0.866,peripheral
vertical_relay,27.5,4,147.5,46.25,80.0,1.118,peripheral
vertical_relay,27.75,0,52.25,73.875,10.0,1.118,peripheral
vertical_relay,27.75,1,103.875,56.125,38.875,0.866,peripheral
vertical_relay,27.75,2,100.0,60.0,40.0,0.0,relay_anchor
vertical_relay,27.75,3,123.875,63.875,46.125,0.866,peripheral
vertical_relay,27.75,4,147.75,46.125,80.0,1.118,peripheral
vertical_relay,28.0,0,52.0,74.0,10.0,1.118,peripheral
vertical_relay,28.0,1,104.0,56.0,39.0,0.866,peripheral
vertical_relay,28.0,2,100.0,60.0,40.0,0.0,relay_anchor
vertical_relay,28.0,3,124.0,64.0,46.0,0.866,peripheral
vertical_relay,28.0,4,148.0,46.0,80.0,1.118,peripheral
vertical_relay,28.25,0,51.75,74.125,10.0,1.118,peripheral
vertical_relay,28.25,1,104.125,55.875,39.125,0.866,peripheral
vertical_relay,28.25,2,100.0,60.0,40.0,0.0,relay_anchor
vertical_relay,28.25,3,124.125,64.125,45.875,0.866,peripheral
vertical_relay,28.25,4,148.25,45.875,80.0,1.118,peripheral
vertical_relay,28.5,0,51.5,74.25,10.0,1.118,peripheral
vertical_relay,28.5,1,104.25,55.75,39.25,0.866,peripheral
vertical_relay,28.5,2,100.0,60.0,40.0,0.0,relay_anchor
vertical_relay,28.5,3,124.25,64.25,45.75,0.866,peripheral
vertical_relay,28.5,4,148.5,45.75,80.0,1.118,peripheral
vertical_relay,28.75,0,51.25,74.375,10.0,1.118,peripheral
vertical_relay,28.75,1,104.375,55.625,39.375,0.866,peripheral
vertical_relay,28.75,2,100.0,60.0,40.0,0.0,relay_anchor
vertical_relay,28.75,3,124.375,64.375,45.625,0.866,peripheral
vertical_relay,28.75,4,148.75,45.625,80.0,1.118,peripheral
vertical_relay,29.0,0,51.0,74.5,10.0,1.118,peripheral
vertical_relay,29.0,1,104.5,55.5,39.5,0.866,peripheral
vertical_relay,29.0,2,100.0,60.0,40.0,0.0,relay_anchor
vertical_relay,29.0,3,124.5,64.5,45.5,0.866,peripheral
vertical_relay,29.0,4,149.0,45.5,80.0,1.118,peripheral
vertical_relay,29.25,0,50.75,74.625,10.0,1.118,peripheral
vertical_relay,29.25,1,104.625,55.375,39.625,0.866,peripheral
vertical_relay,29.25,2,100.0,60.0,40.0,0.0,relay_anchor
vertical_relay,29.25,3,124.625,64.625,45.375,0.866,peripheral
vertical_relay,29.25,4,149.25,45.375,80.0,1.118,peripheral
vertical_relay,29.5,0,50.5,74.75,10.0,1.118,peripheral
vertical_relay,29.5,1,104.75,55.25,39.75,0.866,peripheral
vertical_relay,29.5,2,100.0,60.0,40.0,0.0,relay_anchor
vertical_relay,29.5,3,124.75,64.75,45.25,0.866,peripheral
vertical_relay,29.5,4,149.5,45.25,80.0,1.118,peripheral
vertical_relay,29.75,0,50.25,74.875,10.0,1.118,peripheral
vertical_relay,29.75,1,104.875,55.125,39.875,0.866,peripheral
vertical_relay,29.75,2,100.0,60.0,40.0,0.0,relay_anchor
vertical_relay,29.75,3,124.875,64.875,45.125,0.866,peripheral
vertical_relay,29.75,4,149.75,45.125,80.0,1.118,peripheral
vertical_relay,30.0,0,50.0,75.0,10.0,1.118,peripheral
vertical_relay,30.0,1,105.0,55.0,40.0,0.866,peripheral
vertical_relay,30.0,2,100.0,60.0,40.0,0.0,relay_anchor
vertical_relay,30.0,3,125.0,65.0,45.0,0.866,peripheral
vertical_relay,30.0,4,150.0,45.0,80.0,1.118,peripheral
vertical_relay,30.25,0,49.75,75.125,10.0,1.118,peripheral
vertical_relay,30.25,1,105.125,54.875,40.125,0.866,peripheral
vertical_relay,30.25,2,100.0,60.0,40.0,0.0,relay_anchor
vertical_relay,30.25,3,125.125,65.125,44.875,0.866,peripheral
vertical_relay,30.25,4,150.25,44.875,80.0,1.118,peripheral
vertical_relay,30.5,0,49.5,75.25,10.0,1.118,peripheral
vertical_relay,30.5,1,105.25,54.75,40.25,0.866,peripheral
vertical_relay,30.5,2,100.0,60.0,40.0,0.0,relay_anchor
vertical_relay,30.5,3,125.25,65.25,44.75,0.866,peripheral
vertical_relay,30.5,4,150.5,44.75,80.0,1.118,peripheral
vertical_relay,30.75,0,49.25,75.375,10.0,1.118,peripheral
vertical_relay,30.75,1,105.375,54.625,40.375,0.866,peripheral
vertical_relay,30.75,2,100.0,60.0,40.0,0.0,relay_anchor
vertical_relay,30.75,3,125.375,65.375,44.625,0.866,peripheral
vertical_relay,30.75,4,150.75,44.625,80.0,1.118,peripheral
vertical_relay,31.0,0,49.0,75.5,10.0,1.118,peripheral
vertical_relay,31.0,1,105.5,54.5,40.5,0.866,peripheral
vertical_relay,31.0,2,100.0,60.0,40.0,0.0,relay_anchor
vertical_relay,31.0,3,125.5,65.5,44.5,0.866,peripheral
vertical_relay,31.0,4,151.0,44.5,80.0,1.118,peripheral
vertical_relay,31.25,0,48.75,75.625,10.0,1.118,peripheral
vertical_relay,31.25,1,105.625,54.375,40.625,0.866,peripheral
vertical_relay,31.25,2,100.0,60.0,40.0,0.0,relay_anchor
vertical_relay,31.25,3,125.625,65.625,44.375,0.866,peripheral
vertical_relay,31.25,4,151.25,44.375,80.0,1.118,peripheral
vertical_relay,31.5,0,48.5,75.75,10.0,1.118,peripheral
vertical_relay,31.5,1,105.75,54.25,40.75,0.866,peripheral
vertical_relay,31.5,2,100.0,60.0,40.0,0.0,relay_anchor
vertical_relay,31.5,3,125.75,65.75,44.25,0.866,peripheral
vertical_relay,31.5,4,151.5,44.25,80.0,1.118,peripheral
vertical_relay,31.75,0,48.25,75.875,10.0,1.118,peripheral
vertical_relay,31.75,1,105.875,54.125,40.875,0.866,peripheral
vertical_relay,31.75,2,100.0,60.0,40.0,0.0,relay_anchor
vertical_relay,31.75,3,125.875,65.875,44.125,0.866,peripheral
vertical_relay,31.75,4,151.75,44.125,80.0,1.118,peripheral
vertical_relay,32.0,0,48.0,76.0,10.0,1.118,peripheral
vertical_relay,32.0,1,106.0,54.0,41.0,0.866,peripheral
vertical_relay,32.0,2,100.0,60.0,40.0,0.0,relay_anchor
vertical_relay,32.0,3,126.0,66.0,44.0,0.866,peripheral
vertical_relay,32.0,4,152.0,44.0,80.0,1.118,peripheral
vertical_relay,32.25,0,47.75,76.125,10.0,1.118,peripheral
vertical_relay,32.25,1,106.125,53.875,41.125,0.866,peripheral
vertical_relay,32.25,2,100.0,60.0,40.0,0.0,relay_anchor
vertical_relay,32.25,3,126.125,66.125,43.875,0.866,peripheral
vertical_relay,32.25,4,152.25,43.875,80.0,1.118,peripheral
vertical_relay,32.5,0,47.5,76.25,10.0,1.118,peripheral
vertical_relay,32.5,1,106.25,53.75,41.25,0.866,peripheral
vertical_relay,32.5,2,100.0,60.0,40.0,0.0,relay_anchor
vertical_relay,32.5,3,126.25,66.25,43.75,0.866,peripheral
vertical_relay,32.5,4,152.5,43.75,80.0,1.118,peripheral
vertical_relay,32.75,0,47.25,76.375,10.0,1.118,peripheral
vertical_relay,32.75,1,106.375,53.625,41.375,0.866,peripheral
vertical_relay,32.75,2,100.0,60.0,40.0,0.0,relay_anchor
vertical_relay,32.75,3,126.375,66.375,43.625,0.866,peripheral
vertical_relay,32.75,4,152.75,43.625,80.0,1.118,peripheral
vertical_relay,33.0,0,47.0,76.5,10.0,1.118,peripheral
vertical_relay,33.0,1,106.5,53.5,41.5,0.866,peripheral
vertical_relay,33.0,2,100.0,60.0,40.0,0.0,relay_anchor
vertical_relay,33.0,3,126.5,66.5,43.5,0.866,peripheral
vertical_relay,33.0,4,153.0,43.5,80.0,1.118,peripheral
vertical_relay,33.25,0,46.75,76.625,10.0,1.118,peripheral
vertical_relay,33.25,1,106.625,53.375,41.625,0.866,peripheral
vertical_relay,33.25,2,100.0,60.0,40.0,0.0,relay_anchor
vertical_relay,33.25,3,126.625,66.625,43.375,0.866,peripheral
vertical_relay,33.25,4,153.25,43.375,80.0,1.118,peripheral
vertical_relay,33.5,0,46.5,76.75,10.0,1.118,peripheral
vertical_relay,33.5,1,106.75,53.25,41.75,0.866,peripheral
vertical_relay,33.5,2,100.0,60.0,40.0,0.0,relay_anchor
vertical_relay,33.5,3,126.75,66.75,43.25,0.866,peripheral
vertical_relay,33.5,4,153.5,43.25,80.0,1.118,peripheral
vertical_relay,33.75,0,46.25,76.875,10.0,1.118,peripheral
vertical_relay,33.75,1,106.875,53.125,41.875,0.866,peripheral
vertical_relay,33.75,2,100.0,60.0,40.0,0.0,relay_anchor
vertical_relay,33.75,3,126.875,66.875,43.125,0.866,peripheral
vertical_relay,33.75,4,153.75,43.125,80.0,1.118,peripheral
vertical_relay,34.0,0,46.0,77.0,10.0,1.118,peripheral
vertical_relay,34.0,1,107.0,53.0,42.0,0.866,peripheral
vertical_relay,34.0,2,100.0,60.0,40.0,0.0,relay_anchor
vertical_relay,34.0,3,127.0,67.0,43.0,0.866,peripheral
vertical_relay,34.0,4,154.0,43.0,80.0,1.118,peripheral
vertical_relay,34.25,0,45.75,77.125,10.0,1.118,peripheral
vertical_relay,34.25,1,107.125,52.875,42.125,0.866,peripheral
vertical_relay,34.25,2,100.0,60.0,40.0,0.0,relay_anchor
vertical_relay,34.25,3,127.125,67.125,42.875,0.866,peripheral
vertical_relay,34.25,4,154.25,42.875,80.0,1.118,peripheral
vertical_relay,34.5,0,45.5,77.25,10.0,1.118,peripheral
vertical_relay,34.5,1,107.25,52.75,42.25,0.866,peripheral
vertical_relay,34.5,2,100.0,60.0,40.0,0.0,relay_anchor
vertical_relay,34.5,3,127.25,67.25,42.75,0.866,peripheral
vertical_relay,34.5,4,154.5,42.75,80.0,1.118,peripheral
vertical_relay,34.75,0,45.25,77.375,10.0,1.118,peripheral
vertical_relay,34.75,1,107.375,52.625,42.375,0.866,peripheral
vertical_relay,34.75,2,100.0,60.0,40.0,0.0,relay_anchor
vertical_relay,34.75,3,127.375,67.375,42.625,0.866,peripheral
vertical_relay,34.75,4,154.75,42.625,80.0,1.118,peripheral
vertical_relay,35.0,0,45.0,77.5,10.0,1.118,peripheral
vertical_relay,35.0,1,107.5,52.5,42.5,0.866,peripheral
vertical_relay,35.0,2,100.0,60.0,40.0,0.0,relay_anchor
vertical_relay,35.0,3,127.5,67.5,42.5,0.866,peripheral
vertical_relay,35.0,4,155.0,42.5,80.0,1.118,peripheral
vertical_relay,35.25,0,44.75,77.625,10.0,1.118,peripheral
vertical_relay,35.25,1,107.625,52.375,42.625,0.866,peripheral
vertical_relay,35.25,2,100.0,60.0,40.0,0.0,relay_anchor
vertical_relay,35.25,3,127.625,67.625,42.375,0.866,peripheral
vertical_relay,35.25,4,155.25,42.375,80.0,1.118,peripheral
vertical_relay,35.5,0,44.5,77.75,10.0,1.118,peripheral
vertical_relay,35.5,1,107.75,52.25,42.75,0.866,peripheral
vertical_relay,35.5,2,100.0,60.0,40.0,0.0,relay_anchor
vertical_relay,35.5,3,127.75,67.75,42.25,0.866,peripheral
vertical_relay,35.5,4,155.5,42.25,80.0,1.118,peripheral
vertical_relay,35.75,0,44.25,77.875,10.0,1.118,peripheral
vertical_relay,35.75,1,107.875,52.125,42.875,0.866,peripheral
vertical_relay,35.75,2,100.0,60.0,40.0,0.0,relay_anchor
vertical_relay,35.75,3,127.875,67.875,42.125,0.866,peripheral
vertical_relay,35.75,4,155.75,42.125,80.0,1.118,peripheral
vertical_relay,36.0,0,44.0,78.0,10.0,1.118,peripheral
vertical_relay,36.0,1,108.0,52.0,43.0,0.866,peripheral
vertical_relay,36.0,2,100.0,60.0,40.0,0.0,relay_anchor
vertical_relay,36.0,3,128.0,68.0,42.0,0.866,peripheral
vertical_relay,36.0,4,156.0,42.0,80.0,1.118,peripheral
vertical_relay,36.25,0,43.75,78.125,10.0,1.118,peripheral
vertical_relay,36.25,1,108.125,51.875,43.125,0.866,peripheral
vertical_relay,36.25,2,100.0,60.0,40.0,0.0,relay_anchor
vertical_relay,36.25,3,128.125,68.125,41.875,0.866,peripheral
vertical_relay,36.25,4,156.25,41.875,80.0,1.118,peripheral
vertical_relay,36.5,0,43.5,78.25,10.0,1.118,peripheral
vertical_relay,36.5,1,108.25,51.75,43.25,0.866,peripheral
vertical_relay,36.5,2,100.0,60.0,40.0,0.0,relay_anchor
vertical_relay,36.5,3,128.25,68.25,41.75,0.866,peripheral
vertical_relay,36.5,4,156.5,41.75,80.0,1.118,peripheral
vertical_relay,36.75,0,43.25,78.375,10.0,1.118,peripheral
vertical_relay,36.75,1,108.375,51.625,43.375,0.866,peripheral
vertical_relay,36.75,2,100.0,60.0,40.0,0.0,relay_anchor
vertical_relay,36.75,3,128.375,68.375,41.625,0.866,peripheral
vertical_relay,36.75,4,156.75,41.625,80.0,1.118,peripheral
vertical_relay,37.0,0,43.0,78.5,10.0,1.118,peripheral
vertical_relay,37.0,1,108.5,51.5,43.5,0.866,peripheral
vertical_relay,37.0,2,100.0,60.0,40.0,0.0,relay_anchor
vertical_relay,37.0,3,128.5,68.5,41.5,0.866,peripheral
vertical_relay,37.0,4,157.0,41.5,80.0,1.118,peripheral
vertical_relay,37.25,0,42.75,78.625,10.0,1.118,peripheral
vertical_relay,37.25,1,108.625,51.375,43.625,0.866,peripheral
vertical_relay,37.25,2,100.0,60.0,40.0,0.0,relay_anchor
vertical_relay,37.25,3,128.625,68.625,41.375,0.866,peripheral
vertical_relay,37.25,4,157.25,41.375,80.0,1.118,peripheral
vertical_relay,37.5,0,42.5,78.75,10.0,1.118,peripheral
vertical_relay,37.5,1,108.75,51.25,43.75,0.866,peripheral
vertical_relay,37.5,2,100.0,60.0,40.0,0.0,relay_anchor
vertical_relay,37.5,3,128.75,68.75,41.25,0.866,peripheral
vertical_relay,37.5,4,157.5,41.25,80.0,1.118,peripheral
vertical_relay,37.75,0,42.25,78.875,10.0,1.118,peripheral
vertical_relay,37.75,1,108.875,51.125,43.875,0.866,peripheral
vertical_relay,37.75,2,100.0,60.0,40.0,0.0,relay_anchor
vertical_relay,37.75,3,128.875,68.875,41.125,0.866,peripheral
vertical_relay,37.75,4,157.75,41.125,80.0,1.118,peripheral
vertical_relay,38.0,0,42.0,79.0,10.0,1.118,peripheral
vertical_relay,38.0,1,109.0,51.0,44.0,0.866,peripheral
vertical_relay,38.0,2,100.0,60.0,40.0,0.0,relay_anchor
vertical_relay,38.0,3,129.0,69.0,41.0,0.866,peripheral
vertical_relay,38.0,4,158.0,41.0,80.0,1.118,peripheral
vertical_relay,38.25,0,41.75,79.125,10.0,1.118,peripheral
vertical_relay,38.25,1,109.125,50.875,44.125,0.866,peripheral
vertical_relay,38.25,2,100.0,60.0,40.0,0.0,relay_anchor
vertical_relay,38.25,3,129.125,69.125,40.875,0.866,peripheral
vertical_relay,38.25,4,158.25,40.875,80.0,1.118,peripheral
vertical_relay,38.5,0,41.5,79.25,10.0,1.118,peripheral
vertical_relay,38.5,1,109.25,50.75,44.25,0.866,peripheral
vertical_relay,38.5,2,100.0,60.0,40.0,0.0,relay_anchor
vertical_relay,38.5,3,129.25,69.25,40.75,0.866,peripheral
vertical_relay,38.5,4,158.5,40.75,80.0,1.118,peripheral
vertical_relay,38.75,0,41.25,79.375,10.0,1.118,peripheral
vertical_relay,38.75,1,109.375,50.625,44.375,0.866,peripheral
vertical_relay,38.75,2,100.0,60.0,40.0,0.0,relay_anchor
vertical_relay,38.75,3,129.375,69.375,40.625,0.866,peripheral
vertical_relay,38.75,4,158.75,40.625,80.0,1.118,peripheral
vertical_relay,39.0,0,41.0,79.5,10.0,1.118,peripheral
vertical_relay,39.0,1,109.5,50.5,44.5,0.866,peripheral
vertical_relay,39.0,2,100.0,60.0,40.0,0.0,relay_anchor
vertical_relay,39.0,3,129.5,69.5,40.5,0.866,peripheral
vertical_relay,39.0,4,159.0,40.5,80.0,1.118,peripheral
vertical_relay,39.25,0,40.75,79.625,10.0,1.118,peripheral
vertical_relay,39.25,1,109.625,50.375,44.625,0.866,peripheral
vertical_relay,39.25,2,100.0,60.0,40.0,0.0,relay_anchor
vertical_relay,39.25,3,129.625,69.625,40.375,0.866,peripheral
vertical_relay,39.25,4,159.25,40.375,80.0,1.118,peripheral
vertical_relay,39.5,0,40.5,79.75,10.0,1.118,peripheral
vertical_relay,39.5,1,109.75,50.25,44.75,0.866,peripheral
vertical_relay,39.5,2,100.0,60.0,40.0,0.0,relay_anchor
vertical_relay,39.5,3,129.75,69.75,40.25,0.866,peripheral
vertical_relay,39.5,4,159.5,40.25,80.0,1.118,peripheral
vertical_relay,39.75,0,40.25,79.875,10.0,1.118,peripheral
vertical_relay,39.75,1,109.875,50.125,44.875,0.866,peripheral
vertical_relay,39.75,2,100.0,60.0,40.0,0.0,relay_anchor
vertical_relay,39.75,3,129.875,69.875,40.125,0.866,peripheral
vertical_relay,39.75,4,159.75,40.125,80.0,1.118,peripheral
vertical_relay,40.0,0,40.0,80.0,10.0,1.118,peripheral
vertical_relay,40.0,1,110.0,50.0,45.0,0.866,peripheral
vertical_relay,40.0,2,100.0,60.0,40.0,0.0,relay_anchor
vertical_relay,40.0,3,130.0,70.0,40.0,0.866,peripheral
vertical_relay,40.0,4,160.0,40.0,80.0,1.118,peripheral
formation_3d,0.0,0,45.0,50.0,20.0,4.5,peripheral
formation_3d,0.0,1,45.0,70.0,20.0,4.5,peripheral
formation_3d,0.0,2,55.0,60.0,60.0,4.5,relay_anchor
formation_3d,0.0,3,65.0,50.0,20.0,4.5,peripheral
formation_3d,0.0,4,65.0,70.0,20.0,4.5,peripheral
formation_3d,0.25,0,46.125,50.0,20.0,4.5,peripheral
formation_3d,0.25,1,46.125,70.0,20.0,4.5,peripheral
formation_3d,0.25,2,56.125,60.0,60.0,4.5,relay_anchor
formation_3d,0.25,3,66.125,50.0,20.0,4.5,peripheral
formation_3d,0.25,4,66.125,70.0,20.0,4.5,peripheral
formation_3d,0.5,0,47.25,50.0,20.0,4.5,peripheral
formation_3d,0.5,1,47.25,70.0,20.0,4.5,peripheral
formation_3d,0.5,2,57.25,60.0,60.0,4.5,relay_anchor
formation_3d,0.5,3,67.25,50.0,20.0,4.5,peripheral
formation_3d,0.5,4,67.25,70.0,20.0,4.5,peripheral
formation_3d,0.75,0,48.375,50.0,20.0,4.5,peripheral
formation_3d,0.75,1,48.375,70.0,20.0,4.5,peripheral
formation_3d,0.75,2,58.375,60.0,60.0,4.5,relay_anchor
formation_3d,0.75,3,68.375,50.0,20.0,4.5,peripheral
formation_3d,0.75,4,68.375,70.0,20.0,4.5,peripheral
formation_3d,1.0,0,49.5,50.0,20.0,4.5,peripheral
formation_3d,1.0,1,49.5,70.0,20.0,4.5,peripheral
formation_3d,1.0,2,59.5,60.0,60.0,4.5,relay_anchor
formation_3d,1.0,3,69.5,50.0,20.0,4.5,peripheral
formation_3d,1.0,4,69.5,70.0,20.0,4.5,peripheral
formation_3d,1.25,0,50.625,50.0,20.0,4.5,peripheral
formation_3d,1.25,1,50.625,70.0,20.0,4.5,peripheral
formation_3d,1.25,2,60.625,60.0,60.0,4.5,relay_anchor
formation_3d,1.25,3,70.625,50.0,20.0,4.5,peripheral
formation_3d,1.25,4,70.625,70.0,20.0,4.5,peripheral
formation_3d,1.5,0,51.75,50.0,20.0,4.5,peripheral
formation_3d,1.5,1,51.75,70.0,20.0,4.5,peripheral
formation_3d,1.5,2,61.75,60.0,60.0,4.5,relay_anchor
formation_3d,1.5,3,71.75,50.0,20.0,4.5,peripheral
formation_3d,1.5,4,71.75,70.0,20.0,4.5,peripheral
formation_3d,1.75,0,52.875,50.0,20.0,4.5,peripheral
formation_3d,1.75,1,52.875,70.0,20.0,4.5,peripheral
formation_3d,1.75,2,62.875,60.0,60.0,4.5,relay_anchor
formation_3d,1.75,3,72.875,50.0,20.0,4.5,peripheral
formation_3d,1.75,4,72.875,70.0,20.0,4.5,peripheral
formation_3d,2.0,0,54.0,50.0,20.0,4.5,peripheral
formation_3d,2.0,1,54.0,70.0,20.0,4.5,peripheral
formation_3d,2.0,2,64.0,60.0,60.0,4.5,relay_anchor
formation_3d,2.0,3,74.0,50.0,20.0,4.5,peripheral
formation_3d,2.0,4,74.0,70.0,20.0,4.5,peripheral
formation_3d,2.25,0,55.125,50.0,20.0,4.5,peripheral
formation_3d,2.25,1,55.125,70.0,20.0,4.5,peripheral
formation_3d,2.25,2,65.125,60.0,60.0,4.5,relay_anchor
formation_3d,2.25,3,75.125,50.0,20.0,4.5,peripheral
formation_3d,2.25,4,75.125,70.0,20.0,4.5,peripheral
formation_3d,2.5,0,56.25,50.0,20.0,4.5,peripheral
formation_3d,2.5,1,56.25,70.0,20.0,4.5,peripheral
formation_3d,2.5,2,66.25,60.0,60.0,4.5,relay_anchor
formation_3d,2.5,3,76.25,50.0,20.0,4.5,peripheral
formation_3d,2.5,4,76.25,70.0,20.0,4.5,peripheral
formation_3d,2.75,0,57.375,50.0,20.0,4.5,peripheral
formation_3d,2.75,1,57.375,70.0,20.0,4.5,peripheral
formation_3d,2.75,2,67.375,60.0,60.0,4.5,relay_anchor
formation_3d,2.75,3,77.375,50.0,20.0,4.5,peripheral
formation_3d,2.75,4,77.375,70.0,20.0,4.5,peripheral
formation_3d,3.0,0,58.5,50.0,20.0,4.5,peripheral
formation_3d,3.0,1,58.5,70.0,20.0,4.5,peripheral
formation_3d,3.0,2,68.5,60.0,60.0,4.5,relay_anchor
formation_3d,3.0,3,78.5,50.0,20.0,4.5,peripheral
formation_3d,3.0,4,78.5,70.0,20.0,4.5,peripheral
formation_3d,3.25,0,59.625,50.0,20.0,4.5,peripheral
formation_3d,3.25,1,59.625,70.0,20.0,4.5,peripheral
formation_3d,3.25,2,69.625,60.0,60.0,4.5,relay_anchor
formation_3d,3.25,3,79.625,50.0,20.0,4.5,peripheral
formation_3d,3.25,4,79.625,70.0,20.0,4.5,peripheral
formation_3d,3.5,0,60.75,50.0,20.0,4.5,peripheral
formation_3d,3.5,1,60.75,70.0,20.0,4.5,peripheral
formation_3d,3.5,2,70.75,60.0,60.0,4.5,relay_anchor
formation_3d,3.5,3,80.75,50.0,20.0,4.5,peripheral
formation_3d,3.5,4,80.75,70.0,20.0,4.5,peripheral
formation_3d,3.75,0,61.875,50.0,20.0,4.5,peripheral
formation_3d,3.75,1,61.875,70.0,20.0,4.5,peripheral
formation_3d,3.75,2,71.875,60.0,60.0,4.5,relay_anchor
formation_3d,3.75,3,81.875,50.0,20.0,4.5,peripheral
formation_3d,3.75,4,81.875,70.0,20.0,4.5,peripheral
formation_3d,4.0,0,63.0,50.0,20.0,4.5,peripheral
formation_3d,4.0,1,63.0,70.0,20.0,4.5,peripheral
formation_3d,4.0,2,73.0,60.0,60.0,4.5,relay_anchor
formation_3d,4.0,3,83.0,50.0,20.0,4.5,peripheral
formation_3d,4.0,4,83.0,70.0,20.0,4.5,peripheral
formation_3d,4.25,0,64.125,50.0,20.0,4.5,peripheral
formation_3d,4.25,1,64.125,70.0,20.0,4.5,peripheral
formation_3d,4.25,2,74.125,60.0,60.0,4.5,relay_anchor
formation_3d,4.25,3,84.125,50.0,20.0,4.5,peripheral
formation_3d,4.25,4,84.125,70.0,20.0,4.5,peripheral
formation_3d,4.5,0,65.25,50.0,20.0,4.5,peripheral
formation_3d,4.5,1,65.25,70.0,20.0,4.5,peripheral
formation_3d,4.5,2,75.25,60.0,60.0,4.5,relay_anchor
formation_3d,4.5,3,85.25,50.0,20.0,4.5,peripheral
formation_3d,4.5,4,85.25,70.0,20.0,4.5,peripheral
formation_3d,4.75,0,66.375,50.0,20.0,4.5,peripheral
formation_3d,4.75,1,66.375,70.0,20.0,4.5,peripheral
formation_3d,4.75,2,76.375,60.0,60.0,4.5,relay_anchor
formation_3d,4.75,3,86.375,50.0,20.0,4.5,peripheral
formation_3d,4.75,4,86.375,70.0,20.0,4.5,peripheral
formation_3d,5.0,0,67.5,50.0,20.0,4.5,peripheral
formation_3d,5.0,1,67.5,70.0,20.0,4.5,peripheral
formation_3d,5.0,2,77.5,60.0,60.0,4.5,relay_anchor
formation_3d,5.0,3,87.5,50.0,20.0,4.5,peripheral
formation_3d,5.0,4,87.5,70.0,20.0,4.5,peripheral
formation_3d,5.25,0,68.625,50.0,20.0,4.5,peripheral
formation_3d,5.25,1,68.625,70.0,20.0,4.5,peripheral
formation_3d,5.25,2,78.625,60.0,60.0,4.5,relay_anchor
formation_3d,5.25,3,88.625,50.0,20.0,4.5,peripheral
formation_3d,5.25,4,88.625,70.0,20.0,4.5,peripheral
formation_3d,5.5,0,69.75,50.0,20.0,4.5,peripheral
formation_3d,5.5,1,69.75,70.0,20.0,4.5,peripheral
formation_3d,5.5,2,79.75,60.0,60.0,4.5,relay_anchor
formation_3d,5.5,3,89.75,50.0,20.0,4.5,peripheral
formation_3d,5.5,4,89.75,70.0,20.0,4.5,peripheral
formation_3d,5.75,0,70.875,50.0,20.0,4.5,peripheral
formation_3d,5.75,1,70.875,70.0,20.0,4.5,peripheral
formation_3d,5.75,2,80.875,60.0,60.0,4.5,relay_anchor
formation_3d,5.75,3,90.875,50.0,20.0,4.5,peripheral
formation_3d,5.75,4,90.875,70.0,20.0,4.5,peripheral
formation_3d,6.0,0,72.0,50.0,20.0,4.5,peripheral
formation_3d,6.0,1,72.0,70.0,20.0,4.5,peripheral
formation_3d,6.0,2,82.0,60.0,60.0,4.5,relay_anchor
formation_3d,6.0,3,92.0,50.0,20.0,4.5,peripheral
formation_3d,6.0,4,92.0,70.0,20.0,4.5,peripheral
formation_3d,6.25,0,73.125,50.0,20.0,4.5,peripheral
formation_3d,6.25,1,73.125,70.0,20.0,4.5,peripheral
formation_3d,6.25,2,83.125,60.0,60.0,4.5,relay_anchor
formation_3d,6.25,3,93.125,50.0,20.0,4.5,peripheral
formation_3d,6.25,4,93.125,70.0,20.0,4.5,peripheral
formation_3d,6.5,0,74.25,50.0,20.0,4.5,peripheral
formation_3d,6.5,1,74.25,70.0,20.0,4.5,peripheral
formation_3d,6.5,2,84.25,60.0,60.0,4.5,relay_anchor
formation_3d,6.5,3,94.25,50.0,20.0,4.5,peripheral
formation_3d,6.5,4,94.25,70.0,20.0,4.5,peripheral
formation_3d,6.75,0,75.375,50.0,20.0,4.5,peripheral
formation_3d,6.75,1,75.375,70.0,20.0,4.5,peripheral
formation_3d,6.75,2,85.375,60.0,60.0,4.5,relay_anchor
formation_3d,6.75,3,95.375,50.0,20.0,4.5,peripheral
formation_3d,6.75,4,95.375,70.0,20.0,4.5,peripheral
formation_3d,7.0,0,76.5,50.0,20.0,4.5,peripheral
formation_3d,7.0,1,76.5,70.0,20.0,4.5,peripheral
formation_3d,7.0,2,86.5,60.0,60.0,4.5,relay_anchor
formation_3d,7.0,3,96.5,50.0,20.0,4.5,peripheral
formation_3d,7.0,4,96.5,70.0,20.0,4.5,peripheral
formation_3d,7.25,0,77.625,50.0,20.0,4.5,peripheral
formation_3d,7.25,1,77.625,70.0,20.0,4.5,peripheral
formation_3d,7.25,2,87.625,60.0,60.0,4.5,relay_anchor
formation_3d,7.25,3,97.625,50.0,20.0,4.5,peripheral
formation_3d,7.25,4,97.625,70.0,20.0,4.5,peripheral
formation_3d,7.5,0,78.75,50.0,20.0,4.5,peripheral
formation_3d,7.5,1,78.75,70.0,20.0,4.5,peripheral
formation_3d,7.5,2,88.75,60.0,60.0,4.5,relay_anchor
formation_3d,7.5,3,98.75,50.0,20.0,4.5,peripheral
formation_3d,7.5,4,98.75,70.0,20.0,4.5,peripheral
formation_3d,7.75,0,79.875,50.0,20.0,4.5,peripheral
formation_3d,7.75,1,79.875,70.0,20.0,4.5,peripheral
formation_3d,7.75,2,89.875,60.0,60.0,4.5,relay_anchor
formation_3d,7.75,3,99.875,50.0,20.0,4.5,peripheral
formation_3d,7.75,4,99.875,70.0,20.0,4.5,peripheral
formation_3d,8.0,0,81.0,50.0,20.0,4.5,peripheral
formation_3d,8.0,1,81.0,70.0,20.0,4.5,peripheral
formation_3d,8.0,2,91.0,60.0,60.0,4.5,relay_anchor
formation_3d,8.0,3,101.0,50.0,20.0,4.5,peripheral
formation_3d,8.0,4,101.0,70.0,20.0,4.5,peripheral
formation_3d,8.25,0,82.125,50.0,20.0,4.5,peripheral
formation_3d,8.25,1,82.125,70.0,20.0,4.5,peripheral
formation_3d,8.25,2,92.125,60.0,60.0,4.5,relay_anchor
formation_3d,8.25,3,102.125,50.0,20.0,4.5,peripheral
formation_3d,8.25,4,102.125,70.0,20.0,4.5,peripheral
formation_3d,8.5,0,83.25,50.0,20.0,4.5,peripheral
formation_3d,8.5,1,83.25,70.0,20.0,4.5,peripheral
formation_3d,8.5,2,93.25,60.0,60.0,4.5,relay_anchor
formation_3d,8.5,3,103.25,50.0,20.0,4.5,peripheral
formation_3d,8.5,4,103.25,70.0,20.0,4.5,peripheral
formation_3d,8.75,0,84.375,50.0,20.0,4.5,peripheral
formation_3d,8.75,1,84.375,70.0,20.0,4.5,peripheral
formation_3d,8.75,2,94.375,60.0,60.0,4.5,relay_anchor
formation_3d,8.75,3,104.375,50.0,20.0,4.5,peripheral
formation_3d,8.75,4,104.375,70.0,20.0,4.5,peripheral
formation_3d,9.0,0,85.5,50.0,20.0,4.5,peripheral
formation_3d,9.0,1,85.5,70.0,20.0,4.5,peripheral
formation_3d,9.0,2,95.5,60.0,60.0,4.5,relay_anchor
formation_3d,9.0,3,105.5,50.0,20.0,4.5,peripheral
formation_3d,9.0,4,105.5,70.0,20.0,4.5,peripheral
formation_3d,9.25,0,86.625,50.0,20.0,4.5,peripheral
formation_3d,9.25,1,86.625,70.0,20.0,4.5,peripheral
formation_3d,9.25,2,96.625,60.0,60.0,4.5,relay_anchor
formation_3d,9.25,3,106.625,50.0,20.0,4.5,peripheral
formation_3d,9.25,4,106.625,70.0,20.0,4.5,peripheral
formation_3d,9.5,0,87.75,50.0,20.0,4.5,peripheral
formation_3d,9.5,1,87.75,70.0,20.0,4.5,peripheral
formation_3d,9.5,2,97.75,60.0,60.0,4.5,relay_anchor
formation_3d,9.5,3,107.75,50.0,20.0,4.5,peripheral
formation_3d,9.5,4,107.75,70.0,20.0,4.5,peripheral
formation_3d,9.75,0,88.875,50.0,20.0,4.5,peripheral
formation_3d,9.75,1,88.875,70.0,20.0,4.5,peripheral
formation_3d,9.75,2,98.875,60.0,60.0,4.5,relay_anchor
formation_3d,9.75,3,108.875,50.0,20.0,4.5,peripheral
formation_3d,9.75,4,108.875,70.0,20.0,4.5,peripheral
formation_3d,10.0,0,90.0,50.0,20.0,4.5,peripheral
formation_3d,10.0,1,90.0,70.0,20.0,4.5,peripheral
formation_3d,10.0,2,100.0,60.0,60.0,4.5,relay_anchor
formation_3d,10.0,3,110.0,50.0,20.0,4.5,peripheral
formation_3d,10.0,4,110.0,70.0,20.0,4.5,peripheral
formation_3d,10.25,0,91.125,50.0,20.0,4.5,peripheral
formation_3d,10.25,1,91.125,70.0,20.0,4.5,peripheral
formation_3d,10.25,2,101.125,60.0,60.0,4.5,relay_anchor
formation_3d,10.25,3,111.125,50.0,20.0,4.5,peripheral
formation_3d,10.25,4,111.125,70.0,20.0,4.5,peripheral
formation_3d,10.5,0,92.25,50.0,20.0,4.5,peripheral
formation_3d,10.5,1,92.25,70.0,20.0,4.5,peripheral
formation_3d,10.5,2,102.25,60.0,60.0,4.5,relay_anchor
formation_3d,10.5,3,112.25,50.0,20.0,4.5,peripheral
formation_3d,10.5,4,112.25,70.0,20.0,4.5,peripheral
formation_3d,10.75,0,93.375,50.0,20.0,4.5,peripheral
formation_3d,10.75,1,93.375,70.0,20.0,4.5,peripheral
formation_3d,10.75,2,103.375,60.0,60.0,4.5,relay_anchor
formation_3d,10.75,3,113.375,50.0,20.0,4.5,peripheral
formation_3d,10.75,4,113.375,70.0,20.0,4.5,peripheral
formation_3d,11.0,0,94.5,50.0,20.0,4.5,peripheral
formation_3d,11.0,1,94.5,70.0,20.0,4.5,peripheral
formation_3d,11.0,2,104.5,60.0,60.0,4.5,relay_anchor
formation_3d,11.0,3,114.5,50.0,20.0,4.5,peripheral
formation_3d,11.0,4,114.5,70.0,20.0,4.5,peripheral
formation_3d,11.25,0,95.625,50.0,20.0,4.5,peripheral
formation_3d,11.25,1,95.625,70.0,20.0,4.5,peripheral
formation_3d,11.25,2,105.625,60.0,60.0,4.5,relay_anchor
formation_3d,11.25,3,115.625,50.0,20.0,4.5,peripheral
formation_3d,11.25,4,115.625,70.0,20.0,4.5,peripheral
formation_3d,11.5,0,96.75,50.0,20.0,4.5,peripheral
formation_3d,11.5,1,96.75,70.0,20.0,4.5,peripheral
formation_3d,11.5,2,106.75,60.0,60.0,4.5,relay_anchor
formation_3d,11.5,3,116.75,50.0,20.0,4.5,peripheral
formation_3d,11.5,4,116.75,70.0,20.0,4.5,peripheral
formation_3d,11.75,0,97.875,50.0,20.0,4.5,peripheral
formation_3d,11.75,1,97.875,70.0,20.0,4.5,peripheral
formation_3d,11.75,2,107.875,60.0,60.0,4.5,relay_anchor
formation_3d,11.75,3,117.875,50.0,20.0,4.5,peripheral
formation_3d,11.75,4,117.875,70.0,20.0,4.5,peripheral
formation_3d,12.0,0,99.0,50.0,20.0,4.5,peripheral
formation_3d,12.0,1,99.0,70.0,20.0,4.5,peripheral
formation_3d,12.0,2,109.0,60.0,60.0,4.5,relay_anchor
formation_3d,12.0,3,119.0,50.0,20.0,4.5,peripheral
formation_3d,12.0,4,119.0,70.0,20.0,4.5,peripheral
formation_3d,12.25,0,100.125,50.0,20.0,4.5,peripheral
formation_3d,12.25,1,100.125,70.0,20.0,4.5,peripheral
formation_3d,12.25,2,110.125,60.0,60.0,4.5,relay_anchor
formation_3d,12.25,3,120.125,50.0,20.0,4.5,peripheral
formation_3d,12.25,4,120.125,70.0,20.0,4.5,peripheral
formation_3d,12.5,0,101.25,50.0,20.0,4.5,peripheral
formation_3d,12.5,1,101.25,70.0,20.0,4.5,peripheral
formation_3d,12.5,2,111.25,60.0,60.0,4.5,relay_anchor
formation_3d,12.5,3,121.25,50.0,20.0,4.5,peripheral
formation_3d,12.5,4,121.25,70.0,20.0,4.5,peripheral
formation_3d,12.75,0,102.375,50.0,20.0,4.5,peripheral
formation_3d,12.75,1,102.375,70.0,20.0,4.5,peripheral
formation_3d,12.75,2,112.375,60.0,60.0,4.5,relay_anchor
formation_3d,12.75,3,122.375,50.0,20.0,4.5,peripheral
formation_3d,12.75,4,122.375,70.0,20.0,4.5,peripheral
formation_3d,13.0,0,103.5,50.0,20.0,4.5,peripheral
formation_3d,13.0,1,103.5,70.0,20.0,4.5,peripheral
formation_3d,13.0,2,113.5,60.0,60.0,4.5,relay_anchor
formation_3d,13.0,3,123.5,50.0,20.0,4.5,peripheral
formation_3d,13.0,4,123.5,70.0,20.0,4.5,peripheral
formation_3d,13.25,0,104.625,50.0,20.0,4.5,peripheral
formation_3d,13.25,1,104.625,70.0,20.0,4.5,peripheral
formation_3d,13.25,2,114.625,60.0,60.0,4.5,relay_anchor
formation_3d,13.25,3,124.625,50.0,20.0,4.5,peripheral
formation_3d,13.25,4,124.625,70.0,20.0,4.5,peripheral
formation_3d,13.5,0,105.75,50.0,20.0,4.5,peripheral
formation_3d,13.5,1,105.75,70.0,20.0,4.5,peripheral
formation_3d,13.5,2,115.75,60.0,60.0,4.5,relay_anchor
formation_3d,13.5,3,125.75,50.0,20.0,4.5,peripheral
formation_3d,13.5,4,125.75,70.0,20.0,4.5,peripheral
formation_3d,13.75,0,106.875,50.0,20.0,4.5,peripheral
formation_3d,13.75,1,106.875,70.0,20.0,4.5,peripheral
formation_3d,13.75,2,116.875,60.0,60.0,4.5,relay_anchor
formation_3d,13.75,3,126.875,50.0,20.0,4.5,peripheral
formation_3d,13.75,4,126.875,70.0,20.0,4.5,peripheral
formation_3d,14.0,0,108.0,50.0,20.0,4.5,peripheral
formation_3d,14.0,1,108.0,70.0,20.0,4.5,peripheral
formation_3d,14.0,2,118.0,60.0,60.0,4.5,relay_anchor
formation_3d,14.0,3,128.0,50.0,20.0,4.5,peripheral
formation_3d,14.0,4,128.0,70.0,20.0,4.5,peripheral
formation_3d,14.25,0,109.125,50.0,20.0,4.5,peripheral
formation_3d,14.25,1,109.125,70.0,20.0,4.5,peripheral
formation_3d,14.25,2,119.125,60.0,60.0,4.5,relay_anchor
formation_3d,14.25,3,129.125,50.0,20.0,4.5,peripheral
formation_3d,14.25,4,129.125,70.0,20.0,4.5,peripheral
formation_3d,14.5,0,110.25,50.0,20.0,4.5,peripheral
formation_3d,14.5,1,110.25,70.0,20.0,4.5,peripheral
formation_3d,14.5,2,120.25,60.0,60.0,4.5,relay_anchor
formation_3d,14.5,3,130.25,50.0,20.0,4.5,peripheral
formation_3d,14.5,4,130.25,70.0,20.0,4.5,peripheral
formation_3d,14.75,0,111.375,50.0,20.0,4.5,peripheral
formation_3d,14.75,1,111.375,70.0,20.0,4.5,peripheral
formation_3d,14.75,2,121.375,60.0,60.0,4.5,relay_anchor
formation_3d,14.75,3,131.375,50.0,20.0,4.5,peripheral
formation_3d,14.75,4,131.375,70.0,20.0,4.5,peripheral
formation_3d,15.0,0,112.5,50.0,20.0,4.5,peripheral
formation_3d,15.0,1,112.5,70.0,20.0,4.5,peripheral
formation_3d,15.0,2,122.5,60.0,60.0,4.5,relay_anchor
formation_3d,15.0,3,132.5,50.0,20.0,4.5,peripheral
formation_3d,15.0,4,132.5,70.0,20.0,4.5,peripheral
formation_3d,15.25,0,113.625,50.0,20.0,4.5,peripheral
formation_3d,15.25,1,113.625,70.0,20.0,4.5,peripheral
formation_3d,15.25,2,123.625,60.0,60.0,4.5,relay_anchor
formation_3d,15.25,3,133.625,50.0,20.0,4.5,peripheral
formation_3d,15.25,4,133.625,70.0,20.0,4.5,peripheral
formation_3d,15.5,0,114.75,50.0,20.0,4.5,peripheral
formation_3d,15.5,1,114.75,70.0,20.0,4.5,peripheral
formation_3d,15.5,2,124.75,60.0,60.0,4.5,relay_anchor
formation_3d,15.5,3,134.75,50.0,20.0,4.5,peripheral
formation_3d,15.5,4,134.75,70.0,20.0,4.5,peripheral
formation_3d,15.75,0,115.875,50.0,20.0,4.5,peripheral
formation_3d,15.75,1,115.875,70.0,20.0,4.5,peripheral
formation_3d,15.75,2,125.875,60.0,60.0,4.5,relay_anchor
formation_3d,15.75,3,135.875,50.0,20.0,4.5,peripheral
formation_3d,15.75,4,135.875,70.0,20.0,4.5,peripheral
formation_3d,16.0,0,117.0,50.0,20.0,4.5,peripheral
formation_3d,16.0,1,117.0,70.0,20.0,4.5,peripheral
formation_3d,16.0,2,127.0,60.0,60.0,4.5,relay_anchor
formation_3d,16.0,3,137.0,50.0,20.0,4.5,peripheral
formation_3d,16.0,4,137.0,70.0,20.0,4.5,peripheral
formation_3d,16.25,0,118.125,50.0,20.0,4.5,peripheral
formation_3d,16.25,1,118.125,70.0,20.0,4.5,peripheral
formation_3d,16.25,2,128.125,60.0,60.0,4.5,relay_anchor
formation_3d,16.25,3,138.125,50.0,20.0,4.5,peripheral
formation_3d,16.25,4,138.125,70.0,20.0,4.5,peripheral
formation_3d,16.5,0,119.25,50.0,20.0,4.5,peripheral
formation_3d,16.5,1,119.25,70.0,20.0,4.5,peripheral
formation_3d,16.5,2,129.25,60.0,60.0,4.5,relay_anchor
formation_3d,16.5,3,139.25,50.0,20.0,4.5,peripheral
formation_3d,16.5,4,139.25,70.0,20.0,4.5,peripheral
formation_3d,16.75,0,120.375,50.0,20.0,4.5,peripheral
formation_3d,16.75,1,120.375,70.0,20.0,4.5,peripheral
formation_3d,16.75,2,130.375,60.0,60.0,4.5,relay_anchor
formation_3d,16.75,3,140.375,50.0,20.0,4.5,peripheral
formation_3d,16.75,4,140.375,70.0,20.0,4.5,peripheral
formation_3d,17.0,0,121.5,50.0,20.0,4.5,peripheral
formation_3d,17.0,1,121.5,70.0,20.0,4.5,peripheral
formation_3d,17.0,2,131.5,60.0,60.0,4.5,relay_anchor
formation_3d,17.0,3,141.5,50.0,20.0,4.5,peripheral
formation_3d,17.0,4,141.5,70.0,20.0,4.5,peripheral
formation_3d,17.25,0,122.625,50.0,20.0,4.5,peripheral
formation_3d,17.25,1,122.625,70.0,20.0,4.5,peripheral
formation_3d,17.25,2,132.625,60.0,60.0,4.5,relay_anchor
formation_3d,17.25,3,142.625,50.0,20.0,4.5,peripheral
formation_3d,17.25,4,142.625,70.0,20.0,4.5,peripheral
formation_3d,17.5,0,123.75,50.0,20.0,4.5,peripheral
formation_3d,17.5,1,123.75,70.0,20.0,4.5,peripheral
formation_3d,17.5,2,133.75,60.0,60.0,4.5,relay_anchor
formation_3d,17.5,3,143.75,50.0,20.0,4.5,peripheral
formation_3d,17.5,4,143.75,70.0,20.0,4.5,peripheral
formation_3d,17.75,0,124.875,50.0,20.0,4.5,peripheral
formation_3d,17.75,1,124.875,70.0,20.0,4.5,peripheral
formation_3d,17.75,2,134.875,60.0,60.0,4.5,relay_anchor
formation_3d,17.75,3,144.875,50.0,20.0,4.5,peripheral
formation_3d,17.75,4,144.875,70.0,20.0,4.5,peripheral
formation_3d,18.0,0,126.0,50.0,20.0,4.5,peripheral
formation_3d,18.0,1,126.0,70.0,20.0,4.5,peripheral
formation_3d,18.0,2,136.0,60.0,60.0,4.5,relay_anchor
formation_3d,18.0,3,146.0,50.0,20.0,4.5,peripheral
formation_3d,18.0,4,146.0,70.0,20.0,4.5,peripheral
formation_3d,18.25,0,127.125,50.0,20.0,4.5,peripheral
formation_3d,18.25,1,127.125,70.0,20.0,4.5,peripheral
formation_3d,18.25,2,137.125,60.0,60.0,4.5,relay_anchor
formation_3d,18.25,3,147.125,50.0,20.0,4.5,peripheral
formation_3d,18.25,4,147.125,70.0,20.0,4.5,peripheral
formation_3d,18.5,0,128.25,50.0,20.0,4.5,peripheral
formation_3d,18.5,1,128.25,70.0,20.0,4.5,peripheral
formation_3d,18.5,2,138.25,60.0,60.0,4.5,relay_anchor
formation_3d,18.5,3,148.25,50.0,20.0,4.5,peripheral
formation_3d,18.5,4,148.25,70.0,20.0,4.5,peripheral
formation_3d,18.75,0,129.375,50.0,20.0,4.5,peripheral
formation_3d,18.75,1,129.375,70.0,20.0,4.5,peripheral
formation_3d,18.75,2,139.375,60.0,60.0,4.5,relay_anchor
formation_3d,18.75,3,149.375,50.0,20.0,4.5,peripheral
formation_3d,18.75,4,149.375,70.0,20.0,4.5,peripheral
formation_3d,19.0,0,130.5,50.0,20.0,4.5,peripheral
formation_3d,19.0,1,130.5,70.0,20.0,4.5,peripheral
formation_3d,19.0,2,140.5,60.0,60.0,4.5,relay_anchor
formation_3d,19.0,3,150.5,50.0,20.0,4.5,peripheral
formation_3d,19.0,4,150.5,70.0,20.0,4.5,peripheral
formation_3d,19.25,0,131.625,50.0,20.0,4.5,peripheral
formation_3d,19.25,1,131.625,70.0,20.0,4.5,peripheral
formation_3d,19.25,2,141.625,60.0,60.0,4.5,relay_anchor
formation_3d,19.25,3,151.625,50.0,20.0,4.5,peripheral
formation_3d,19.25,4,151.625,70.0,20.0,4.5,peripheral
formation_3d,19.5,0,132.75,50.0,20.0,4.5,peripheral
formation_3d,19.5,1,132.75,70.0,20.0,4.5,peripheral
formation_3d,19.5,2,142.75,60.0,60.0,4.5,relay_anchor
formation_3d,19.5,3,152.75,50.0,20.0,4.5,peripheral
formation_3d,19.5,4,152.75,70.0,20.0,4.5,peripheral
formation_3d,19.75,0,133.875,50.0,20.0,4.5,peripheral
formation_3d,19.75,1,133.875,70.0,20.0,4.5,peripheral
formation_3d,19.75,2,143.875,60.0,60.0,4.5,relay_anchor
formation_3d,19.75,3,153.875,50.0,20.0,4.5,peripheral
formation_3d,19.75,4,153.875,70.0,20.0,4.5,peripheral
formation_3d,20.0,0,135.0,50.0,20.0,4.5,peripheral
formation_3d,20.0,1,135.0,70.0,20.0,4.5,peripheral
formation_3d,20.0,2,145.0,60.0,60.0,4.5,relay_anchor
formation_3d,20.0,3,155.0,50.0,20.0,4.5,peripheral
formation_3d,20.0,4,155.0,70.0,20.0,4.5,peripheral
formation_3d,20.25,0,136.125,50.0,20.0,4.5,peripheral
formation_3d,20.25,1,136.125,70.0,20.0,4.5,peripheral
formation_3d,20.25,2,146.125,60.0,60.0,4.5,relay_anchor
formation_3d,20.25,3,156.125,50.0,20.0,4.5,peripheral
formation_3d,20.25,4,156.125,70.0,20.0,4.5,peripheral
formation_3d,20.5,0,137.25,50.0,20.0,4.5,peripheral
formation_3d,20.5,1,137.25,70.0,20.0,4.5,peripheral
formation_3d,20.5,2,147.25,60.0,60.0,4.5,relay_anchor
formation_3d,20.5,3,157.25,50.0,20.0,4.5,peripheral
formation_3d,20.5,4,157.25,70.0,20.0,4.5,peripheral
formation_3d,20.75,0,138.375,50.0,20.0,4.5,peripheral
formation_3d,20.75,1,138.375,70.0,20.0,4.5,peripheral
formation_3d,20.75,2,148.375,60.0,60.0,4.5,relay_anchor
formation_3d,20.75,3,158.375,50.0,20.0,4.5,peripheral
formation_3d,20.75,4,158.375,70.0,20.0,4.5,peripheral
formation_3d,21.0,0,139.5,50.0,20.0,4.5,peripheral
formation_3d,21.0,1,139.5,70.0,20.0,4.5,peripheral
formation_3d,21.0,2,149.5,60.0,60.0,4.5,relay_anchor
formation_3d,21.0,3,159.5,50.0,20.0,4.5,peripheral
formation_3d,21.0,4,159.5,70.0,20.0,4.5,peripheral
formation_3d,21.25,0,140.625,50.0,20.0,4.5,peripheral
formation_3d,21.25,1,140.625,70.0,20.0,4.5,peripheral
formation_3d,21.25,2,150.625,60.0,60.0,4.5,relay_anchor
formation_3d,21.25,3,160.625,50.0,20.0,4.5,peripheral
formation_3d,21.25,4,160.625,70.0,20.0,4.5,peripheral
formation_3d,21.5,0,141.75,50.0,20.0,4.5,peripheral
formation_3d,21.5,1,141.75,70.0,20.0,4.5,peripheral
formation_3d,21.5,2,151.75,60.0,60.0,4.5,relay_anchor
formation_3d,21.5,3,161.75,50.0,20.0,4.5,peripheral
formation_3d,21.5,4,161.75,70.0,20.0,4.5,peripheral
formation_3d,21.75,0,142.875,50.0,20.0,4.5,peripheral
formation_3d,21.75,1,142.875,70.0,20.0,4.5,peripheral
formation_3d,21.75,2,152.875,60.0,60.0,4.5,relay_anchor
formation_3d,21.75,3,162.875,50.0,20.0,4.5,peripheral
formation_3d,21.75,4,162.875,70.0,20.0,4.5,peripheral
formation_3d,22.0,0,144.0,50.0,20.0,4.5,peripheral
formation_3d,22.0,1,144.0,70.0,20.0,4.5,peripheral
formation_3d,22.0,2,154.0,60.0,60.0,4.5,relay_anchor
formation_3d,22.0,3,164.0,50.0,20.0,4.5,peripheral
formation_3d,22.0,4,164.0,70.0,20.0,4.5,peripheral
formation_3d,22.25,0,145.125,50.0,20.0,4.5,peripheral
formation_3d,22.25,1,145.125,70.0,20.0,4.5,peripheral
formation_3d,22.25,2,155.125,60.0,60.0,4.5,relay_anchor
formation_3d,22.25,3,165.125,50.0,20.0,4.5,peripheral
formation_3d,22.25,4,165.125,70.0,20.0,4.5,peripheral
formation_3d,22.5,0,146.25,50.0,20.0,4.5,peripheral
formation_3d,22.5,1,146.25,70.0,20.0,4.5,peripheral
formation_3d,22.5,2,156.25,60.0,60.0,4.5,relay_anchor
formation_3d,22.5,3,166.25,50.0,20.0,4.5,peripheral
formation_3d,22.5,4,166.25,70.0,20.0,4.5,peripheral
formation_3d,22.75,0,147.375,50.0,20.0,4.5,peripheral
formation_3d,22.75,1,147.375,70.0,20.0,4.5,peripheral
formation_3d,22.75,2,157.375,60.0,60.0,4.5,relay_anchor
formation_3d,22.75,3,167.375,50.0,20.0,4.5,peripheral
formation_3d,22.75,4,167.375,70.0,20.0,4.5,peripheral
formation_3d,23.0,0,148.5,50.0,20.0,4.5,peripheral
formation_3d,23.0,1,148.5,70.0,20.0,4.5,peripheral
formation_3d,23.0,2,158.5,60.0,60.0,4.5,relay_anchor
formation_3d,23.0,3,168.5,50.0,20.0,4.5,peripheral
formation_3d,23.0,4,168.5,70.0,20.0,4.5,peripheral
formation_3d,23.25,0,149.625,50.0,20.0,4.5,peripheral
formation_3d,23.25,1,149.625,70.0,20.0,4.5,peripheral
formation_3d,23.25,2,159.625,60.0,60.0,4.5,relay_anchor
formation_3d,23.25,3,169.625,50.0,20.0,4.5,peripheral
formation_3d,23.25,4,169.625,70.0,20.0,4.5,peripheral
formation_3d,23.5,0,150.75,50.0,20.0,4.5,peripheral
formation_3d,23.5,1,150.75,70.0,20.0,4.5,peripheral
formation_3d,23.5,2,160.75,60.0,60.0,4.5,relay_anchor
formation_3d,23.5,3,170.75,50.0,20.0,4.5,peripheral
formation_3d,23.5,4,170.75,70.0,20.0,4.5,peripheral
formation_3d,23.75,0,151.875,50.0,20.0,4.5,peripheral
formation_3d,23.75,1,151.875,70.0,20.0,4.5,peripheral
formation_3d,23.75,2,161.875,60.0,60.0,4.5,relay_anchor
formation_3d,23.75,3,171.875,50.0,20.0,4.5,peripheral
formation_3d,23.75,4,171.875,70.0,20.0,4.5,peripheral
formation_3d,24.0,0,153.0,50.0,20.0,4.5,peripheral
formation_3d,24.0,1,153.0,70.0,20.0,4.5,peripheral
formation_3d,24.0,2,163.0,60.0,60.0,4.5,relay_anchor
formation_3d,24.0,3,173.0,50.0,20.0,4.5,peripheral
formation_3d,24.0,4,173.0,70.0,20.0,4.5,peripheral
formation_3d,24.25,0,154.125,50.0,20.0,4.5,peripheral
formation_3d,24.25,1,154.125,70.0,20.0,4.5,peripheral
formation_3d,24.25,2,164.125,60.0,60.0,4.5,relay_anchor
formation_3d,24.25,3,174.125,50.0,20.0,4.5,peripheral
formation_3d,24.25,4,174.125,70.0,20.0,4.5,peripheral
formation_3d,24.5,0,155.25,50.0,20.0,4.5,peripheral
formation_3d,24.5,1,155.25,70.0,20.0,4.5,peripheral
formation_3d,24.5,2,165.25,60.0,60.0,4.5,relay_anchor
formation_3d,24.5,3,175.25,50.0,20.0,4.5,peripheral
formation_3d,24.5,4,175.25,70.0,20.0,4.5,peripheral
formation_3d,24.75,0,156.375,50.0,20.0,4.5,peripheral
formation_3d,24.75,1,156.375,70.0,20.0,4.5,peripheral
formation_3d,24.75,2,166.375,60.0,60.0,4.5,relay_anchor
formation_3d,24.75,3,176.375,50.0,20.0,4.5,peripheral
formation_3d,24.75,4,176.375,70.0,20.0,4.5,peripheral
formation_3d,25.0,0,157.5,50.0,20.0,4.5,peripheral
formation_3d,25.0,1,157.5,70.0,20.0,4.5,peripheral
formation_3d,25.0,2,167.5,60.0,60.0,4.5,relay_anchor
formation_3d,25.0,3,177.5,50.0,20.0,4.5,peripheral
formation_3d,25.0,4,177.5,70.0,20.0,4.5,peripheral
formation_3d,25.25,0,158.625,50.0,20.0,4.5,peripheral
formation_3d,25.25,1,158.625,70.0,20.0,4.5,peripheral
formation_3d,25.25,2,168.625,60.0,60.0,4.5,relay_anchor
formation_3d,25.25,3,178.625,50.0,20.0,4.5,peripheral
formation_3d,25.25,4,178.625,70.0,20.0,4.5,peripheral
formation_3d,25.5,0,159.75,50.0,20.0,4.5,peripheral
formation_3d,25.5,1,159.75,70.0,20.0,4.5,peripheral
formation_3d,25.5,2,169.75,60.0,60.0,4.5,relay_anchor
formation_3d,25.5,3,179.75,50.0,20.0,4.5,peripheral
formation_3d,25.5,4,179.75,70.0,20.0,4.5,peripheral
formation_3d,25.75,0,160.875,50.0,20.0,4.5,peripheral
formation_3d,25.75,1,160.875,70.0,20.0,4.5,peripheral
formation_3d,25.75,2,170.875,60.0,60.0,4.5,relay_anchor
formation_3d,25.75,3,180.875,50.0,20.0,4.5,peripheral
formation_3d,25.75,4,180.875,70.0,20.0,4.5,peripheral
formation_3d,26.0,0,162.0,50.0,20.0,4.5,peripheral
formation_3d,26.0,1,162.0,70.0,20.0,4.5,peripheral
formation_3d,26.0,2,172.0,60.0,60.0,4.5,relay_anchor
formation_3d,26.0,3,182.0,50.0,20.0,4.5,peripheral
formation_3d,26.0,4,182.0,70.0,20.0,4.5,peripheral
formation_3d,26.25,0,163.125,50.0,20.0,4.5,peripheral
formation_3d,26.25,1,163.125,70.0,20.0,4.5,peripheral
formation_3d,26.25,2,173.125,60.0,60.0,4.5,relay_anchor
formation_3d,26.25,3,183.125,50.0,20.0,4.5,peripheral
formation_3d,26.25,4,183.125,70.0,20.0,4.5,peripheral
formation_3d,26.5,0,164.25,50.0,20.0,4.5,peripheral
formation_3d,26.5,1,164.25,70.0,20.0,4.5,peripheral
formation_3d,26.5,2,174.25,60.0,60.0,4.5,relay_anchor
formation_3d,26.5,3,184.25,50.0,20.0,4.5,peripheral
formation_3d,26.5,4,184.25,70.0,20.0,4.5,peripheral
formation_3d,26.75,0,165.375,50.0,20.0,4.5,peripheral
formation_3d,26.75,1,165.375,70.0,20.0,4.5,peripheral
formation_3d,26.75,2,175.375,60.0,60.0,4.5,relay_anchor
formation_3d,26.75,3,185.375,50.0,20.0,4.5,peripheral
formation_3d,26.75,4,185.375,70.0,20.0,4.5,peripheral
formation_3d,27.0,0,166.5,50.0,20.0,4.5,peripheral
formation_3d,27.0,1,166.5,70.0,20.0,4.5,peripheral
formation_3d,27.0,2,176.5,60.0,60.0,4.5,relay_anchor
formation_3d,27.0,3,186.5,50.0,20.0,4.5,peripheral
formation_3d,27.0,4,186.5,70.0,20.0,4.5,peripheral
formation_3d,27.25,0,167.625,50.0,20.0,4.5,peripheral
formation_3d,27.25,1,167.625,70.0,20.0,4.5,peripheral
formation_3d,27.25,2,177.625,60.0,60.0,4.5,relay_anchor
formation_3d,27.25,3,187.625,50.0,20.0,4.5,peripheral
formation_3d,27.25,4,187.625,70.0,20.0,4.5,peripheral
formation_3d,27.5,0,168.75,50.0,20.0,4.5,peripheral
formation_3d,27.5,1,168.75,70.0,20.0,4.5,peripheral
formation_3d,27.5,2,178.75,60.0,60.0,4.5,relay_anchor
formation_3d,27.5,3,188.75,50.0,20.0,4.5,peripheral
formation_3d,27.5,4,188.75,70.0,20.0,4.5,peripheral
formation_3d,27.75,0,169.875,50.0,20.0,4.5,peripheral
formation_3d,27.75,1,169.875,70.0,20.0,4.5,peripheral
formation_3d,27.75,2,179.875,60.0,60.0,4.5,relay_anchor
formation_3d,27.75,3,189.875,50.0,20.0,4.5,peripheral
formation_3d,27.75,4,189.875,70.0,20.0,4.5,peripheral
formation_3d,28.0,0,171.0,50.0,20.0,4.5,peripheral
formation_3d,28.0,1,171.0,70.0,20.0,4.5,peripheral
formation_3d,28.0,2,181.0,60.0,60.0,4.5,relay_anchor
formation_3d,28.0,3,191.0,50.0,20.0,4.5,peripheral
formation_3d,28.0,4,191.0,70.0,20.0,4.5,peripheral
formation_3d,28.25,0,172.125,50.0,20.0,4.5,peripheral
formation_3d,28.25,1,172.125,70.0,20.0,4.5,peripheral
formation_3d,28.25,2,182.125,60.0,60.0,4.5,relay_anchor
formation_3d,28.25,3,192.125,50.0,20.0,4.5,peripheral
formation_3d,28.25,4,192.125,70.0,20.0,4.5,peripheral
formation_3d,28.5,0,173.25,50.0,20.0,4.5,peripheral
formation_3d,28.5,1,173.25,70.0,20.0,4.5,peripheral
formation_3d,28.5,2,183.25,60.0,60.0,4.5,relay_anchor
formation_3d,28.5,3,193.25,50.0,20.0,4.5,peripheral
formation_3d,28.5,4,193.25,70.0,20.0,4.5,peripheral
formation_3d,28.75,0,174.375,50.0,20.0,4.5,peripheral
formation_3d,28.75,1,174.375,70.0,20.0,4.5,peripheral
formation_3d,28.75,2,184.375,60.0,60.0,4.5,relay_anchor
formation_3d,28.75,3,194.375,50.0,20.0,4.5,peripheral
formation_3d,28.75,4,194.375,70.0,20.0,4.5,peripheral
formation_3d,29.0,0,175.5,50.0,20.0,4.5,peripheral
formation_3d,29.0,1,175.5,70.0,20.0,4.5,peripheral
formation_3d,29.0,2,185.5,60.0,60.0,4.5,relay_anchor
formation_3d,29.0,3,195.5,50.0,20.0,4.5,peripheral
formation_3d,29.0,4,195.5,70.0,20.0,4.5,peripheral
formation_3d,29.25,0,176.625,50.0,20.0,4.5,peripheral
formation_3d,29.25,1,176.625,70.0,20.0,4.5,peripheral
formation_3d,29.25,2,186.625,60.0,60.0,4.5,relay_anchor
formation_3d,29.25,3,196.625,50.0,20.0,4.5,peripheral
formation_3d,29.25,4,196.625,70.0,20.0,4.5,peripheral
formation_3d,29.5,0,177.75,50.0,20.0,4.5,peripheral
formation_3d,29.5,1,177.75,70.0,20.0,4.5,peripheral
formation_3d,29.5,2,187.75,60.0,60.0,4.5,relay_anchor
formation_3d,29.5,3,197.75,50.0,20.0,4.5,peripheral
formation_3d,29.5,4,197.75,70.0,20.0,4.5,peripheral
formation_3d,29.75,0,178.875,50.0,20.0,4.5,peripheral
formation_3d,29.75,1,178.875,70.0,20.0,4.5,peripheral
formation_3d,29.75,2,188.875,60.0,60.0,4.5,relay_anchor
formation_3d,29.75,3,198.875,50.0,20.0,4.5,peripheral
formation_3d,29.75,4,198.875,70.0,20.0,4.5,peripheral
formation_3d,30.0,0,180.0,50.0,20.0,4.5,peripheral
formation_3d,30.0,1,180.0,70.0,20.0,4.5,peripheral
formation_3d,30.0,2,190.0,60.0,60.0,4.5,relay_anchor
formation_3d,30.0,3,200.0,50.0,20.0,4.5,peripheral
formation_3d,30.0,4,200.0,70.0,20.0,4.5,peripheral
formation_3d,30.25,0,181.125,50.0,20.0,4.5,peripheral
formation_3d,30.25,1,181.125,70.0,20.0,4.5,peripheral
formation_3d,30.25,2,191.125,60.0,60.0,4.5,relay_anchor
formation_3d,30.25,3,201.125,50.0,20.0,4.5,peripheral
formation_3d,30.25,4,201.125,70.0,20.0,4.5,peripheral
formation_3d,30.5,0,182.25,50.0,20.0,4.5,peripheral
formation_3d,30.5,1,182.25,70.0,20.0,4.5,peripheral
formation_3d,30.5,2,192.25,60.0,60.0,4.5,relay_anchor
formation_3d,30.5,3,202.25,50.0,20.0,4.5,peripheral
formation_3d,30.5,4,202.25,70.0,20.0,4.5,peripheral
formation_3d,30.75,0,183.375,50.0,20.0,4.5,peripheral
formation_3d,30.75,1,183.375,70.0,20.0,4.5,peripheral
formation_3d,30.75,2,193.375,60.0,60.0,4.5,relay_anchor
formation_3d,30.75,3,203.375,50.0,20.0,4.5,peripheral
formation_3d,30.75,4,203.375,70.0,20.0,4.5,peripheral
formation_3d,31.0,0,184.5,50.0,20.0,4.5,peripheral
formation_3d,31.0,1,184.5,70.0,20.0,4.5,peripheral
formation_3d,31.0,2,194.5,60.0,60.0,4.5,relay_anchor
formation_3d,31.0,3,204.5,50.0,20.0,4.5,peripheral
formation_3d,31.0,4,204.5,70.0,20.0,4.5,peripheral
formation_3d,31.25,0,185.625,50.0,20.0,4.5,peripheral
formation_3d,31.25,1,185.625,70.0,20.0,4.5,peripheral
formation_3d,31.25,2,195.625,60.0,60.0,4.5,relay_anchor
formation_3d,31.25,3,205.625,50.0,20.0,4.5,peripheral
formation_3d,31.25,4,205.625,70.0,20.0,4.5,peripheral
formation_3d,31.5,0,186.75,50.0,20.0,4.5,peripheral
formation_3d,31.5,1,186.75,70.0,20.0,4.5,peripheral
formation_3d,31.5,2,196.75,60.0,60.0,4.5,relay_anchor
formation_3d,31.5,3,206.75,50.0,20.0,4.5,peripheral
formation_3d,31.5,4,206.75,70.0,20.0,4.5,peripheral
formation_3d,31.75,0,187.875,50.0,20.0,4.5,peripheral
formation_3d,31.75,1,187.875,70.0,20.0,4.5,peripheral
formation_3d,31.75,2,197.875,60.0,60.0,4.5,relay_anchor
formation_3d,31.75,3,207.875,50.0,20.0,4.5,peripheral
formation_3d,31.75,4,207.875,70.0,20.0,4.5,peripheral
formation_3d,32.0,0,189.0,50.0,20.0,4.5,peripheral
formation_3d,32.0,1,189.0,70.0,20.0,4.5,peripheral
formation_3d,32.0,2,199.0,60.0,60.0,4.5,relay_anchor
formation_3d,32.0,3,209.0,50.0,20.0,4.5,peripheral
formation_3d,32.0,4,209.0,70.0,20.0,4.5,peripheral
formation_3d,32.25,0,190.125,50.0,20.0,4.5,peripheral
formation_3d,32.25,1,190.125,70.0,20.0,4.5,peripheral
formation_3d,32.25,2,200.125,60.0,60.0,4.5,relay_anchor
formation_3d,32.25,3,210.125,50.0,20.0,4.5,peripheral
formation_3d,32.25,4,210.125,70.0,20.0,4.5,peripheral
formation_3d,32.5,0,191.25,50.0,20.0,4.5,peripheral
formation_3d,32.5,1,191.25,70.0,20.0,4.5,peripheral
formation_3d,32.5,2,201.25,60.0,60.0,4.5,relay_anchor
formation_3d,32.5,3,211.25,50.0,20.0,4.5,peripheral
formation_3d,32.5,4,211.25,70.0,20.0,4.5,peripheral
formation_3d,32.75,0,192.375,50.0,20.0,4.5,peripheral
formation_3d,32.75,1,192.375,70.0,20.0,4.5,peripheral
formation_3d,32.75,2,202.375,60.0,60.0,4.5,relay_anchor
formation_3d,32.75,3,212.375,50.0,20.0,4.5,peripheral
formation_3d,32.75,4,212.375,70.0,20.0,4.5,peripheral
formation_3d,33.0,0,193.5,50.0,20.0,4.5,peripheral
formation_3d,33.0,1,193.5,70.0,20.0,4.5,peripheral
formation_3d,33.0,2,203.5,60.0,60.0,4.5,relay_anchor
formation_3d,33.0,3,213.5,50.0,20.0,4.5,peripheral
formation_3d,33.0,4,213.5,70.0,20.0,4.5,peripheral
formation_3d,33.25,0,194.625,50.0,20.0,4.5,peripheral
formation_3d,33.25,1,194.625,70.0,20.0,4.5,peripheral
formation_3d,33.25,2,204.625,60.0,60.0,4.5,relay_anchor
formation_3d,33.25,3,214.625,50.0,20.0,4.5,peripheral
formation_3d,33.25,4,214.625,70.0,20.0,4.5,peripheral
formation_3d,33.5,0,195.75,50.0,20.0,4.5,peripheral
formation_3d,33.5,1,195.75,70.0,20.0,4.5,peripheral
formation_3d,33.5,2,205.75,60.0,60.0,4.5,relay_anchor
formation_3d,33.5,3,215.75,50.0,20.0,4.5,peripheral
formation_3d,33.5,4,215.75,70.0,20.0,4.5,peripheral
formation_3d,33.75,0,196.875,50.0,20.0,4.5,peripheral
formation_3d,33.75,1,196.875,70.0,20.0,4.5,peripheral
formation_3d,33.75,2,206.875,60.0,60.0,4.5,relay_anchor
formation_3d,33.75,3,216.875,50.0,20.0,4.5,peripheral
formation_3d,33.75,4,216.875,70.0,20.0,4.5,peripheral
formation_3d,34.0,0,198.0,50.0,20.0,4.5,peripheral
formation_3d,34.0,1,198.0,70.0,20.0,4.5,peripheral
formation_3d,34.0,2,208.0,60.0,60.0,4.5,relay_anchor
formation_3d,34.0,3,218.0,50.0,20.0,4.5,peripheral
formation_3d,34.0,4,218.0,70.0,20.0,4.5,peripheral
formation_3d,34.25,0,199.125,50.0,20.0,4.5,peripheral
formation_3d,34.25,1,199.125,70.0,20.0,4.5,peripheral
formation_3d,34.25,2,209.125,60.0,60.0,4.5,relay_anchor
formation_3d,34.25,3,219.125,50.0,20.0,4.5,peripheral
formation_3d,34.25,4,219.125,70.0,20.0,4.5,peripheral
formation_3d,34.5,0,200.25,50.0,20.0,4.5,peripheral
formation_3d,34.5,1,200.25,70.0,20.0,4.5,peripheral
formation_3d,34.5,2,210.25,60.0,60.0,4.5,relay_anchor
formation_3d,34.5,3,220.25,50.0,20.0,4.5,peripheral
formation_3d,34.5,4,220.25,70.0,20.0,4.5,peripheral
formation_3d,34.75,0,201.375,50.0,20.0,4.5,peripheral
formation_3d,34.75,1,201.375,70.0,20.0,4.5,peripheral
formation_3d,34.75,2,211.375,60.0,60.0,4.5,relay_anchor
formation_3d,34.75,3,221.375,50.0,20.0,4.5,peripheral
formation_3d,34.75,4,221.375,70.0,20.0,4.5,peripheral
formation_3d,35.0,0,202.5,50.0,20.0,4.5,peripheral
formation_3d,35.0,1,202.5,70.0,20.0,4.5,peripheral
formation_3d,35.0,2,212.5,60.0,60.0,4.5,relay_anchor
formation_3d,35.0,3,222.5,50.0,20.0,4.5,peripheral
formation_3d,35.0,4,222.5,70.0,20.0,4.5,peripheral
formation_3d,35.25,0,203.625,50.0,20.0,4.5,peripheral
formation_3d,35.25,1,203.625,70.0,20.0,4.5,peripheral
formation_3d,35.25,2,213.625,60.0,60.0,4.5,relay_anchor
formation_3d,35.25,3,223.625,50.0,20.0,4.5,peripheral
formation_3d,35.25,4,223.625,70.0,20.0,4.5,peripheral
formation_3d,35.5,0,204.75,50.0,20.0,4.5,peripheral
formation_3d,35.5,1,204.75,70.0,20.0,4.5,peripheral
formation_3d,35.5,2,214.75,60.0,60.0,4.5,relay_anchor
formation_3d,35.5,3,224.75,50.0,20.0,4.5,peripheral
formation_3d,35.5,4,224.75,70.0,20.0,4.5,peripheral
formation_3d,35.75,0,205.875,50.0,20.0,4.5,peripheral
formation_3d,35.75,1,205.875,70.0,20.0,4.5,peripheral
formation_3d,35.75,2,215.875,60.0,60.0,4.5,relay_anchor
formation_3d,35.75,3,225.875,50.0,20.0,4.5,peripheral
formation_3d,35.75,4,225.875,70.0,20.0,4.5,peripheral
formation_3d,36.0,0,207.0,50.0,20.0,4.5,peripheral
formation_3d,36.0,1,207.0,70.0,20.0,4.5,peripheral
formation_3d,36.0,2,217.0,60.0,60.0,4.5,relay_anchor
formation_3d,36.0,3,227.0,50.0,20.0,4.5,peripheral
formation_3d,36.0,4,227.0,70.0,20.0,4.5,peripheral
formation_3d,36.25,0,208.125,50.0,20.0,4.5,peripheral
formation_3d,36.25,1,208.125,70.0,20.0,4.5,peripheral
formation_3d,36.25,2,218.125,60.0,60.0,4.5,relay_anchor
formation_3d,36.25,3,228.125,50.0,20.0,4.5,peripheral
formation_3d,36.25,4,228.125,70.0,20.0,4.5,peripheral
formation_3d,36.5,0,209.25,50.0,20.0,4.5,peripheral
formation_3d,36.5,1,209.25,70.0,20.0,4.5,peripheral
formation_3d,36.5,2,219.25,60.0,60.0,4.5,relay_anchor
formation_3d,36.5,3,229.25,50.0,20.0,4.5,peripheral
formation_3d,36.5,4,229.25,70.0,20.0,4.5,peripheral
formation_3d,36.75,0,210.375,50.0,20.0,4.5,peripheral
formation_3d,36.75,1,210.375,70.0,20.0,4.5,peripheral
formation_3d,36.75,2,220.375,60.0,60.0,4.5,relay_anchor
formation_3d,36.75,3,230.375,50.0,20.0,4.5,peripheral
formation_3d,36.75,4,230.375,70.0,20.0,4.5,peripheral
formation_3d,37.0,0,211.5,50.0,20.0,4.5,peripheral
formation_3d,37.0,1,211.5,70.0,20.0,4.5,peripheral
formation_3d,37.0,2,221.5,60.0,60.0,4.5,relay_anchor
formation_3d,37.0,3,231.5,50.0,20.0,4.5,peripheral
formation_3d,37.0,4,231.5,70.0,20.0,4.5,peripheral
formation_3d,37.25,0,212.625,50.0,20.0,4.5,peripheral
formation_3d,37.25,1,212.625,70.0,20.0,4.5,peripheral
formation_3d,37.25,2,222.625,60.0,60.0,4.5,relay_anchor
formation_3d,37.25,3,232.625,50.0,20.0,4.5,peripheral
formation_3d,37.25,4,232.625,70.0,20.0,4.5,peripheral
formation_3d,37.5,0,213.75,50.0,20.0,4.5,peripheral
formation_3d,37.5,1,213.75,70.0,20.0,4.5,peripheral
formation_3d,37.5,2,223.75,60.0,60.0,4.5,relay_anchor
formation_3d,37.5,3,233.75,50.0,20.0,4.5,peripheral
formation_3d,37.5,4,233.75,70.0,20.0,4.5,peripheral
formation_3d,37.75,0,214.875,50.0,20.0,4.5,peripheral
formation_3d,37.75,1,214.875,70.0,20.0,4.5,peripheral
formation_3d,37.75,2,224.875,60.0,60.0,4.5,relay_anchor
formation_3d,37.75,3,234.875,50.0,20.0,4.5,peripheral
formation_3d,37.75,4,234.875,70.0,20.0,4.5,peripheral
formation_3d,38.0,0,216.0,50.0,20.0,4.5,peripheral
formation_3d,38.0,1,216.0,70.0,20.0,4.5,peripheral
formation_3d,38.0,2,226.0,60.0,60.0,4.5,relay_anchor
formation_3d,38.0,3,236.0,50.0,20.0,4.5,peripheral
formation_3d,38.0,4,236.0,70.0,20.0,4.5,peripheral
formation_3d,38.25,0,217.125,50.0,20.0,4.5,peripheral
formation_3d,38.25,1,217.125,70.0,20.0,4.5,peripheral
formation_3d,38.25,2,227.125,60.0,60.0,4.5,relay_anchor
formation_3d,38.25,3,237.125,50.0,20.0,4.5,peripheral
formation_3d,38.25,4,237.125,70.0,20.0,4.5,peripheral
formation_3d,38.5,0,218.25,50.0,20.0,4.5,peripheral
formation_3d,38.5,1,218.25,70.0,20.0,4.5,peripheral
formation_3d,38.5,2,228.25,60.0,60.0,4.5,relay_anchor
formation_3d,38.5,3,238.25,50.0,20.0,4.5,peripheral
formation_3d,38.5,4,238.25,70.0,20.0,4.5,peripheral
formation_3d,38.75,0,219.375,50.0,20.0,4.5,peripheral
formation_3d,38.75,1,219.375,70.0,20.0,4.5,peripheral
formation_3d,38.75,2,229.375,60.0,60.0,4.5,relay_anchor
formation_3d,38.75,3,239.375,50.0,20.0,4.5,peripheral
formation_3d,38.75,4,239.375,70.0,20.0,4.5,peripheral
formation_3d,39.0,0,220.5,50.0,20.0,4.5,peripheral
formation_3d,39.0,1,220.5,70.0,20.0,4.5,peripheral
formation_3d,39.0,2,230.5,60.0,60.0,4.5,relay_anchor
formation_3d,39.0,3,240.5,50.0,20.0,4.5,peripheral
formation_3d,39.0,4,240.5,70.0,20.0,4.5,peripheral
formation_3d,39.25,0,221.625,50.0,20.0,4.5,peripheral
formation_3d,39.25,1,221.625,70.0,20.0,4.5,peripheral
formation_3d,39.25,2,231.625,60.0,60.0,4.5,relay_anchor
formation_3d,39.25,3,241.625,50.0,20.0,4.5,peripheral
formation_3d,39.25,4,241.625,70.0,20.0,4.5,peripheral
formation_3d,39.5,0,222.75,50.0,20.0,4.5,peripheral
formation_3d,39.5,1,222.75,70.0,20.0,4.5,peripheral
formation_3d,39.5,2,232.75,60.0,60.0,4.5,relay_anchor
formation_3d,39.5,3,242.75,50.0,20.0,4.5,peripheral
formation_3d,39.5,4,242.75,70.0,20.0,4.5,peripheral
formation_3d,39.75,0,223.875,50.0,20.0,4.5,peripheral
formation_3d,39.75,1,223.875,70.0,20.0,4.5,peripheral
formation_3d,39.75,2,233.875,60.0,60.0,4.5,relay_anchor
formation_3d,39.75,3,243.875,50.0,20.0,4.5,peripheral
formation_3d,39.75,4,243.875,70.0,20.0,4.5,peripheral
formation_3d,40.0,0,225.0,50.0,20.0,4.5,peripheral
formation_3d,40.0,1,225.0,70.0,20.0,4.5,peripheral
formation_3d,40.0,2,235.0,60.0,60.0,4.5,relay_anchor
formation_3d,40.0,3,245.0,50.0,20.0,4.5,peripheral
formation_3d,40.0,4,245.0,70.0,20.0,4.5,peripheral
formation_3d,40.25,0,226.125,50.0,20.0,4.5,peripheral
formation_3d,40.25,1,226.125,70.0,20.0,4.5,peripheral
formation_3d,40.25,2,236.125,60.0,60.0,4.5,relay_anchor
formation_3d,40.25,3,246.125,50.0,20.0,4.5,peripheral
formation_3d,40.25,4,246.125,70.0,20.0,4.5,peripheral
formation_3d,40.5,0,227.25,50.0,20.0,4.5,peripheral
formation_3d,40.5,1,227.25,70.0,20.0,4.5,peripheral
formation_3d,40.5,2,237.25,60.0,60.0,4.5,relay_anchor
formation_3d,40.5,3,247.25,50.0,20.0,4.5,peripheral
formation_3d,40.5,4,247.25,70.0,20.0,4.5,peripheral
formation_3d,40.75,0,228.375,50.0,20.0,4.5,peripheral
formation_3d,40.75,1,228.375,70.0,20.0,4.5,peripheral
formation_3d,40.75,2,238.375,60.0,60.0,4.5,relay_anchor
formation_3d,40.75,3,248.375,50.0,20.0,4.5,peripheral
formation_3d,40.75,4,248.375,70.0,20.0,4.5,peripheral
formation_3d,41.0,0,229.5,50.0,20.0,4.5,peripheral
formation_3d,41.0,1,229.5,70.0,20.0,4.5,peripheral
formation_3d,41.0,2,239.5,60.0,60.0,4.5,relay_anchor
formation_3d,41.0,3,249.5,50.0,20.0,4.5,peripheral
formation_3d,41.0,4,249.5,70.0,20.0,4.5,peripheral
formation_3d,41.25,0,230.625,50.0,20.0,4.5,peripheral
formation_3d,41.25,1,230.625,70.0,20.0,4.5,peripheral
formation_3d,41.25,2,240.625,60.0,60.0,4.5,relay_anchor
formation_3d,41.25,3,250.625,50.0,20.0,4.5,peripheral
formation_3d,41.25,4,250.625,70.0,20.0,4.5,peripheral
formation_3d,41.5,0,231.75,50.0,20.0,4.5,peripheral
formation_3d,41.5,1,231.75,70.0,20.0,4.5,peripheral
formation_3d,41.5,2,241.75,60.0,60.0,4.5,relay_anchor
formation_3d,41.5,3,251.75,50.0,20.0,4.5,peripheral
formation_3d,41.5,4,251.75,70.0,20.0,4.5,peripheral
formation_3d,41.75,0,232.875,50.0,20.0,4.5,peripheral
formation_3d,41.75,1,232.875,70.0,20.0,4.5,peripheral
formation_3d,41.75,2,242.875,60.0,60.0,4.5,relay_anchor
formation_3d,41.75,3,252.875,50.0,20.0,4.5,peripheral
formation_3d,41.75,4,252.875,70.0,20.0,4.5,peripheral
formation_3d,42.0,0,234.0,50.0,20.0,4.5,peripheral
formation_3d,42.0,1,234.0,70.0,20.0,4.5,peripheral
formation_3d,42.0,2,244.0,60.0,60.0,4.5,relay_anchor
formation_3d,42.0,3,254.0,50.0,20.0,4.5,peripheral
formation_3d,42.0,4,254.0,70.0,20.0,4.5,peripheral
formation_3d,42.25,0,235.125,50.0,20.0,4.5,peripheral
formation_3d,42.25,1,235.125,70.0,20.0,4.5,peripheral
formation_3d,42.25,2,245.125,60.0,60.0,4.5,relay_anchor
formation_3d,42.25,3,255.125,50.0,20.0,4.5,peripheral
formation_3d,42.25,4,255.125,70.0,20.0,4.5,peripheral
formation_3d,42.5,0,236.25,50.0,20.0,4.5,peripheral
formation_3d,42.5,1,236.25,70.0,20.0,4.5,peripheral
formation_3d,42.5,2,246.25,60.0,60.0,4.5,relay_anchor
formation_3d,42.5,3,256.25,50.0,20.0,4.5,peripheral
formation_3d,42.5,4,256.25,70.0,20.0,4.5,peripheral
formation_3d,42.75,0,237.375,50.0,20.0,4.5,peripheral
formation_3d,42.75,1,237.375,70.0,20.0,4.5,peripheral
formation_3d,42.75,2,247.375,60.0,60.0,4.5,relay_anchor
formation_3d,42.75,3,257.375,50.0,20.0,4.5,peripheral
formation_3d,42.75,4,257.375,70.0,20.0,4.5,peripheral
formation_3d,43.0,0,238.5,50.0,20.0,4.5,peripheral
formation_3d,43.0,1,238.5,70.0,20.0,4.5,peripheral
formation_3d,43.0,2,248.5,60.0,60.0,4.5,relay_anchor
formation_3d,43.0,3,258.5,50.0,20.0,4.5,peripheral
formation_3d,43.0,4,258.5,70.0,20.0,4.5,peripheral
formation_3d,43.25,0,239.625,50.0,20.0,4.5,peripheral
formation_3d,43.25,1,239.625,70.0,20.0,4.5,peripheral
formation_3d,43.25,2,249.625,60.0,60.0,4.5,relay_anchor
formation_3d,43.25,3,259.625,50.0,20.0,4.5,peripheral
formation_3d,43.25,4,259.625,70.0,20.0,4.5,peripheral
formation_3d,43.5,0,240.75,50.0,20.0,4.5,peripheral
formation_3d,43.5,1,240.75,70.0,20.0,4.5,peripheral
formation_3d,43.5,2,250.75,60.0,60.0,4.5,relay_anchor
formation_3d,43.5,3,260.75,50.0,20.0,4.5,peripheral
formation_3d,43.5,4,260.75,70.0,20.0,4.5,peripheral
formation_3d,43.75,0,241.875,50.0,20.0,4.5,peripheral
formation_3d,43.75,1,241.875,70.0,20.0,4.5,peripheral
formation_3d,43.75,2,251.875,60.0,60.0,4.5,relay_anchor
formation_3d,43.75,3,261.875,50.0,20.0,4.5,peripheral
formation_3d,43.75,4,261.875,70.0,20.0,4.5,peripheral
formation_3d,44.0,0,243.0,50.0,20.0,4.5,peripheral
formation_3d,44.0,1,243.0,70.0,20.0,4.5,peripheral
formation_3d,44.0,2,253.0,60.0,60.0,4.5,relay_anchor
formation_3d,44.0,3,263.0,50.0,20.0,4.5,peripheral
formation_3d,44.0,4,263.0,70.0,20.0,4.5,peripheral
formation_3d,44.25,0,244.125,50.0,20.0,4.5,peripheral
formation_3d,44.25,1,244.125,70.0,20.0,4.5,peripheral
formation_3d,44.25,2,254.125,60.0,60.0,4.5,relay_anchor
formation_3d,44.25,3,264.125,50.0,20.0,4.5,peripheral
formation_3d,44.25,4,264.125,70.0,20.0,4.5,peripheral
formation_3d,44.5,0,245.25,50.0,20.0,4.5,peripheral
formation_3d,44.5,1,245.25,70.0,20.0,4.5,peripheral
formation_3d,44.5,2,255.25,60.0,60.0,4.5,relay_anchor
formation_3d,44.5,3,265.25,50.0,20.0,4.5,peripheral
formation_3d,44.5,4,265.25,70.0,20.0,4.5,peripheral
formation_3d,44.75,0,246.375,50.0,20.0,4.5,peripheral
formation_3d,44.75,1,246.375,70.0,20.0,4.5,peripheral
formation_3d,44.75,2,256.375,60.0,60.0,4.5,relay_anchor
formation_3d,44.75,3,266.375,50.0,20.0,4.5,peripheral
formation_3d,44.75,4,266.375,70.0,20.0,4.5,peripheral
formation_3d,45.0,0,247.5,50.0,20.0,4.5,peripheral
formation_3d,45.0,1,247.5,70.0,20.0,4.5,peripheral
formation_3d,45.0,2,257.5,60.0,60.0,4.5,relay_anchor
formation_3d,45.0,3,267.5,50.0,20.0,4.5,peripheral
formation_3d,45.0,4,267.5,70.0,20.0,4.5,peripheral
formation_3d,45.25,0,248.625,50.0,20.0,4.5,peripheral
formation_3d,45.25,1,248.625,70.0,20.0,4.5,peripheral
formation_3d,45.25,2,258.625,60.0,60.0,4.5,relay_anchor
formation_3d,45.25,3,268.625,50.0,20.0,4.5,peripheral
formation_3d,45.25,4,268.625,70.0,20.0,4.5,peripheral
formation_3d,45.5,0,249.75,50.0,20.0,4.5,peripheral
formation_3d,45.5,1,249.75,70.0,20.0,4.5,peripheral
formation_3d,45.5,2,259.75,60.0,60.0,4.5,relay_anchor
formation_3d,45.5,3,269.75,50.0,20.0,4.5,peripheral
formation_3d,45.5,4,269.75,70.0,20.0,4.5,peripheral
formation_3d,45.75,0,250.875,50.0,20.0,4.5,peripheral
formation_3d,45.75,1,250.875,70.0,20.0,4.5,peripheral
formation_3d,45.75,2,260.875,60.0,60.0,4.5,relay_anchor
formation_3d,45.75,3,270.875,50.0,20.0,4.5,peripheral
formation_3d,45.75,4,270.875,70.0,20.0,4.5,peripheral
formation_3d,46.0,0,252.0,50.0,20.0,4.5,peripheral
formation_3d,46.0,1,252.0,70.0,20.0,4.5,peripheral
formation_3d,46.0,2,262.0,60.0,60.0,4.5,relay_anchor
formation_3d,46.0,3,272.0,50.0,20.0,4.5,peripheral
formation_3d,46.0,4,272.0,70.0,20.0,4.5,peripheral
formation_3d,46.25,0,253.125,50.0,20.0,4.5,peripheral
formation_3d,46.25,1,253.125,70.0,20.0,4.5,peripheral
formation_3d,46.25,2,263.125,60.0,60.0,4.5,relay_anchor
formation_3d,46.25,3,273.125,50.0,20.0,4.5,peripheral
formation_3d,46.25,4,273.125,70.0,20.0,4.5,peripheral
formation_3d,46.5,0,254.25,50.0,20.0,4.5,peripheral
formation_3d,46.5,1,254.25,70.0,20.0,4.5,peripheral
formation_3d,46.5,2,264.25,60.0,60.0,4.5,relay_anchor
formation_3d,46.5,3,274.25,50.0,20.0,4.5,peripheral
formation_3d,46.5,4,274.25,70.0,20.0,4.5,peripheral
formation_3d,46.75,0,255.375,50.0,20.0,4.5,peripheral
formation_3d,46.75,1,255.375,70.0,20.0,4.5,peripheral
formation_3d,46.75,2,265.375,60.0,60.0,4.5,relay_anchor
formation_3d,46.75,3,275.375,50.0,20.0,4.5,peripheral
formation_3d,46.75,4,275.375,70.0,20.0,4.5,peripheral
formation_3d,47.0,0,256.5,50.0,20.0,4.5,peripheral
formation_3d,47.0,1,256.5,70.0,20.0,4.5,peripheral
formation_3d,47.0,2,266.5,60.0,60.0,4.5,relay_anchor
formation_3d,47.0,3,276.5,50.0,20.0,4.5,peripheral
formation_3d,47.0,4,276.5,70.0,20.0,4.5,peripheral
formation_3d,47.25,0,257.625,50.0,20.0,4.5,peripheral
formation_3d,47.25,1,257.625,70.0,20.0,4.5,peripheral
formation_3d,47.25,2,267.625,60.0,60.0,4.5,relay_anchor
formation_3d,47.25,3,277.625,50.0,20.0,4.5,peripheral
formation_3d,47.25,4,277.625,70.0,20.0,4.5,peripheral
formation_3d,47.5,0,258.75,50.0,20.0,4.5,peripheral
formation_3d,47.5,1,258.75,70.0,20.0,4.5,peripheral
formation_3d,47.5,2,268.75,60.0,60.0,4.5,relay_anchor
formation_3d,47.5,3,278.75,50.0,20.0,4.5,peripheral
formation_3d,47.5,4,278.75,70.0,20.0,4.5,peripheral
formation_3d,47.75,0,259.875,50.0,20.0,4.5,peripheral
formation_3d,47.75,1,259.875,70.0,20.0,4.5,peripheral
formation_3d,47.75,2,269.875,60.0,60.0,4.5,relay_anchor
formation_3d,47.75,3,279.875,50.0,20.0,4.5,peripheral
formation_3d,47.75,4,279.875,70.0,20.0,4.5,peripheral
formation_3d,48.0,0,261.0,50.0,20.0,4.5,peripheral
formation_3d,48.0,1,261.0,70.0,20.0,4.5,peripheral
formation_3d,48.0,2,271.0,60.0,60.0,4.5,relay_anchor
formation_3d,48.0,3,281.0,50.0,20.0,4.5,peripheral
formation_3d,48.0,4,281.0,70.0,20.0,4.5,peripheral
formation_3d,48.25,0,262.125,50.0,20.0,4.5,peripheral
formation_3d,48.25,1,262.125,70.0,20.0,4.5,peripheral
formation_3d,48.25,2,272.125,60.0,60.0,4.5,relay_anchor
formation_3d,48.25,3,282.125,50.0,20.0,4.5,peripheral
formation_3d,48.25,4,282.125,70.0,20.0,4.5,peripheral
formation_3d,48.5,0,263.25,50.0,20.0,4.5,peripheral
formation_3d,48.5,1,263.25,70.0,20.0,4.5,peripheral
formation_3d,48.5,2,273.25,60.0,60.0,4.5,relay_anchor
formation_3d,48.5,3,283.25,50.0,20.0,4.5,peripheral
formation_3d,48.5,4,283.25,70.0,20.0,4.5,peripheral
formation_3d,48.75,0,264.375,50.0,20.0,4.5,peripheral
formation_3d,48.75,1,264.375,70.0,20.0,4.5,peripheral
formation_3d,48.75,2,274.375,60.0,60.0,4.5,relay_anchor
formation_3d,48.75,3,284.375,50.0,20.0,4.5,peripheral
formation_3d,48.75,4,284.375,70.0,20.0,4.5,peripheral
formation_3d,49.0,0,265.5,50.0,20.0,4.5,peripheral
formation_3d,49.0,1,265.5,70.0,20.0,4.5,peripheral
formation_3d,49.0,2,275.5,60.0,60.0,4.5,relay_anchor
formation_3d,49.0,3,285.5,50.0,20.0,4.5,peripheral
formation_3d,49.0,4,285.5,70.0,20.0,4.5,peripheral
formation_3d,49.25,0,266.625,50.0,20.0,4.5,peripheral
formation_3d,49.25,1,266.625,70.0,20.0,4.5,peripheral
formation_3d,49.25,2,276.625,60.0,60.0,4.5,relay_anchor
formation_3d,49.25,3,286.625,50.0,20.0,4.5,peripheral
formation_3d,49.25,4,286.625,70.0,20.0,4.5,peripheral
formation_3d,49.5,0,267.75,50.0,20.0,4.5,peripheral
formation_3d,49.5,1,267.75,70.0,20.0,4.5,peripheral
formation_3d,49.5,2,277.75,60.0,60.0,4.5,relay_anchor
formation_3d,49.5,3,287.75,50.0,20.0,4.5,peripheral
formation_3d,49.5,4,287.75,70.0,20.0,4.5,peripheral
formation_3d,49.75,0,268.875,50.0,20.0,4.5,peripheral
formation_3d,49.75,1,268.875,70.0,20.0,4.5,peripheral
formation_3d,49.75,2,278.875,60.0,60.0,4.5,relay_anchor
formation_3d,49.75,3,288.875,50.0,20.0,4.5,peripheral
formation_3d,49.75,4,288.875,70.0,20.0,4.5,peripheral
formation_3d,50.0,0,270.0,50.0,20.0,4.5,peripheral
formation_3d,50.0,1,270.0,70.0,20.0,4.5,peripheral
formation_3d,50.0,2,280.0,60.0,60.0,4.5,relay_anchor
formation_3d,50.0,3,290.0,50.0,20.0,4.5,peripheral
formation_3d,50.0,4,290.0,70.0,20.0,4.5,peripheral
formation_3d,50.25,0,271.125,50.0,20.0,4.5,peripheral
formation_3d,50.25,1,271.125,70.0,20.0,4.5,peripheral
formation_3d,50.25,2,281.125,60.0,60.0,4.5,relay_anchor
formation_3d,50.25,3,291.125,50.0,20.0,4.5,peripheral
formation_3d,50.25,4,291.125,70.0,20.0,4.5,peripheral
formation_3d,50.5,0,272.25,50.0,20.0,4.5,peripheral
formation_3d,50.5,1,272.25,70.0,20.0,4.5,peripheral
formation_3d,50.5,2,282.25,60.0,60.0,4.5,relay_anchor
formation_3d,50.5,3,292.25,50.0,20.0,4.5,peripheral
formation_3d,50.5,4,292.25,70.0,20.0,4.5,peripheral
formation_3d,50.75,0,273.375,50.0,20.0,4.5,peripheral
formation_3d,50.75,1,273.375,70.0,20.0,4.5,peripheral
formation_3d,50.75,2,283.375,60.0,60.0,4.5,relay_anchor
formation_3d,50.75,3,293.375,50.0,20.0,4.5,peripheral
formation_3d,50.75,4,293.375,70.0,20.0,4.5,peripheral
formation_3d,51.0,0,274.5,50.0,20.0,4.5,peripheral
formation_3d,51.0,1,274.5,70.0,20.0,4.5,peripheral
formation_3d,51.0,2,284.5,60.0,60.0,4.5,relay_anchor
formation_3d,51.0,3,294.5,50.0,20.0,4.5,peripheral
formation_3d,51.0,4,294.5,70.0,20.0,4.5,peripheral
formation_3d,51.25,0,275.625,50.0,20.0,4.5,peripheral
formation_3d,51.25,1,275.625,70.0,20.0,4.5,peripheral
formation_3d,51.25,2,285.625,60.0,60.0,4.5,relay_anchor
formation_3d,51.25,3,295.625,50.0,20.0,4.5,peripheral
formation_3d,51.25,4,295.625,70.0,20.0,4.5,peripheral
formation_3d,51.5,0,276.75,50.0,20.0,4.5,peripheral
formation_3d,51.5,1,276.75,70.0,20.0,4.5,peripheral
formation_3d,51.5,2,286.75,60.0,60.0,4.5,relay_anchor
formation_3d,51.5,3,296.75,50.0,20.0,4.5,peripheral
formation_3d,51.5,4,296.75,70.0,20.0,4.5,peripheral
formation_3d,51.75,0,277.875,50.0,20.0,4.5,peripheral
formation_3d,51.75,1,277.875,70.0,20.0,4.5,peripheral
formation_3d,51.75,2,287.875,60.0,60.0,4.5,relay_anchor
formation_3d,51.75,3,297.875,50.0,20.0,4.5,peripheral
formation_3d,51.75,4,297.875,70.0,20.0,4.5,peripheral
formation_3d,52.0,0,279.0,50.0,20.0,4.5,peripheral
formation_3d,52.0,1,279.0,70.0,20.0,4.5,peripheral
formation_3d,52.0,2,289.0,60.0,60.0,4.5,relay_anchor
formation_3d,52.0,3,299.0,50.0,20.0,4.5,peripheral
formation_3d,52.0,4,299.0,70.0,20.0,4.5,peripheral
formation_3d,52.25,0,280.125,50.0,20.0,4.5,peripheral
formation_3d,52.25,1,280.125,70.0,20.0,4.5,peripheral
formation_3d,52.25,2,290.125,60.0,60.0,4.5,relay_anchor
formation_3d,52.25,3,300.125,50.0,20.0,4.5,peripheral
formation_3d,52.25,4,300.125,70.0,20.0,4.5,peripheral
formation_3d,52.5,0,281.25,50.0,20.0,4.5,peripheral
formation_3d,52.5,1,281.25,70.0,20.0,4.5,peripheral
formation_3d,52.5,2,291.25,60.0,60.0,4.5,relay_anchor
formation_3d,52.5,3,301.25,50.0,20.0,4.5,peripheral
formation_3d,52.5,4,301.25,70.0,20.0,4.5,peripheral
formation_3d,52.75,0,282.375,50.0,20.0,4.5,peripheral
formation_3d,52.75,1,282.375,70.0,20.0,4.5,peripheral
formation_3d,52.75,2,292.375,60.0,60.0,4.5,relay_anchor
formation_3d,52.75,3,302.375,50.0,20.0,4.5,peripheral
formation_3d,52.75,4,302.375,70.0,20.0,4.5,peripheral
formation_3d,53.0,0,283.5,50.0,20.0,4.5,peripheral
formation_3d,53.0,1,283.5,70.0,20.0,4.5,peripheral
formation_3d,53.0,2,293.5,60.0,60.0,4.5,relay_anchor
formation_3d,53.0,3,303.5,50.0,20.0,4.5,peripheral
formation_3d,53.0,4,303.5,70.0,20.0,4.5,peripheral
formation_3d,53.25,0,284.625,50.0,20.0,4.5,peripheral
formation_3d,53.25,1,284.625,70.0,20.0,4.5,peripheral
formation_3d,53.25,2,294.625,60.0,60.0,4.5,relay_anchor
formation_3d,53.25,3,304.625,50.0,20.0,4.5,peripheral
formation_3d,53.25,4,304.625,70.0,20.0,4.5,peripheral
formation_3d,53.5,0,285.75,50.0,20.0,4.5,peripheral
formation_3d,53.5,1,285.75,70.0,20.0,4.5,peripheral
formation_3d,53.5,2,295.75,60.0,60.0,4.5,relay_anchor
formation_3d,53.5,3,305.75,50.0,20.0,4.5,peripheral
formation_3d,53.5,4,305.75,70.0,20.0,4.5,peripheral
formation_3d,53.75,0,286.875,50.0,20.0,4.5,peripheral
formation_3d,53.75,1,286.875,70.0,20.0,4.5,peripheral
formation_3d,53.75,2,296.875,60.0,60.0,4.5,relay_anchor
formation_3d,53.75,3,306.875,50.0,20.0,4.5,peripheral
formation_3d,53.75,4,306.875,70.0,20.0,4.5,peripheral
formation_3d,54.0,0,288.0,50.0,20.0,4.5,peripheral
formation_3d,54.0,1,288.0,70.0,20.0,4.5,peripheral
formation_3d,54.0,2,298.0,60.0,60.0,4.5,relay_anchor
formation_3d,54.0,3,308.0,50.0,20.0,4.5,peripheral
formation_3d,54.0,4,308.0,70.0,20.0,4.5,peripheral
formation_3d,54.25,0,289.125,50.0,20.0,4.5,peripheral
formation_3d,54.25,1,289.125,70.0,20.0,4.5,peripheral
formation_3d,54.25,2,299.125,60.0,60.0,4.5,relay_anchor
formation_3d,54.25,3,309.125,50.0,20.0,4.5,peripheral
formation_3d,54.25,4,309.125,70.0,20.0,4.5,peripheral
formation_3d,54.5,0,290.25,50.0,20.0,4.5,peripheral
formation_3d,54.5,1,290.25,70.0,20.0,4.5,peripheral
formation_3d,54.5,2,300.25,60.0,60.0,4.5,relay_anchor
formation_3d,54.5,3,310.25,50.0,20.0,4.5,peripheral
formation_3d,54.5,4,310.25,70.0,20.0,4.5,peripheral
formation_3d,54.75,0,291.375,50.0,20.0,4.5,peripheral
formation_3d,54.75,1,291.375,70.0,20.0,4.5,peripheral
formation_3d,54.75,2,301.375,60.0,60.0,4.5,relay_anchor
formation_3d,54.75,3,311.375,50.0,20.0,4.5,peripheral
formation_3d,54.75,4,311.375,70.0,20.0,4.5,peripheral
formation_3d,55.0,0,292.5,50.0,20.0,4.5,peripheral
formation_3d,55.0,1,292.5,70.0,20.0,4.5,peripheral
formation_3d,55.0,2,302.5,60.0,60.0,4.5,relay_anchor
formation_3d,55.0,3,312.5,50.0,20.0,4.5,peripheral
formation_3d,55.0,4,312.5,70.0,20.0,4.5,peripheral
formation_3d,55.25,0,293.625,50.0,20.0,4.5,peripheral
formation_3d,55.25,1,293.625,70.0,20.0,4.5,peripheral
formation_3d,55.25,2,303.625,60.0,60.0,4.5,relay_anchor
formation_3d,55.25,3,313.625,50.0,20.0,4.5,peripheral
formation_3d,55.25,4,313.625,70.0,20.0,4.5,peripheral
formation_3d,55.5,0,294.75,50.0,20.0,4.5,peripheral
formation_3d,55.5,1,294.75,70.0,20.0,4.5,peripheral
formation_3d,55.5,2,304.75,60.0,60.0,4.5,relay_anchor
formation_3d,55.5,3,314.75,50.0,20.0,4.5,peripheral
formation_3d,55.5,4,314.75,70.0,20.0,4.5,peripheral
formation_3d,55.75,0,295.875,50.0,20.0,4.5,peripheral
formation_3d,55.75,1,295.875,70.0,20.0,4.5,peripheral
formation_3d,55.75,2,305.875,60.0,60.0,4.5,relay_anchor
formation_3d,55.75,3,315.875,50.0,20.0,4.5,peripheral
formation_3d,55.75,4,315.875,70.0,20.0,4.5,peripheral
formation_3d,56.0,0,297.0,50.0,20.0,4.5,peripheral
formation_3d,56.0,1,297.0,70.0,20.0,4.5,peripheral
formation_3d,56.0,2,307.0,60.0,60.0,4.5,relay_anchor
formation_3d,56.0,3,317.0,50.0,20.0,4.5,peripheral
formation_3d,56.0,4,317.0,70.0,20.0,4.5,peripheral
formation_3d,56.25,0,298.125,50.0,20.0,4.5,peripheral
formation_3d,56.25,1,298.125,70.0,20.0,4.5,peripheral
formation_3d,56.25,2,308.125,60.0,60.0,4.5,relay_anchor
formation_3d,56.25,3,318.125,50.0,20.0,4.5,peripheral
formation_3d,56.25,4,318.125,70.0,20.0,4.5,peripheral
formation_3d,56.5,0,299.25,50.0,20.0,4.5,peripheral
formation_3d,56.5,1,299.25,70.0,20.0,4.5,peripheral
formation_3d,56.5,2,309.25,60.0,60.0,4.5,relay_anchor
formation_3d,56.5,3,319.25,50.0,20.0,4.5,peripheral
formation_3d,56.5,4,319.25,70.0,20.0,4.5,peripheral
formation_3d,56.75,0,300.375,50.0,20.0,4.5,peripheral
formation_3d,56.75,1,300.375,70.0,20.0,4.5,peripheral
formation_3d,56.75,2,310.375,60.0,60.0,4.5,relay_anchor
formation_3d,56.75,3,320.375,50.0,20.0,4.5,peripheral
formation_3d,56.75,4,320.375,70.0,20.0,4.5,peripheral
formation_3d,57.0,0,301.5,50.0,20.0,4.5,peripheral
formation_3d,57.0,1,301.5,70.0,20.0,4.5,peripheral
formation_3d,57.0,2,311.5,60.0,60.0,4.5,relay_anchor
formation_3d,57.0,3,321.5,50.0,20.0,4.5,peripheral
formation_3d,57.0,4,321.5,70.0,20.0,4.5,peripheral
formation_3d,57.25,0,302.625,50.0,20.0,4.5,peripheral
formation_3d,57.25,1,302.625,70.0,20.0,4.5,peripheral
formation_3d,57.25,2,312.625,60.0,60.0,4.5,relay_anchor
formation_3d,57.25,3,322.625,50.0,20.0,4.5,peripheral
formation_3d,57.25,4,322.625,70.0,20.0,4.5,peripheral
formation_3d,57.5,0,303.75,50.0,20.0,4.5,peripheral
formation_3d,57.5,1,303.75,70.0,20.0,4.5,peripheral
formation_3d,57.5,2,313.75,60.0,60.0,4.5,relay_anchor
formation_3d,57.5,3,323.75,50.0,20.0,4.5,peripheral
formation_3d,57.5,4,323.75,70.0,20.0,4.5,peripheral
formation_3d,57.75,0,304.875,50.0,20.0,4.5,peripheral
formation_3d,57.75,1,304.875,70.0,20.0,4.5,peripheral
formation_3d,57.75,2,314.875,60.0,60.0,4.5,relay_anchor
formation_3d,57.75,3,324.875,50.0,20.0,4.5,peripheral
formation_3d,57.75,4,324.875,70.0,20.0,4.5,peripheral
formation_3d,58.0,0,306.0,50.0,20.0,4.5,peripheral
formation_3d,58.0,1,306.0,70.0,20.0,4.5,peripheral
formation_3d,58.0,2,316.0,60.0,60.0,4.5,relay_anchor
formation_3d,58.0,3,326.0,50.0,20.0,4.5,peripheral
formation_3d,58.0,4,326.0,70.0,20.0,4.5,peripheral
formation_3d,58.25,0,307.125,50.0,20.0,4.5,peripheral
formation_3d,58.25,1,307.125,70.0,20.0,4.5,peripheral
formation_3d,58.25,2,317.125,60.0,60.0,4.5,relay_anchor
formation_3d,58.25,3,327.125,50.0,20.0,4.5,peripheral
formation_3d,58.25,4,327.125,70.0,20.0,4.5,peripheral
formation_3d,58.5,0,308.25,50.0,20.0,4.5,peripheral
formation_3d,58.5,1,308.25,70.0,20.0,4.5,peripheral
formation_3d,58.5,2,318.25,60.0,60.0,4.5,relay_anchor
formation_3d,58.5,3,328.25,50.0,20.0,4.5,peripheral
formation_3d,58.5,4,328.25,70.0,20.0,4.5,peripheral
formation_3d,58.75,0,309.375,50.0,20.0,4.5,peripheral
formation_3d,58.75,1,309.375,70.0,20.0,4.5,peripheral
formation_3d,58.75,2,319.375,60.0,60.0,4.5,relay_anchor
formation_3d,58.75,3,329.375,50.0,20.0,4.5,peripheral
formation_3d,58.75,4,329.375,70.0,20.0,4.5,peripheral
formation_3d,59.0,0,310.5,50.0,20.0,4.5,peripheral
formation_3d,59.0,1,310.5,70.0,20.0,4.5,peripheral
formation_3d,59.0,2,320.5,60.0,60.0,4.5,relay_anchor
formation_3d,59.0,3,330.5,50.0,20.0,4.5,peripheral
formation_3d,59.0,4,330.5,70.0,20.0,4.5,peripheral
formation_3d,59.25,0,311.625,50.0,20.0,4.5,peripheral
formation_3d,59.25,1,311.625,70.0,20.0,4.5,peripheral
formation_3d,59.25,2,321.625,60.0,60.0,4.5,relay_anchor
formation_3d,59.25,3,331.625,50.0,20.0,4.5,peripheral
formation_3d,59.25,4,331.625,70.0,20.0,4.5,peripheral
formation_3d,59.5,0,312.75,50.0,20.0,4.5,peripheral
formation_3d,59.5,1,312.75,70.0,20.0,4.5,peripheral
formation_3d,59.5,2,322.75,60.0,60.0,4.5,relay_anchor
formation_3d,59.5,3,332.75,50.0,20.0,4.5,peripheral
formation_3d,59.5,4,332.75,70.0,20.0,4.5,peripheral
formation_3d,59.75,0,313.875,50.0,20.0,4.5,peripheral
formation_3d,59.75,1,313.875,70.0,20.0,4.5,peripheral
formation_3d,59.75,2,323.875,60.0,60.0,4.5,relay_anchor
formation_3d,59.75,3,333.875,50.0,20.0,4.5,peripheral
formation_3d,59.75,4,333.875,70.0,20.0,4.5,peripheral
formation_3d,60.0,0,315.0,50.0,20.0,4.5,peripheral
formation_3d,60.0,1,315.0,70.0,20.0,4.5,peripheral
formation_3d,60.0,2,325.0,60.0,60.0,4.5,relay_anchor
formation_3d,60.0,3,335.0,50.0,20.0,4.5,peripheral
formation_3d,60.0,4,335.0,70.0,20.0,4.5,peripheral
altitude_oscillation,0.0,0,45.0,75.0,35.0,5.0249,peripheral
altitude_oscillation,0.0,1,45.0,45.0,54.0211,5.0249,peripheral
altitude_oscillation,0.0,2,60.0,60.0,46.7557,5.0,relay_anchor
altitude_oscillation,0.0,3,75.0,45.0,23.2443,5.0249,peripheral
altitude_oscillation,0.0,4,75.0,75.0,15.9789,5.0249,peripheral
altitude_oscillation,0.25,0,46.25,74.875,36.5692,5.0249,peripheral
altitude_oscillation,0.25,1,46.25,45.125,54.4474,5.0249,peripheral
altitude_oscillation,0.25,2,61.25,60.0,45.45,5.0,relay_anchor
altitude_oscillation,0.25,3,76.25,44.875,22.011,5.0249,peripheral
altitude_oscillation,0.25,4,76.25,75.125,16.5224,5.0249,peripheral
altitude_oscillation,0.5,0,47.5,74.75,38.1287,5.0249,peripheral
altitude_oscillation,0.5,1,47.5,45.25,54.7538,5.0249,peripheral
altitude_oscillation,0.5,2,62.5,60.0,44.0798,5.0,relay_anchor
altitude_oscillation,0.5,3,77.5,44.75,20.8579,5.0249,peripheral
altitude_oscillation,0.5,4,77.5,75.25,17.1799,5.0249,peripheral
altitude_oscillation,0.75,0,48.75,74.625,39.6689,5.0249,peripheral
altitude_oscillation,0.75,1,48.75,45.375,54.9383,5.0249,peripheral
altitude_oscillation,0.75,2,63.75,60.0,42.6537,5.0,relay_anchor
altitude_oscillation,0.75,3,78.75,44.625,19.7919,5.0249,peripheral
altitude_oscillation,0.75,4,78.75,75.375,17.9472,5.0249,peripheral
altitude_oscillation,1.0,0,50.0,74.5,41.1803,5.0249,peripheral
altitude_oscillation,1.0,1,50.0,45.5,55.0,5.0249,peripheral
altitude_oscillation,1.0,2,65.0,60.0,41.1803,5.0,relay_anchor
altitude_oscillation,1.0,3,80.0,44.5,18.8197,5.0249,peripheral
altitude_oscillation,1.0,4,80.0,75.5,18.8197,5.0249,peripheral
altitude_oscillation,1.25,0,51.25,74.375,42.6537,5.0249,peripheral
altitude_oscillation,1.25,1,51.25,45.625,54.9383,5.0249,peripheral
altitude_oscillation,1.25,2,66.25,60.0,39.6689,5.0,relay_anchor
altitude_oscillation,1.25,3,81.25,44.375,17.9472,5.0249,peripheral
altitude_oscillation,1.25,4,81.25,75.625,19.7919,5.0249,peripheral
altitude_oscillation,1.5,0,52.5,74.25,44.0798,5.0249,peripheral
altitude_oscillation,1.5,1,52.5,45.75,54.7538,5.0249,peripheral
altitude_oscillation,1.5,2,67.5,60.0,38.1287,5.0,relay_anchor
altitude_oscillation,1.5,3,82.5,44.25,17.1799,5.0249,peripheral
altitude_oscillation,1.5,4,82.5,75.75,20.8579,5.0249,peripheral
altitude_oscillation,1.75,0,53.75,74.125,45.45,5.0249,peripheral
altitude_oscillation,1.75,1,53.75,45.875,54.4474,5.0249,peripheral
altitude_oscillation,1.75,2,68.75,60.0,36.5692,5.0,relay_anchor
altitude_oscillation,1.75,3,83.75,44.125,16.5224,5.0249,peripheral
altitude_oscillation,1.75,4,83.75,75.875,22.011,5.0249,peripheral
altitude_oscillation,2.0,0,55.0,74.0,46.7557,5.0249,peripheral
altitude_oscillation,2.0,1,55.0,46.0,54.0211,5.0249,peripheral
altitude_oscillation,2.0,2,70.0,60.0,35.0,5.0,relay_anchor
altitude_oscillation,2.0,3,85.0,44.0,15.9789,5.0249,peripheral
altitude_oscillation,2.0,4,85.0,76.0,23.2443,5.0249,peripheral
altitude_oscillation,2.25,0,56.25,73.875,47.989,5.0249,peripheral
altitude_oscillation,2.25,1,56.25,46.125,53.4776,5.0249,peripheral
altitude_oscillation,2.25,2,71.25,60.0,33.4308,5.0,relay_anchor
altitude_oscillation,2.25,3,86.25,43.875,15.5526,5.0249,peripheral
altitude_oscillation,2.25,4,86.25,76.125,24.55,5.0249,peripheral
altitude_oscillation,2.5,0,57.5,73.75,49.1421,5.0249,peripheral
altitude_oscillation,2.5,1,57.5,46.25,52.8201,5.0249,peripheral
altitude_oscillation,2.5,2,72.5,60.0,31.8713,5.0,relay_anchor
altitude_oscillation,2.5,3,87.5,43.75,15.2462,5.0249,peripheral
altitude_oscillation,2.5,4,87.5,76.25,25.9202,5.0249,peripheral
altitude_oscillation,2.75,0,58.75,73.625,50.2081,5.0249,peripheral
altitude_oscillation,2.75,1,58.75,46.375,52.0528,5.0249,peripheral
altitude_oscillation,2.75,2,73.75,60.0,30.3311,5.0,relay_anchor
altitude_oscillation,2.75,3,88.75,43.625,15.0617,5.0249,peripheral
altitude_oscillation,2.75,4,88.75,76.375,27.3463,5.0249,peripheral
altitude_oscillation,3.0,0,60.0,73.5,51.1803,5.0249,peripheral
altitude_oscillation,3.0,1,60.0,46.5,51.1803,5.0249,peripheral
altitude_oscillation,3.0,2,75.0,60.0,28.8197,5.0,relay_anchor
altitude_oscillation,3.0,3,90.0,43.5,15.0,5.0249,peripheral
altitude_oscillation,3.0,4,90.0,76.5,28.8197,5.0249,peripheral
altitude_oscillation,3.25,0,61.25,73.375,52.0528,5.0249,peripheral
altitude_oscillation,3.25,1,61.25,46.625,50.2081,5.0249,peripheral
altitude_oscillation,3.25,2,76.25,60.0,27.3463,5.0,relay_anchor
altitude_oscillation,3.25,3,91.25,43.375,15.0617,5.0249,peripheral
altitude_oscillation,3.25,4,91.25,76.625,30.3311,5.0249,peripheral
altitude_oscillation,3.5,0,62.5,73.25,52.8201,5.0249,peripheral
altitude_oscillation,3.5,1,62.5,46.75,49.1421,5.0249,peripheral
altitude_oscillation,3.5,2,77.5,60.0,25.9202,5.0,relay_anchor
altitude_oscillation,3.5,3,92.5,43.25,15.2462,5.0249,peripheral
altitude_oscillation,3.5,4,92.5,76.75,31.8713,5.0249,peripheral
altitude_oscillation,3.75,0,63.75,73.125,53.4776,5.0249,peripheral
altitude_oscillation,3.75,1,63.75,46.875,47.989,5.0249,peripheral
altitude_oscillation,3.75,2,78.75,60.0,24.55,5.0,relay_anchor
altitude_oscillation,3.75,3,93.75,43.125,15.5526,5.0249,peripheral
altitude_oscillation,3.75,4,93.75,76.875,33.4308,5.0249,peripheral
altitude_oscillation,4.0,0,65.0,73.0,54.0211,5.0249,peripheral
altitude_oscillation,4.0,1,65.0,47.0,46.7557,5.0249,peripheral
altitude_oscillation,4.0,2,80.0,60.0,23.2443,5.0,relay_anchor
altitude_oscillation,4.0,3,95.0,43.0,15.9789,5.0249,peripheral
altitude_oscillation,4.0,4,95.0,77.0,35.0,5.0249,peripheral
altitude_oscillation,4.25,0,66.25,72.875,54.4474,5.0249,peripheral
altitude_oscillation,4.25,1,66.25,47.125,45.45,5.0249,peripheral
altitude_oscillation,4.25,2,81.25,60.0,22.011,5.0,relay_anchor
altitude_oscillation,4.25,3,96.25,42.875,16.5224,5.0249,peripheral
altitude_oscillation,4.25,4,96.25,77.125,36.5692,5.0249,peripheral
altitude_oscillation,4.5,0,67.5,72.75,54.7538,5.0249,peripheral
altitude_oscillation,4.5,1,67.5,47.25,44.0798,5.0249,peripheral
altitude_oscillation,4.5,2,82.5,60.0,20.8579,5.0,relay_anchor
altitude_oscillation,4.5,3,97.5,42.75,17.1799,5.0249,peripheral
altitude_oscillation,4.5,4,97.5,77.25,38.1287,5.0249,peripheral
altitude_oscillation,4.75,0,68.75,72.625,54.9383,5.0249,peripheral
altitude_oscillation,4.75,1,68.75,47.375,42.6537,5.0249,peripheral
altitude_oscillation,4.75,2,83.75,60.0,19.7919,5.0,relay_anchor
altitude_oscillation,4.75,3,98.75,42.625,17.9472,5.0249,peripheral
altitude_oscillation,4.75,4,98.75,77.375,39.6689,5.0249,peripheral
altitude_oscillation,5.0,0,70.0,72.5,55.0,5.0249,peripheral
altitude_oscillation,5.0,1,70.0,47.5,41.1803,5.0249,peripheral
altitude_oscillation,5.0,2,85.0,60.0,18.8197,5.0,relay_anchor
altitude_oscillation,5.0,3,100.0,42.5,18.8197,5.0249,peripheral
altitude_oscillation,5.0,4,100.0,77.5,41.1803,5.0249,peripheral
altitude_oscillation,5.25,0,71.25,72.375,54.9383,5.0249,peripheral
altitude_oscillation,5.25,1,71.25,47.625,39.6689,5.0249,peripheral
altitude_oscillation,5.25,2,86.25,60.0,17.9472,5.0,relay_anchor
altitude_oscillation,5.25,3,101.25,42.375,19.7919,5.0249,peripheral
altitude_oscillation,5.25,4,101.25,77.625,42.6537,5.0249,peripheral
altitude_oscillation,5.5,0,72.5,72.25,54.7538,5.0249,peripheral
altitude_oscillation,5.5,1,72.5,47.75,38.1287,5.0249,peripheral
altitude_oscillation,5.5,2,87.5,60.0,17.1799,5.0,relay_anchor
altitude_oscillation,5.5,3,102.5,42.25,20.8579,5.0249,peripheral
altitude_oscillation,5.5,4,102.5,77.75,44.0798,5.0249,peripheral
altitude_oscillation,5.75,0,73.75,72.125,54.4474,5.0249,peripheral
altitude_oscillation,5.75,1,73.75,47.875,36.5692,5.0249,peripheral
altitude_oscillation,5.75,2,88.75,60.0,16.5224,5.0,relay_anchor
altitude_oscillation,5.75,3,103.75,42.125,22.011,5.0249,peripheral
altitude_oscillation,5.75,4,103.75,77.875,45.45,5.0249,peripheral
altitude_oscillation,6.0,0,75.0,72.0,54.0211,5.0249,peripheral
altitude_oscillation,6.0,1,75.0,48.0,35.0,5.0249,peripheral
altitude_oscillation,6.0,2,90.0,60.0,15.9789,5.0,relay_anchor
altitude_oscillation,6.0,3,105.0,42.0,23.2443,5.0249,peripheral
altitude_oscillation,6.0,4,105.0,78.0,46.7557,5.0249,peripheral
altitude_oscillation,6.25,0,76.25,71.875,53.4776,5.0249,peripheral
altitude_oscillation,6.25,1,76.25,48.125,33.4308,5.0249,peripheral
altitude_oscillation,6.25,2,91.25,60.0,15.5526,5.0,relay_anchor
altitude_oscillation,6.25,3,106.25,41.875,24.55,5.0249,peripheral
altitude_oscillation,6.25,4,106.25,78.125,47.989,5.0249,peripheral
altitude_oscillation,6.5,0,77.5,71.75,52.8201,5.0249,peripheral
altitude_oscillation,6.5,1,77.5,48.25,31.8713,5.0249,peripheral
altitude_oscillation,6.5,2,92.5,60.0,15.2462,5.0,relay_anchor
altitude_oscillation,6.5,3,107.5,41.75,25.9202,5.0249,peripheral
altitude_oscillation,6.5,4,107.5,78.25,49.1421,5.0249,peripheral
altitude_oscillation,6.75,0,78.75,71.625,52.0528,5.0249,peripheral
altitude_oscillation,6.75,1,78.75,48.375,30.3311,5.0249,peripheral
altitude_oscillation,6.75,2,93.75,60.0,15.0617,5.0,relay_anchor
altitude_oscillation,6.75,3,108.75,41.625,27.3463,5.0249,peripheral
altitude_oscillation,6.75,4,108.75,78.375,50.2081,5.0249,peripheral
altitude_oscillation,7.0,0,80.0,71.5,51.1803,5.0249,peripheral
altitude_oscillation,7.0,1,80.0,48.5,28.8197,5.0249,peripheral
altitude_oscillation,7.0,2,95.0,60.0,15.0,5.0,relay_anchor
altitude_oscillation,7.0,3,110.0,41.5,28.8197,5.0249,peripheral
altitude_oscillation,7.0,4,110.0,78.5,51.1803,5.0249,peripheral
altitude_oscillation,7.25,0,81.25,71.375,50.2081,5.0249,peripheral
altitude_oscillation,7.25,1,81.25,48.625,27.3463,5.0249,peripheral
altitude_oscillation,7.25,2,96.25,60.0,15.0617,5.0,relay_anchor
altitude_oscillation,7.25,3,111.25,41.375,30.3311,5.0249,peripheral
altitude_oscillation,7.25,4,111.25,78.625,52.0528,5.0249,peripheral
altitude_oscillation,7.5,0,82.5,71.25,49.1421,5.0249,peripheral
altitude_oscillation,7.5,1,82.5,48.75,25.9202,5.0249,peripheral
altitude_oscillation,7.5,2,97.5,60.0,15.2462,5.0,relay_anchor
altitude_oscillation,7.5,3,112.5,41.25,31.8713,5.0249,peripheral
altitude_oscillation,7.5,4,112.5,78.75,52.8201,5.0249,peripheral
altitude_oscillation,7.75,0,83.75,71.125,47.989,5.0249,peripheral
altitude_oscillation,7.75,1,83.75,48.875,24.55,5.0249,peripheral
altitude_oscillation,7.75,2,98.75,60.0,15.5526,5.0,relay_anchor
altitude_oscillation,7.75,3,113.75,41.125,33.4308,5.0249,peripheral
altitude_oscillation,7.75,4,113.75,78.875,53.4776,5.0249,peripheral
altitude_oscillation,8.0,0,85.0,71.0,46.7557,5.0249,peripheral
altitude_oscillation,8.0,1,85.0,49.0,23.2443,5.0249,peripheral
altitude_oscillation,8.0,2,100.0,60.0,15.9789,5.0,relay_anchor
altitude_oscillation,8.0,3,115.0,41.0,35.0,5.0249,peripheral
altitude_oscillation,8.0,4,115.0,79.0,54.0211,5.0249,peripheral
altitude_oscillation,8.25,0,86.25,70.875,45.45,5.0249,peripheral
altitude_oscillation,8.25,1,86.25,49.125,22.011,5.0249,peripheral
altitude_oscillation,8.25,2,101.25,60.0,16.5224,5.0,relay_anchor
altitude_oscillation,8.25,3,116.25,40.875,36.5692,5.0249,peripheral
altitude_oscillation,8.25,4,116.25,79.125,54.4474,5.0249,peripheral
altitude_oscillation,8.5,0,87.5,70.75,44.0798,5.0249,peripheral
altitude_oscillation,8.5,1,87.5,49.25,20.8579,5.0249,peripheral
altitude_oscillation,8.5,2,102.5,60.0,17.1799,5.0,relay_anchor
altitude_oscillation,8.5,3,117.5,40.75,38.1287,5.0249,peripheral
altitude_oscillation,8.5,4,117.5,79.25,54.7538,5.0249,peripheral
altitude_oscillation,8.75,0,88.75,70.625,42.6537,5.0249,peripheral
altitude_oscillation,8.75,1,88.75,49.375,19.7919,5.0249,peripheral
altitude_oscillation,8.75,2,103.75,60.0,17.9472,5.0,relay_anchor
altitude_oscillation,8.75,3,118.75,40.625,39.6689,5.0249,peripheral
altitude_oscillation,8.75,4,118.75,79.375,54.9383,5.0249,peripheral
altitude_oscillation,9.0,0,90.0,70.5,41.1803,5.0249,peripheral
altitude_oscillation,9.0,1,90.0,49.5,18.8197,5.0249,peripheral
altitude_oscillation,9.0,2,105.0,60.0,18.8197,5.0,relay_anchor
altitude_oscillation,9.0,3,120.0,40.5,41.1803,5.0249,peripheral
altitude_oscillation,9.0,4,120.0,79.5,55.0,5.0249,peripheral
altitude_oscillation,9.25,0,91.25,70.375,39.6689,5.0249,peripheral
altitude_oscillation,9.25,1,91.25,49.625,17.9472,5.0249,peripheral
altitude_oscillation,9.25,2,106.25,60.0,19.7919,5.0,relay_anchor
altitude_oscillation,9.25,3,121.25,40.375,42.6537,5.0249,peripheral
altitude_oscillation,9.25,4,121.25,79.625,54.9383,5.0249,peripheral
altitude_oscillation,9.5,0,92.5,70.25,38.1287,5.0249,peripheral
altitude_oscillation,9.5,1,92.5,49.75,17.1799,5.0249,peripheral
altitude_oscillation,9.5,2,107.5,60.0,20.8579,5.0,relay_anchor
altitude_oscillation,9.5,3,122.5,40.25,44.0798,5.0249,peripheral
altitude_oscillation,9.5,4,122.5,79.75,54.7538,5.0249,peripheral
altitude_oscillation,9.75,0,93.75,70.125,36.5692,5.0249,peripheral
altitude_oscillation,9.75,1,93.75,49.875,16.5224,5.0249,peripheral
altitude_oscillation,9.75,2,108.75,60.0,22.011,5.0,relay_anchor
altitude_oscillation,9.75,3,123.75,40.125,45.45,5.0249,peripheral
altitude_oscillation,9.75,4,123.75,79.875,54.4474,5.0249,peripheral
altitude_oscillation,10.0,0,95.0,70.0,35.0,5.0249,peripheral
altitude_oscillation,10.0,1,95.0,50.0,15.9789,5.0249,peripheral
altitude_oscillation,10.0,2,110.0,60.0,23.2443,5.0,relay_anchor
altitude_oscillation,10.0,3,125.0,40.0,46.7557,5.0249,peripheral
altitude_oscillation,10.0,4,125.0,80.0,54.0211,5.0249,peripheral
altitude_oscillation,10.25,0,96.25,69.875,33.4308,5.0249,peripheral
altitude_oscillation,10.25,1,96.25,50.125,15.5526,5.0249,peripheral
altitude_oscillation,10.25,2,111.25,60.0,24.55,5.0,relay_anchor
altitude_oscillation,10.25,3,126.25,39.875,47.989,5.0249,peripheral
altitude_oscillation,10.25,4,126.25,80.125,53.4776,5.0249,peripheral
altitude_oscillation,10.5,0,97.5,69.75,31.8713,5.0249,peripheral
altitude_oscillation,10.5,1,97.5,50.25,15.2462,5.0249,peripheral
altitude_oscillation,10.5,2,112.5,60.0,25.9202,5.0,relay_anchor
altitude_oscillation,10.5,3,127.5,39.75,49.1421,5.0249,peripheral
altitude_oscillation,10.5,4,127.5,80.25,52.8201,5.0249,peripheral
altitude_oscillation,10.75,0,98.75,69.625,30.3311,5.0249,peripheral
altitude_oscillation,10.75,1,98.75,50.375,15.0617,5.0249,peripheral
altitude_oscillation,10.75,2,113.75,60.0,27.3463,5.0,relay_anchor
altitude_oscillation,10.75,3,128.75,39.625,50.2081,5.0249,peripheral
altitude_oscillation,10.75,4,128.75,80.375,52.0528,5.0249,peripheral
altitude_oscillation,11.0,0,100.0,69.5,28.8197,5.0249,peripheral
altitude_oscillation,11.0,1,100.0,50.5,15.0,5.0249,peripheral
altitude_oscillation,11.0,2,115.0,60.0,28.8197,5.0,relay_anchor
altitude_oscillation,11.0,3,130.0,39.5,51.1803,5.0249,peripheral
altitude_oscillation,11.0,4,130.0,80.5,51.1803,5.0249,peripheral
altitude_oscillation,11.25,0,101.25,69.375,27.3463,5.0249,peripheral
altitude_oscillation,11.25,1,101.25,50.625,15.0617,5.0249,peripheral
altitude_oscillation,11.25,2,116.25,60.0,30.3311,5.0,relay_anchor
altitude_oscillation,11.25,3,131.25,39.375,52.0528,5.0249,peripheral
altitude_oscillation,11.25,4,131.25,80.625,50.2081,5.0249,peripheral
altitude_oscillation,11.5,0,102.5,69.25,25.9202,5.0249,peripheral
altitude_oscillation,11.5,1,102.5,50.75,15.2462,5.0249,peripheral
altitude_oscillation,11.5,2,117.5,60.0,31.8713,5.0,relay_anchor
altitude_oscillation,11.5,3,132.5,39.25,52.8201,5.0249,peripheral
altitude_oscillation,11.5,4,132.5,80.75,49.1421,5.0249,peripheral
altitude_oscillation,11.75,0,103.75,69.125,24.55,5.0249,peripheral
altitude_oscillation,11.75,1,103.75,50.875,15.5526,5.0249,peripheral
altitude_oscillation,11.75,2,118.75,60.0,33.4308,5.0,relay_anchor
altitude_oscillation,11.75,3,133.75,39.125,53.4776,5.0249,peripheral
altitude_oscillation,11.75,4,133.75,80.875,47.989,5.0249,peripheral
altitude_oscillation,12.0,0,105.0,69.0,23.2443,5.0249,peripheral
altitude_oscillation,12.0,1,105.0,51.0,15.9789,5.0249,peripheral
altitude_oscillation,12.0,2,120.0,60.0,35.0,5.0,relay_anchor
altitude_oscillation,12.0,3,135.0,39.0,54.0211,5.0249,peripheral
altitude_oscillation,12.0,4,135.0,81.0,46.7557,5.0249,peripheral
altitude_oscillation,12.25,0,106.25,68.875,22.011,5.0249,peripheral
altitude_oscillation,12.25,1,106.25,51.125,16.5224,5.0249,peripheral
altitude_oscillation,12.25,2,121.25,60.0,36.5692,5.0,relay_anchor
altitude_oscillation,12.25,3,136.25,38.875,54.4474,5.0249,peripheral
altitude_oscillation,12.25,4,136.25,81.125,45.45,5.0249,peripheral
altitude_oscillation,12.5,0,107.5,68.75,20.8579,5.0249,peripheral
altitude_oscillation,12.5,1,107.5,51.25,17.1799,5.0249,peripheral
altitude_oscillation,12.5,2,122.5,60.0,38.1287,5.0,relay_anchor
altitude_oscillation,12.5,3,137.5,38.75,54.7538,5.0249,peripheral
altitude_oscillation,12.5,4,137.5,81.25,44.0798,5.0249,peripheral
altitude_oscillation,12.75,0,108.75,68.625,19.7919,5.0249,peripheral
altitude_oscillation,12.75,1,108.75,51.375,17.9472,5.0249,peripheral
altitude_oscillation,12.75,2,123.75,60.0,39.6689,5.0,relay_anchor
altitude_oscillation,12.75,3,138.75,38.625,54.9383,5.0249,peripheral
altitude_oscillation,12.75,4,138.75,81.375,42.6537,5.0249,peripheral
altitude_oscillation,13.0,0,110.0,68.5,18.8197,5.0249,peripheral
altitude_oscillation,13.0,1,110.0,51.5,18.8197,5.0249,peripheral
altitude_oscillation,13.0,2,125.0,60.0,41.1803,5.0,relay_anchor
altitude_oscillation,13.0,3,140.0,38.5,55.0,5.0249,peripheral
altitude_oscillation,13.0,4,140.0,81.5,41.1803,5.0249,peripheral
altitude_oscillation,13.25,0,111.25,68.375,17.9472,5.0249,peripheral
altitude_oscillation,13.25,1,111.25,51.625,19.7919,5.0249,peripheral
altitude_oscillation,13.25,2,126.25,60.0,42.6537,5.0,relay_anchor
altitude_oscillation,13.25,3,141.25,38.375,54.9383,5.0249,peripheral
altitude_oscillation,13.25,4,141.25,81.625,39.6689,5.0249,peripheral
altitude_oscillation,13.5,0,112.5,68.25,17.1799,5.0249,peripheral
altitude_oscillation,13.5,1,112.5,51.75,20.8579,5.0249,peripheral
altitude_oscillation,13.5,2,127.5,60.0,44.0798,5.0,relay_anchor
altitude_oscillation,13.5,3,142.5,38.25,54.7538,5.0249,peripheral
altitude_oscillation,13.5,4,142.5,81.75,38.1287,5.0249,peripheral
altitude_oscillation,13.75,0,113.75,68.125,16.5224,5.0249,peripheral
altitude_oscillation,13.75,1,113.75,51.875,22.011,5.0249,peripheral
altitude_oscillation,13.75,2,128.75,60.0,45.45,5.0,relay_anchor
altitude_oscillation,13.75,3,143.75,38.125,54.4474,5.0249,peripheral
altitude_oscillation,13.75,4,143.75,81.875,36.5692,5.0249,peripheral
altitude_oscillation,14.0,0,115.0,68.0,15.9789,5.0249,peripheral
altitude_oscillation,14.0,1,115.0,52.0,23.2443,5.0249,peripheral
altitude_oscillation,14.0,2,130.0,60.0,46.7557,5.0,relay_anchor
altitude_oscillation,14.0,3,145.0,38.0,54.0211,5.0249,peripheral
altitude_oscillation,14.0,4,145.0,82.0,35.0,5.0249,peripheral
altitude_oscillation,14.25,0,116.25,67.875,15.5526,5.0249,peripheral
altitude_oscillation,14.25,1,116.25,52.125,24.55,5.0249,peripheral
altitude_oscillation,14.25,2,131.25,60.0,47.989,5.0,relay_anchor
altitude_oscillation,14.25,3,146.25,37.875,53.4776,5.0249,peripheral
altitude_oscillation,14.25,4,146.25,82.125,33.4308,5.0249,peripheral
altitude_oscillation,14.5,0,117.5,67.75,15.2462,5.0249,peripheral
altitude_oscillation,14.5,1,117.5,52.25,25.9202,5.0249,peripheral
altitude_oscillation,14.5,2,132.5,60.0,49.1421,5.0,relay_anchor
altitude_oscillation,14.5,3,147.5,37.75,52.8201,5.0249,peripheral
altitude_oscillation,14.5,4,147.5,82.25,31.8713,5.0249,peripheral
altitude_oscillation,14.75,0,118.75,67.625,15.0617,5.0249,peripheral
altitude_oscillation,14.75,1,118.75,52.375,27.3463,5.0249,peripheral
altitude_oscillation,14.75,2,133.75,60.0,50.2081,5.0,relay_anchor
altitude_oscillation,14.75,3,148.75,37.625,52.0528,5.0249,peripheral
altitude_oscillation,14.75,4,148.75,82.375,30.3311,5.0249,peripheral
altitude_oscillation,15.0,0,120.0,67.5,15.0,5.0249,peripheral
altitude_oscillation,15.0,1,120.0,52.5,28.8197,5.0249,peripheral
altitude_oscillation,15.0,2,135.0,60.0,51.1803,5.0,relay_anchor
altitude_oscillation,15.0,3,150.0,37.5,51.1803,5.0249,peripheral
altitude_oscillation,15.0,4,150.0,82.5,28.8197,5.0249,peripheral
altitude_oscillation,15.25,0,121.25,67.375,15.0617,5.0249,peripheral
altitude_oscillation,15.25,1,121.25,52.625,30.3311,5.0249,peripheral
altitude_oscillation,15.25,2,136.25,60.0,52.0528,5.0,relay_anchor
altitude_oscillation,15.25,3,151.25,37.375,50.2081,5.0249,peripheral
altitude_oscillation,15.25,4,151.25,82.625,27.3463,5.0249,peripheral
altitude_oscillation,15.5,0,122.5,67.25,15.2462,5.0249,peripheral
altitude_oscillation,15.5,1,122.5,52.75,31.8713,5.0249,peripheral
altitude_oscillation,15.5,2,137.5,60.0,52.8201,5.0,relay_anchor
altitude_oscillation,15.5,3,152.5,37.25,49.1421,5.0249,peripheral
altitude_oscillation,15.5,4,152.5,82.75,25.9202,5.0249,peripheral
altitude_oscillation,15.75,0,123.75,67.125,15.5526,5.0249,peripheral
altitude_oscillation,15.75,1,123.75,52.875,33.4308,5.0249,peripheral
altitude_oscillation,15.75,2,138.75,60.0,53.4776,5.0,relay_anchor
altitude_oscillation,15.75,3,153.75,37.125,47.989,5.0249,peripheral
altitude_oscillation,15.75,4,153.75,82.875,24.55,5.0249,peripheral
altitude_oscillation,16.0,0,125.0,67.0,15.9789,5.0249,peripheral
altitude_oscillation,16.0,1,125.0,53.0,35.0,5.0249,peripheral
altitude_oscillation,16.0,2,140.0,60.0,54.0211,5.0,relay_anchor
altitude_oscillation,16.0,3,155.0,37.0,46.7557,5.0249,peripheral
altitude_oscillation,16.0,4,155.0,83.0,23.2443,5.0249,peripheral
altitude_oscillation,16.25,0,126.25,66.875,16.5224,5.0249,peripheral
altitude_oscillation,16.25,1,126.25,53.125,36.5692,5.0249,peripheral
altitude_oscillation,16.25,2,141.25,60.0,54.4474,5.0,relay_anchor
altitude_oscillation,16.25,3,156.25,36.875,45.45,5.0249,peripheral
altitude_oscillation,16.25,4,156.25,83.125,22.011,5.0249,peripheral
altitude_oscillation,16.5,0,127.5,66.75,17.1799,5.0249,peripheral
altitude_oscillation,16.5,1,127.5,53.25,38.1287,5.0249,peripheral
altitude_oscillation,16.5,2,142.5,60.0,54.7538,5.0,relay_anchor
altitude_oscillation,16.5,3,157.5,36.75,44.0798,5.0249,peripheral
altitude_oscillation,16.5,4,157.5,83.25,20.8579,5.0249,peripheral
altitude_oscillation,16.75,0,128.75,66.625,17.9472,5.0249,peripheral
altitude_oscillation,16.75,1,128.75,53.375,39.6689,5.0249,peripheral
altitude_oscillation,16.75,2,143.75,60.0,54.9383,5.0,relay_anchor
altitude_oscillation,16.75,3,158.75,36.625,42.6537,5.0249,peripheral
altitude_oscillation,16.75,4,158.75,83.375,19.7919,5.0249,peripheral
altitude_oscillation,17.0,0,130.0,66.5,18.8197,5.0249,peripheral
altitude_oscillation,17.0,1,130.0,53.5,41.1803,5.0249,peripheral
altitude_oscillation,17.0,2,145.0,60.0,55.0,5.0,relay_anchor
altitude_oscillation,17.0,3,160.0,36.5,41.1803,5.0249,peripheral
altitude_oscillation,17.0,4,160.0,83.5,18.8197,5.0249,peripheral
altitude_oscillation,17.25,0,131.25,66.375,19.7919,5.0249,peripheral
altitude_oscillation,17.25,1,131.25,53.625,42.6537,5.0249,peripheral
altitude_oscillation,17.25,2,146.25,60.0,54.9383,5.0,relay_anchor
altitude_oscillation,17.25,3,161.25,36.375,39.6689,5.0249,peripheral
altitude_oscillation,17.25,4,161.25,83.625,17.9472,5.0249,peripheral
altitude_oscillation,17.5,0,132.5,66.25,20.8579,5.0249,peripheral
altitude_oscillation,17.5,1,132.5,53.75,44.0798,5.0249,peripheral
altitude_oscillation,17.5,2,147.5,60.0,54.7538,5.0,relay_anchor
altitude_oscillation,17.5,3,162.5,36.25,38.1287,5.0249,peripheral
altitude_oscillation,17.5,4,162.5,83.75,17.1799,5.0249,peripheral
altitude_oscillation,17.75,0,133.75,66.125,22.011,5.0249,peripheral
altitude_oscillation,17.75,1,133.75,53.875,45.45,5.0249,peripheral
altitude_oscillation,17.75,2,148.75,60.0,54.4474,5.0,relay_anchor
altitude_oscillation,17.75,3,163.75,36.125,36.5692,5.0249,peripheral
altitude_oscillation,17.75,4,163.75,83.875,16.5224,5.0249,peripheral
altitude_oscillation,18.0,0,135.0,66.0,23.2443,5.0249,peripheral
altitude_oscillation,18.0,1,135.0,54.0,46.7557,5.0249,peripheral
altitude_oscillation,18.0,2,150.0,60.0,54.0211,5.0,relay_anchor
altitude_oscillation,18.0,3,165.0,36.0,35.0,5.0249,peripheral
altitude_oscillation,18.0,4,165.0,84.0,15.9789,5.0249,peripheral
altitude_oscillation,18.25,0,136.25,65.875,24.55,5.0249,peripheral
altitude_oscillation,18.25,1,136.25,54.125,47.989,5.0249,peripheral
altitude_oscillation,18.25,2,151.25,60.0,53.4776,5.0,relay_anchor
altitude_oscillation,18.25,3,166.25,35.875,33.4308,5.0249,peripheral
altitude_oscillation,18.25,4,166.25,84.125,15.5526,5.0249,peripheral
altitude_oscillation,18.5,0,137.5,65.75,25.9202,5.0249,peripheral
altitude_oscillation,18.5,1,137.5,54.25,49.1421,5.0249,peripheral
altitude_oscillation,18.5,2,152.5,60.0,52.8201,5.0,relay_anchor
altitude_oscillation,18.5,3,167.5,35.75,31.8713,5.0249,peripheral
altitude_oscillation,18.5,4,167.5,84.25,15.2462,5.0249,peripheral
altitude_oscillation,18.75,0,138.75,65.625,27.3463,5.0249,peripheral
altitude_oscillation,18.75,1,138.75,54.375,50.2081,5.0249,peripheral
altitude_oscillation,18.75,2,153.75,60.0,52.0528,5.0,relay_anchor
altitude_oscillation,18.75,3,168.75,35.625,30.3311,5.0249,peripheral
altitude_oscillation,18.75,4,168.75,84.375,15.0617,5.0249,peripheral
altitude_oscillation,19.0,0,140.0,65.5,28.8197,5.0249,peripheral
altitude_oscillation,19.0,1,140.0,54.5,51.1803,5.0249,peripheral
altitude_oscillation,19.0,2,155.0,60.0,51.1803,5.0,relay_anchor
altitude_oscillation,19.0,3,170.0,35.5,28.8197,5.0249,peripheral
altitude_oscillation,19.0,4,170.0,84.5,15.0,5.0249,peripheral
altitude_oscillation,19.25,0,141.25,65.375,30.3311,5.0249,peripheral
altitude_oscillation,19.25,1,141.25,54.625,52.0528,5.0249,peripheral
altitude_oscillation,19.25,2,156.25,60.0,50.2081,5.0,relay_anchor
altitude_oscillation,19.25,3,171.25,35.375,27.3463,5.0249,peripheral
altitude_oscillation,19.25,4,171.25,84.625,15.0617,5.0249,peripheral
altitude_oscillation,19.5,0,142.5,65.25,31.8713,5.0249,peripheral
altitude_oscillation,19.5,1,142.5,54.75,52.8201,5.0249,peripheral
altitude_oscillation,19.5,2,157.5,60.0,49.1421,5.0,relay_anchor
altitude_oscillation,19.5,3,172.5,35.25,25.9202,5.0249,peripheral
altitude_oscillation,19.5,4,172.5,84.75,15.2462,5.0249,peripheral
altitude_oscillation,19.75,0,143.75,65.125,33.4308,5.0249,peripheral
altitude_oscillation,19.75,1,143.75,54.875,53.4776,5.0249,peripheral
altitude_oscillation,19.75,2,158.75,60.0,47.989,5.0,relay_anchor
altitude_oscillation,19.75,3,173.75,35.125,24.55,5.0249,peripheral
altitude_oscillation,19.75,4,173.75,84.875,15.5526,5.0249,peripheral
altitude_oscillation,20.0,0,145.0,65.0,35.0,5.0249,peripheral
altitude_oscillation,20.0,1,145.0,55.0,54.0211,5.0249,peripheral
altitude_oscillation,20.0,2,160.0,60.0,46.7557,5.0,relay_anchor
altitude_oscillation,20.0,3,175.0,35.0,23.2443,5.0249,peripheral
altitude_oscillation,20.0,4,175.0,85.0,15.9789,5.0249,peripheral
altitude_oscillation,20.25,0,146.25,64.875,36.5692,5.0249,peripheral
altitude_oscillation,20.25,1,146.25,55.125,54.4474,5.0249,peripheral
altitude_oscillation,20.25,2,161.25,60.0,45.45,5.0,relay_anchor
altitude_oscillation,20.25,3,176.25,34.875,22.011,5.0249,peripheral
altitude_oscillation,20.25,4,176.25,85.125,16.5224,5.0249,peripheral
altitude_oscillation,20.5,0,147.5,64.75,38.1287,5.0249,peripheral
altitude_oscillation,20.5,1,147.5,55.25,54.7538,5.0249,peripheral
altitude_oscillation,20.5,2,162.5,60.0,44.0798,5.0,relay_anchor
altitude_oscillation,20.5,3,177.5,34.75,20.8579,5.0249,peripheral
altitude_oscillation,20.5,4,177.5,85.25,17.1799,5.0249,peripheral
altitude_oscillation,20.75,0,148.75,64.625,39.6689,5.0249,peripheral
altitude_oscillation,20.75,1,148.75,55.375,54.9383,5.0249,peripheral
altitude_oscillation,20.75,2,163.75,60.0,42.6537,5.0,relay_anchor
altitude_oscillation,20.75,3,178.75,34.625,19.7919,5.0249,peripheral
altitude_oscillation,20.75,4,178.75,85.375,17.9472,5.0249,peripheral
altitude_oscillation,21.0,0,150.0,64.5,41.1803,5.0249,peripheral
altitude_oscillation,21.0,1,150.0,55.5,55.0,5.0249,peripheral
altitude_oscillation,21.0,2,165.0,60.0,41.1803,5.0,relay_anchor
altitude_oscillation,21.0,3,180.0,34.5,18.8197,5.0249,peripheral
altitude_oscillation,21.0,4,180.0,85.5,18.8197,5.0249,peripheral
altitude_oscillation,21.25,0,151.25,64.375,42.6537,5.0249,peripheral
altitude_oscillation,21.25,1,151.25,55.625,54.9383,5.0249,peripheral
altitude_oscillation,21.25,2,166.25,60.0,39.6689,5.0,relay_anchor
altitude_oscillation,21.25,3,181.25,34.375,17.9472,5.0249,peripheral
altitude_oscillation,21.25,4,181.25,85.625,19.7919,5.0249,peripheral
altitude_oscillation,21.5,0,152.5,64.25,44.0798,5.0249,peripheral
altitude_oscillation,21.5,1,152.5,55.75,54.7538,5.0249,peripheral
altitude_oscillation,21.5,2,167.5,60.0,38.1287,5.0,relay_anchor
altitude_oscillation,21.5,3,182.5,34.25,17.1799,5.0249,peripheral
altitude_oscillation,21.5,4,182.5,85.75,20.8579,5.0249,peripheral
altitude_oscillation,21.75,0,153.75,64.125,45.45,5.0249,peripheral
altitude_oscillation,21.75,1,153.75,55.875,54.4474,5.0249,peripheral
altitude_oscillation,21.75,2,168.75,60.0,36.5692,5.0,relay_anchor
altitude_oscillation,21.75,3,183.75,34.125,16.5224,5.0249,peripheral
altitude_oscillation,21.75,4,183.75,85.875,22.011,5.0249,peripheral
altitude_oscillation,22.0,0,155.0,64.0,46.7557,5.0249,peripheral
altitude_oscillation,22.0,1,155.0,56.0,54.0211,5.0249,peripheral
altitude_oscillation,22.0,2,170.0,60.0,35.0,5.0,relay_anchor
altitude_oscillation,22.0,3,185.0,34.0,15.9789,5.0249,peripheral
altitude_oscillation,22.0,4,185.0,86.0,23.2443,5.0249,peripheral
altitude_oscillation,22.25,0,156.25,63.875,47.989,5.0249,peripheral
altitude_oscillation,22.25,1,156.25,56.125,53.4776,5.0249,peripheral
altitude_oscillation,22.25,2,171.25,60.0,33.4308,5.0,relay_anchor
altitude_oscillation,22.25,3,186.25,33.875,15.5526,5.0249,peripheral
altitude_oscillation,22.25,4,186.25,86.125,24.55,5.0249,peripheral
altitude_oscillation,22.5,0,157.5,63.75,49.1421,5.0249,peripheral
altitude_oscillation,22.5,1,157.5,56.25,52.8201,5.0249,peripheral
altitude_oscillation,22.5,2,172.5,60.0,31.8713,5.0,relay_anchor
altitude_oscillation,22.5,3,187.5,33.75,15.2462,5.0249,peripheral
altitude_oscillation,22.5,4,187.5,86.25,25.9202,5.0249,peripheral
altitude_oscillation,22.75,0,158.75,63.625,50.2081,5.0249,peripheral
altitude_oscillation,22.75,1,158.75,56.375,52.0528,5.0249,peripheral
altitude_oscillation,22.75,2,173.75,60.0,30.3311,5.0,relay_anchor
altitude_oscillation,22.75,3,188.75,33.625,15.0617,5.0249,peripheral
altitude_oscillation,22.75,4,188.75,86.375,27.3463,5.0249,peripheral
altitude_oscillation,23.0,0,160.0,63.5,51.1803,5.0249,peripheral
altitude_oscillation,23.0,1,160.0,56.5,51.1803,5.0249,peripheral
altitude_oscillation,23.0,2,175.0,60.0,28.8197,5.0,relay_anchor
altitude_oscillation,23.0,3,190.0,33.5,15.0,5.0249,peripheral
altitude_oscillation,23.0,4,190.0,86.5,28.8197,5.0249,peripheral
altitude_oscillation,23.25,0,161.25,63.375,52.0528,5.0249,peripheral
altitude_oscillation,23.25,1,161.25,56.625,50.2081,5.0249,peripheral
altitude_oscillation,23.25,2,176.25,60.0,27.3463,5.0,relay_anchor
altitude_oscillation,23.25,3,191.25,33.375,15.0617,5.0249,peripheral
altitude_oscillation,23.25,4,191.25,86.625,30.3311,5.0249,peripheral
altitude_oscillation,23.5,0,162.5,63.25,52.8201,5.0249,peripheral
altitude_oscillation,23.5,1,162.5,56.75,49.1421,5.0249,peripheral
altitude_oscillation,23.5,2,177.5,60.0,25.9202,5.0,relay_anchor
altitude_oscillation,23.5,3,192.5,33.25,15.2462,5.0249,peripheral
altitude_oscillation,23.5,4,192.5,86.75,31.8713,5.0249,peripheral
altitude_oscillation,23.75,0,163.75,63.125,53.4776,5.0249,peripheral
altitude_oscillation,23.75,1,163.75,56.875,47.989,5.0249,peripheral
altitude_oscillation,23.75,2,178.75,60.0,24.55,5.0,relay_anchor
altitude_oscillation,23.75,3,193.75,33.125,15.5526,5.0249,peripheral
altitude_oscillation,23.75,4,193.75,86.875,33.4308,5.0249,peripheral
altitude_oscillation,24.0,0,165.0,63.0,54.0211,5.0249,peripheral
altitude_oscillation,24.0,1,165.0,57.0,46.7557,5.0249,peripheral
altitude_oscillation,24.0,2,180.0,60.0,23.2443,5.0,relay_anchor
altitude_oscillation,24.0,3,195.0,33.0,15.9789,5.0249,peripheral
altitude_oscillation,24.0,4,195.0,87.0,35.0,5.0249,peripheral
altitude_oscillation,24.25,0,166.25,62.875,54.4474,5.0249,peripheral
altitude_oscillation,24.25,1,166.25,57.125,45.45,5.0249,peripheral
altitude_oscillation,24.25,2,181.25,60.0,22.011,5.0,relay_anchor
altitude_oscillation,24.25,3,196.25,32.875,16.5224,5.0249,peripheral
altitude_oscillation,24.25,4,196.25,87.125,36.5692,5.0249,peripheral
altitude_oscillation,24.5,0,167.5,62.75,54.7538,5.0249,peripheral
altitude_oscillation,24.5,1,167.5,57.25,44.0798,5.0249,peripheral
altitude_oscillation,24.5,2,182.5,60.0,20.8579,5.0,relay_anchor
altitude_oscillation,24.5,3,197.5,32.75,17.1799,5.0249,peripheral
altitude_oscillation,24.5,4,197.5,87.25,38.1287,5.0249,peripheral
altitude_oscillation,24.75,0,168.75,62.625,54.9383,5.0249,peripheral
altitude_oscillation,24.75,1,168.75,57.375,42.6537,5.0249,peripheral
altitude_oscillation,24.75,2,183.75,60.0,19.7919,5.0,relay_anchor
altitude_oscillation,24.75,3,198.75,32.625,17.9472,5.0249,peripheral
altitude_oscillation,24.75,4,198.75,87.375,39.6689,5.0249,peripheral
altitude_oscillation,25.0,0,170.0,62.5,55.0,5.0249,peripheral
altitude_oscillation,25.0,1,170.0,57.5,41.1803,5.0249,peripheral
altitude_oscillation,25.0,2,185.0,60.0,18.8197,5.0,relay_anchor
altitude_oscillation,25.0,3,200.0,32.5,18.8197,5.0249,peripheral
altitude_oscillation,25.0,4,200.0,87.5,41.1803,5.0249,peripheral
altitude_oscillation,25.25,0,171.25,62.375,54.9383,5.0249,peripheral
altitude_oscillation,25.25,1,171.25,57.625,39.6689,5.0249,peripheral
altitude_oscillation,25.25,2,186.25,60.0,17.9472,5.0,relay_anchor
altitude_oscillation,25.25,3,201.25,32.375,19.7919,5.0249,peripheral
altitude_oscillation,25.25,4,201.25,87.625,42.6537,5.0249,peripheral
altitude_oscillation,25.5,0,172.5,62.25,54.7538,5.0249,peripheral
altitude_oscillation,25.5,1,172.5,57.75,38.1287,5.0249,peripheral
altitude_oscillation,25.5,2,187.5,60.0,17.1799,5.0,relay_anchor
altitude_oscillation,25.5,3,202.5,32.25,20.8579,5.0249,peripheral
altitude_oscillation,25.5,4,202.5,87.75,44.0798,5.0249,peripheral
altitude_oscillation,25.75,0,173.75,62.125,54.4474,5.0249,peripheral
altitude_oscillation,25.75,1,173.75,57.875,36.5692,5.0249,peripheral
altitude_oscillation,25.75,2,188.75,60.0,16.5224,5.0,relay_anchor
altitude_oscillation,25.75,3,203.75,32.125,22.011,5.0249,peripheral
altitude_oscillation,25.75,4,203.75,87.875,45.45,5.0249,peripheral
altitude_oscillation,26.0,0,175.0,62.0,54.0211,5.0249,peripheral
altitude_oscillation,26.0,1,175.0,58.0,35.0,5.0249,peripheral
altitude_oscillation,26.0,2,190.0,60.0,15.9789,5.0,relay_anchor
altitude_oscillation,26.0,3,205.0,32.0,23.2443,5.0249,peripheral
altitude_oscillation,26.0,4,205.0,88.0,46.7557,5.0249,peripheral
altitude_oscillation,26.25,0,176.25,61.875,53.4776,5.0249,peripheral
altitude_oscillation,26.25,1,176.25,58.125,33.4308,5.0249,peripheral
altitude_oscillation,26.25,2,191.25,60.0,15.5526,5.0,relay_anchor
altitude_oscillation,26.25,3,206.25,31.875,24.55,5.0249,peripheral
altitude_oscillation,26.25,4,206.25,88.125,47.989,5.0249,peripheral
altitude_oscillation,26.5,0,177.5,61.75,52.8201,5.0249,peripheral
altitude_oscillation,26.5,1,177.5,58.25,31.8713,5.0249,peripheral
altitude_oscillation,26.5,2,192.5,60.0,15.2462,5.0,relay_anchor
altitude_oscillation,26.5,3,207.5,31.75,25.9202,5.0249,peripheral
altitude_oscillation,26.5,4,207.5,88.25,49.1421,5.0249,peripheral
altitude_oscillation,26.75,0,178.75,61.625,52.0528,5.0249,peripheral
altitude_oscillation,26.75,1,178.75,58.375,30.3311,5.0249,peripheral
altitude_oscillation,26.75,2,193.75,60.0,15.0617,5.0,relay_anchor
altitude_oscillation,26.75,3,208.75,31.625,27.3463,5.0249,peripheral
altitude_oscillation,26.75,4,208.75,88.375,50.2081,5.0249,peripheral
altitude_oscillation,27.0,0,180.0,61.5,51.1803,5.0249,peripheral
altitude_oscillation,27.0,1,180.0,58.5,28.8197,5.0249,peripheral
altitude_oscillation,27.0,2,195.0,60.0,15.0,5.0,relay_anchor
altitude_oscillation,27.0,3,210.0,31.5,28.8197,5.0249,peripheral
altitude_oscillation,27.0,4,210.0,88.5,51.1803,5.0249,peripheral
altitude_oscillation,27.25,0,181.25,61.375,50.2081,5.0249,peripheral
altitude_oscillation,27.25,1,181.25,58.625,27.3463,5.0249,peripheral
altitude_oscillation,27.25,2,196.25,60.0,15.0617,5.0,relay_anchor
altitude_oscillation,27.25,3,211.25,31.375,30.3311,5.0249,peripheral
altitude_oscillation,27.25,4,211.25,88.625,52.0528,5.0249,peripheral
altitude_oscillation,27.5,0,182.5,61.25,49.1421,5.0249,peripheral
altitude_oscillation,27.5,1,182.5,58.75,25.9202,5.0249,peripheral
altitude_oscillation,27.5,2,197.5,60.0,15.2462,5.0,relay_anchor
altitude_oscillation,27.5,3,212.5,31.25,31.8713,5.0249,peripheral
altitude_oscillation,27.5,4,212.5,88.75,52.8201,5.0249,peripheral
altitude_oscillation,27.75,0,183.75,61.125,47.989,5.0249,peripheral
altitude_oscillation,27.75,1,183.75,58.875,24.55,5.0249,peripheral
altitude_oscillation,27.75,2,198.75,60.0,15.5526,5.0,relay_anchor
altitude_oscillation,27.75,3,213.75,31.125,33.4308,5.0249,peripheral
altitude_oscillation,27.75,4,213.75,88.875,53.4776,5.0249,peripheral
altitude_oscillation,28.0,0,185.0,61.0,46.7557,5.0249,peripheral
altitude_oscillation,28.0,1,185.0,59.0,23.2443,5.0249,peripheral
altitude_oscillation,28.0,2,200.0,60.0,15.9789,5.0,relay_anchor
altitude_oscillation,28.0,3,215.0,31.0,35.0,5.0249,peripheral
altitude_oscillation,28.0,4,215.0,89.0,54.0211,5.0249,peripheral
altitude_oscillation,28.25,0,186.25,60.875,45.45,5.0249,peripheral
altitude_oscillation,28.25,1,186.25,59.125,22.011,5.0249,peripheral
altitude_oscillation,28.25,2,201.25,60.0,16.5224,5.0,relay_anchor
altitude_oscillation,28.25,3,216.25,30.875,36.5692,5.0249,peripheral
altitude_oscillation,28.25,4,216.25,89.125,54.4474,5.0249,peripheral
altitude_oscillation,28.5,0,187.5,60.75,44.0798,5.0249,peripheral
altitude_oscillation,28.5,1,187.5,59.25,20.8579,5.0249,peripheral
altitude_oscillation,28.5,2,202.5,60.0,17.1799,5.0,relay_anchor
altitude_oscillation,28.5,3,217.5,30.75,38.1287,5.0249,peripheral
altitude_oscillation,28.5,4,217.5,89.25,54.7538,5.0249,peripheral
altitude_oscillation,28.75,0,188.75,60.625,42.6537,5.0249,peripheral
altitude_oscillation,28.75,1,188.75,59.375,19.7919,5.0249,peripheral
altitude_oscillation,28.75,2,203.75,60.0,17.9472,5.0,relay_anchor
altitude_oscillation,28.75,3,218.75,30.625,39.6689,5.0249,peripheral
altitude_oscillation,28.75,4,218.75,89.375,54.9383,5.0249,peripheral
altitude_oscillation,29.0,0,190.0,60.5,41.1803,5.0249,peripheral
altitude_oscillation,29.0,1,190.0,59.5,18.8197,5.0249,peripheral
altitude_oscillation,29.0,2,205.0,60.0,18.8197,5.0,relay_anchor
altitude_oscillation,29.0,3,220.0,30.5,41.1803,5.0249,peripheral
altitude_oscillation,29.0,4,220.0,89.5,55.0,5.0249,peripheral
altitude_oscillation,29.25,0,191.25,60.375,39.6689,5.0249,peripheral
altitude_oscillation,29.25,1,191.25,59.625,17.9472,5.0249,peripheral
altitude_oscillation,29.25,2,206.25,60.0,19.7919,5.0,relay_anchor
altitude_oscillation,29.25,3,221.25,30.375,42.6537,5.0249,peripheral
altitude_oscillation,29.25,4,221.25,89.625,54.9383,5.0249,peripheral
altitude_oscillation,29.5,0,192.5,60.25,38.1287,5.0249,peripheral
altitude_oscillation,29.5,1,192.5,59.75,17.1799,5.0249,peripheral
altitude_oscillation,29.5,2,207.5,60.0,20.8579,5.0,relay_anchor
altitude_oscillation,29.5,3,222.5,30.25,44.0798,5.0249,peripheral
altitude_oscillation,29.5,4,222.5,89.75,54.7538,5.0249,peripheral
altitude_oscillation,29.75,0,193.75,60.125,36.5692,5.0249,peripheral
altitude_oscillation,29.75,1,193.75,59.875,16.5224,5.0249,peripheral
altitude_oscillation,29.75,2,208.75,60.0,22.011,5.0,relay_anchor
altitude_oscillation,29.75,3,223.75,30.125,45.45,5.0249,peripheral
altitude_oscillation,29.75,4,223.75,89.875,54.4474,5.0249,peripheral
altitude_oscillation,30.0,0,195.0,60.0,35.0,5.0249,peripheral
altitude_oscillation,30.0,1,195.0,60.0,15.9789,5.0249,peripheral
altitude_oscillation,30.0,2,210.0,60.0,23.2443,5.0,relay_anchor
altitude_oscillation,30.0,3,225.0,30.0,46.7557,5.0249,peripheral
altitude_oscillation,30.0,4,225.0,90.0,54.0211,5.0249,peripheral
altitude_oscillation,30.25,0,196.25,59.875,33.4308,5.0249,peripheral
altitude_oscillation,30.25,1,196.25,60.125,15.5526,5.0249,peripheral
altitude_oscillation,30.25,2,211.25,60.0,24.55,5.0,relay_anchor
altitude_oscillation,30.25,3,226.25,29.875,47.989,5.0249,peripheral
altitude_oscillation,30.25,4,226.25,90.125,53.4776,5.0249,peripheral
altitude_oscillation,30.5,0,197.5,59.75,31.8713,5.0249,peripheral
altitude_oscillation,30.5,1,197.5,60.25,15.2462,5.0249,peripheral
altitude_oscillation,30.5,2,212.5,60.0,25.9202,5.0,relay_anchor
altitude_oscillation,30.5,3,227.5,29.75,49.1421,5.0249,peripheral
altitude_oscillation,30.5,4,227.5,90.25,52.8201,5.0249,peripheral
altitude_oscillation,30.75,0,198.75,59.625,30.3311,5.0249,peripheral
altitude_oscillation,30.75,1,198.75,60.375,15.0617,5.0249,peripheral
altitude_oscillation,30.75,2,213.75,60.0,27.3463,5.0,relay_anchor
altitude_oscillation,30.75,3,228.75,29.625,50.2081,5.0249,peripheral
altitude_oscillation,30.75,4,228.75,90.375,52.0528,5.0249,peripheral
altitude_oscillation,31.0,0,200.0,59.5,28.8197,5.0249,peripheral
altitude_oscillation,31.0,1,200.0,60.5,15.0,5.0249,peripheral
altitude_oscillation,31.0,2,215.0,60.0,28.8197,5.0,relay_anchor
altitude_oscillation,31.0,3,230.0,29.5,51.1803,5.0249,peripheral
altitude_oscillation,31.0,4,230.0,90.5,51.1803,5.0249,peripheral
altitude_oscillation,31.25,0,201.25,59.375,27.3463,5.0249,peripheral
altitude_oscillation,31.25,1,201.25,60.625,15.0617,5.0249,peripheral
altitude_oscillation,31.25,2,216.25,60.0,30.3311,5.0,relay_anchor
altitude_oscillation,31.25,3,231.25,29.375,52.0528,5.0249,peripheral
altitude_oscillation,31.25,4,231.25,90.625,50.2081,5.0249,peripheral
altitude_oscillation,31.5,0,202.5,59.25,25.9202,5.0249,peripheral
altitude_oscillation,31.5,1,202.5,60.75,15.2462,5.0249,peripheral
altitude_oscillation,31.5,2,217.5,60.0,31.8713,5.0,relay_anchor
altitude_oscillation,31.5,3,232.5,29.25,52.8201,5.0249,peripheral
altitude_oscillation,31.5,4,232.5,90.75,49.1421,5.0249,peripheral
altitude_oscillation,31.75,0,203.75,59.125,24.55,5.0249,peripheral
altitude_oscillation,31.75,1,203.75,60.875,15.5526,5.0249,peripheral
altitude_oscillation,31.75,2,218.75,60.0,33.4308,5.0,relay_anchor
altitude_oscillation,31.75,3,233.75,29.125,53.4776,5.0249,peripheral
altitude_oscillation,31.75,4,233.75,90.875,47.989,5.0249,peripheral
altitude_oscillation,32.0,0,205.0,59.0,23.2443,5.0249,peripheral
altitude_oscillation,32.0,1,205.0,61.0,15.9789,5.0249,peripheral
altitude_oscillation,32.0,2,220.0,60.0,35.0,5.0,relay_anchor
altitude_oscillation,32.0,3,235.0,29.0,54.0211,5.0249,peripheral
altitude_oscillation,32.0,4,235.0,91.0,46.7557,5.0249,peripheral
altitude_oscillation,32.25,0,206.25,58.875,22.011,5.0249,peripheral
altitude_oscillation,32.25,1,206.25,61.125,16.5224,5.0249,peripheral
altitude_oscillation,32.25,2,221.25,60.0,36.5692,5.0,relay_anchor
altitude_oscillation,32.25,3,236.25,28.875,54.4474,5.0249,peripheral
altitude_oscillation,32.25,4,236.25,91.125,45.45,5.0249,peripheral
altitude_oscillation,32.5,0,207.5,58.75,20.8579,5.0249,peripheral
altitude_oscillation,32.5,1,207.5,61.25,17.1799,5.0249,peripheral
altitude_oscillation,32.5,2,222.5,60.0,38.1287,5.0,relay_anchor
altitude_oscillation,32.5,3,237.5,28.75,54.7538,5.0249,peripheral
altitude_oscillation,32.5,4,237.5,91.25,44.0798,5.0249,peripheral
altitude_oscillation,32.75,0,208.75,58.625,19.7919,5.0249,peripheral
altitude_oscillation,32.75,1,208.75,61.375,17.9472,5.0249,peripheral
altitude_oscillation,32.75,2,223.75,60.0,39.6689,5.0,relay_anchor
altitude_oscillation,32.75,3,238.75,28.625,54.9383,5.0249,peripheral
altitude_oscillation,32.75,4,238.75,91.375,42.6537,5.0249,peripheral
altitude_oscillation,33.0,0,210.0,58.5,18.8197,5.0249,peripheral
altitude_oscillation,33.0,1,210.0,61.5,18.8197,5.0249,peripheral
altitude_oscillation,33.0,2,225.0,60.0,41.1803,5.0,relay_anchor
altitude_oscillation,33.0,3,240.0,28.5,55.0,5.0249,peripheral
altitude_oscillation,33.0,4,240.0,91.5,41.1803,5.0249,peripheral
altitude_oscillation,33.25,0,211.25,58.375,17.9472,5.0249,peripheral
altitude_oscillation,33.25,1,211.25,61.625,19.7919,5.0249,peripheral
altitude_oscillation,33.25,2,226.25,60.0,42.6537,5.0,relay_anchor
altitude_oscillation,33.25,3,241.25,28.375,54.9383,5.0249,peripheral
altitude_oscillation,33.25,4,241.25,91.625,39.6689,5.0249,peripheral
altitude_oscillation,33.5,0,212.5,58.25,17.1799,5.0249,peripheral
altitude_oscillation,33.5,1,212.5,61.75,20.8579,5.0249,peripheral
altitude_oscillation,33.5,2,227.5,60.0,44.0798,5.0,relay_anchor
altitude_oscillation,33.5,3,242.5,28.25,54.7538,5.0249,peripheral
altitude_oscillation,33.5,4,242.5,91.75,38.1287,5.0249,peripheral
altitude_oscillation,33.75,0,213.75,58.125,16.5224,5.0249,peripheral
altitude_oscillation,33.75,1,213.75,61.875,22.011,5.0249,peripheral
altitude_oscillation,33.75,2,228.75,60.0,45.45,5.0,relay_anchor
altitude_oscillation,33.75,3,243.75,28.125,54.4474,5.0249,peripheral
altitude_oscillation,33.75,4,243.75,91.875,36.5692,5.0249,peripheral
altitude_oscillation,34.0,0,215.0,58.0,15.9789,5.0249,peripheral
altitude_oscillation,34.0,1,215.0,62.0,23.2443,5.0249,peripheral
altitude_oscillation,34.0,2,230.0,60.0,46.7557,5.0,relay_anchor
altitude_oscillation,34.0,3,245.0,28.0,54.0211,5.0249,peripheral
altitude_oscillation,34.0,4,245.0,92.0,35.0,5.0249,peripheral
altitude_oscillation,34.25,0,216.25,57.875,15.5526,5.0249,peripheral
altitude_oscillation,34.25,1,216.25,62.125,24.55,5.0249,peripheral
altitude_oscillation,34.25,2,231.25,60.0,47.989,5.0,relay_anchor
altitude_oscillation,34.25,3,246.25,27.875,53.4776,5.0249,peripheral
altitude_oscillation,34.25,4,246.25,92.125,33.4308,5.0249,peripheral
altitude_oscillation,34.5,0,217.5,57.75,15.2462,5.0249,peripheral
altitude_oscillation,34.5,1,217.5,62.25,25.9202,5.0249,peripheral
altitude_oscillation,34.5,2,232.5,60.0,49.1421,5.0,relay_anchor
altitude_oscillation,34.5,3,247.5,27.75,52.8201,5.0249,peripheral
altitude_oscillation,34.5,4,247.5,92.25,31.8713,5.0249,peripheral
altitude_oscillation,34.75,0,218.75,57.625,15.0617,5.0249,peripheral
altitude_oscillation,34.75,1,218.75,62.375,27.3463,5.0249,peripheral
altitude_oscillation,34.75,2,233.75,60.0,50.2081,5.0,relay_anchor
altitude_oscillation,34.75,3,248.75,27.625,52.0528,5.0249,peripheral
altitude_oscillation,34.75,4,248.75,92.375,30.3311,5.0249,peripheral
altitude_oscillation,35.0,0,220.0,57.5,15.0,5.0249,peripheral
altitude_oscillation,35.0,1,220.0,62.5,28.8197,5.0249,peripheral
altitude_oscillation,35.0,2,235.0,60.0,51.1803,5.0,relay_anchor
altitude_oscillation,35.0,3,250.0,27.5,51.1803,5.0249,peripheral
altitude_oscillation,35.0,4,250.0,92.5,28.8197,5.0249,peripheral
altitude_oscillation,35.25,0,221.25,57.375,15.0617,5.0249,peripheral
altitude_oscillation,35.25,1,221.25,62.625,30.3311,5.0249,peripheral
altitude_oscillation,35.25,2,236.25,60.0,52.0528,5.0,relay_anchor
altitude_oscillation,35.25,3,251.25,27.375,50.2081,5.0249,peripheral
altitude_oscillation,35.25,4,251.25,92.625,27.3463,5.0249,peripheral
altitude_oscillation,35.5,0,222.5,57.25,15.2462,5.0249,peripheral
altitude_oscillation,35.5,1,222.5,62.75,31.8713,5.0249,peripheral
altitude_oscillation,35.5,2,237.5,60.0,52.8201,5.0,relay_anchor
altitude_oscillation,35.5,3,252.5,27.25,49.1421,5.0249,peripheral
altitude_oscillation,35.5,4,252.5,92.75,25.9202,5.0249,peripheral
altitude_oscillation,35.75,0,223.75,57.125,15.5526,5.0249,peripheral
altitude_oscillation,35.75,1,223.75,62.875,33.4308,5.0249,peripheral
altitude_oscillation,35.75,2,238.75,60.0,53.4776,5.0,relay_anchor
altitude_oscillation,35.75,3,253.75,27.125,47.989,5.0249,peripheral
altitude_oscillation,35.75,4,253.75,92.875,24.55,5.0249,peripheral
altitude_oscillation,36.0,0,225.0,57.0,15.9789,5.0249,peripheral
altitude_oscillation,36.0,1,225.0,63.0,35.0,5.0249,peripheral
altitude_oscillation,36.0,2,240.0,60.0,54.0211,5.0,relay_anchor
altitude_oscillation,36.0,3,255.0,27.0,46.7557,5.0249,peripheral
altitude_oscillation,36.0,4,255.0,93.0,23.2443,5.0249,peripheral
altitude_oscillation,36.25,0,226.25,56.875,16.5224,5.0249,peripheral
altitude_oscillation,36.25,1,226.25,63.125,36.5692,5.0249,peripheral
altitude_oscillation,36.25,2,241.25,60.0,54.4474,5.0,relay_anchor
altitude_oscillation,36.25,3,256.25,26.875,45.45,5.0249,peripheral
altitude_oscillation,36.25,4,256.25,93.125,22.011,5.0249,peripheral
altitude_oscillation,36.5,0,227.5,56.75,17.1799,5.0249,peripheral
altitude_oscillation,36.5,1,227.5,63.25,38.1287,5.0249,peripheral
altitude_oscillation,36.5,2,242.5,60.0,54.7538,5.0,relay_anchor
altitude_oscillation,36.5,3,257.5,26.75,44.0798,5.0249,peripheral
altitude_oscillation,36.5,4,257.5,93.25,20.8579,5.0249,peripheral
altitude_oscillation,36.75,0,228.75,56.625,17.9472,5.0249,peripheral
altitude_oscillation,36.75,1,228.75,63.375,39.6689,5.0249,peripheral
altitude_oscillation,36.75,2,243.75,60.0,54.9383,5.0,relay_anchor
altitude_oscillation,36.75,3,258.75,26.625,42.6537,5.0249,peripheral
altitude_oscillation,36.75,4,258.75,93.375,19.7919,5.0249,peripheral
altitude_oscillation,37.0,0,230.0,56.5,18.8197,5.0249,peripheral
altitude_oscillation,37.0,1,230.0,63.5,41.1803,5.0249,peripheral
altitude_oscillation,37.0,2,245.0,60.0,55.0,5.0,relay_anchor
altitude_oscillation,37.0,3,260.0,26.5,41.1803,5.0249,peripheral
altitude_oscillation,37.0,4,260.0,93.5,18.8197,5.0249,peripheral
altitude_oscillation,37.25,0,231.25,56.375,19.7919,5.0249,peripheral
altitude_oscillation,37.25,1,231.25,63.625,42.6537,5.0249,peripheral
altitude_oscillation,37.25,2,246.25,60.0,54.9383,5.0,relay_anchor
altitude_oscillation,37.25,3,261.25,26.375,39.6689,5.0249,peripheral
altitude_oscillation,37.25,4,261.25,93.625,17.9472,5.0249,peripheral
altitude_oscillation,37.5,0,232.5,56.25,20.8579,5.0249,peripheral
altitude_oscillation,37.5,1,232.5,63.75,44.0798,5.0249,peripheral
altitude_oscillation,37.5,2,247.5,60.0,54.7538,5.0,relay_anchor
altitude_oscillation,37.5,3,262.5,26.25,38.1287,5.0249,peripheral
altitude_oscillation,37.5,4,262.5,93.75,17.1799,5.0249,peripheral
altitude_oscillation,37.75,0,233.75,56.125,22.011,5.0249,peripheral
altitude_oscillation,37.75,1,233.75,63.875,45.45,5.0249,peripheral
altitude_oscillation,37.75,2,248.75,60.0,54.4474,5.0,relay_anchor
altitude_oscillation,37.75,3,263.75,26.125,36.5692,5.0249,peripheral
altitude_oscillation,37.75,4,263.75,93.875,16.5224,5.0249,peripheral
altitude_oscillation,38.0,0,235.0,56.0,23.2443,5.0249,peripheral
altitude_oscillation,38.0,1,235.0,64.0,46.7557,5.0249,peripheral
altitude_oscillation,38.0,2,250.0,60.0,54.0211,5.0,relay_anchor
altitude_oscillation,38.0,3,265.0,26.0,35.0,5.0249,peripheral
altitude_oscillation,38.0,4,265.0,94.0,15.9789,5.0249,peripheral
altitude_oscillation,38.25,0,236.25,55.875,24.55,5.0249,peripheral
altitude_oscillation,38.25,1,236.25,64.125,47.989,5.0249,peripheral
altitude_oscillation,38.25,2,251.25,60.0,53.4776,5.0,relay_anchor
altitude_oscillation,38.25,3,266.25,25.875,33.4308,5.0249,peripheral
altitude_oscillation,38.25,4,266.25,94.125,15.5526,5.0249,peripheral
altitude_oscillation,38.5,0,237.5,55.75,25.9202,5.0249,peripheral
altitude_oscillation,38.5,1,237.5,64.25,49.1421,5.0249,peripheral
altitude_oscillation,38.5,2,252.5,60.0,52.8201,5.0,relay_anchor
altitude_oscillation,38.5,3,267.5,25.75,31.8713,5.0249,peripheral
altitude_oscillation,38.5,4,267.5,94.25,15.2462,5.0249,peripheral
altitude_oscillation,38.75,0,238.75,55.625,27.3463,5.0249,peripheral
altitude_oscillation,38.75,1,238.75,64.375,50.2081,5.0249,peripheral
altitude_oscillation,38.75,2,253.75,60.0,52.0528,5.0,relay_anchor
altitude_oscillation,38.75,3,268.75,25.625,30.3311,5.0249,peripheral
altitude_oscillation,38.75,4,268.75,94.375,15.0617,5.0249,peripheral
altitude_oscillation,39.0,0,240.0,55.5,28.8197,5.0249,peripheral
altitude_oscillation,39.0,1,240.0,64.5,51.1803,5.0249,peripheral
altitude_oscillation,39.0,2,255.0,60.0,51.1803,5.0,relay_anchor
altitude_oscillation,39.0,3,270.0,25.5,28.8197,5.0249,peripheral
altitude_oscillation,39.0,4,270.0,94.5,15.0,5.0249,peripheral
altitude_oscillation,39.25,0,241.25,55.375,30.3311,5.0249,peripheral
altitude_oscillation,39.25,1,241.25,64.625,52.0528,5.0249,peripheral
altitude_oscillation,39.25,2,256.25,60.0,50.2081,5.0,relay_anchor
altitude_oscillation,39.25,3,271.25,25.375,27.3463,5.0249,peripheral
altitude_oscillation,39.25,4,271.25,94.625,15.0617,5.0249,peripheral
altitude_oscillation,39.5,0,242.5,55.25,31.8713,5.0249,peripheral
altitude_oscillation,39.5,1,242.5,64.75,52.8201,5.0249,peripheral
altitude_oscillation,39.5,2,257.5,60.0,49.1421,5.0,relay_anchor
altitude_oscillation,39.5,3,272.5,25.25,25.9202,5.0249,peripheral
altitude_oscillation,39.5,4,272.5,94.75,15.2462,5.0249,peripheral
altitude_oscillation,39.75,0,243.75,55.125,33.4308,5.0249,peripheral
altitude_oscillation,39.75,1,243.75,64.875,53.4776,5.0249,peripheral
altitude_oscillation,39.75,2,258.75,60.0,47.989,5.0,relay_anchor
altitude_oscillation,39.75,3,273.75,25.125,24.55,5.0249,peripheral
altitude_oscillation,39.75,4,273.75,94.875,15.5526,5.0249,peripheral
altitude_oscillation,40.0,0,245.0,55.0,35.0,5.0249,peripheral
altitude_oscillation,40.0,1,245.0,65.0,54.0211,5.0249,peripheral
altitude_oscillation,40.0,2,260.0,60.0,46.7557,5.0,relay_anchor
altitude_oscillation,40.0,3,275.0,25.0,23.2443,5.0249,peripheral
altitude_oscillation,40.0,4,275.0,95.0,15.9789,5.0249,peripheral
altitude_oscillation,40.25,0,246.25,54.875,36.5692,5.0249,peripheral
altitude_oscillation,40.25,1,246.25,65.125,54.4474,5.0249,peripheral
altitude_oscillation,40.25,2,261.25,60.0,45.45,5.0,relay_anchor
altitude_oscillation,40.25,3,276.25,24.875,22.011,5.0249,peripheral
altitude_oscillation,40.25,4,276.25,95.125,16.5224,5.0249,peripheral
altitude_oscillation,40.5,0,247.5,54.75,38.1287,5.0249,peripheral
altitude_oscillation,40.5,1,247.5,65.25,54.7538,5.0249,peripheral
altitude_oscillation,40.5,2,262.5,60.0,44.0798,5.0,relay_anchor
altitude_oscillation,40.5,3,277.5,24.75,20.8579,5.0249,peripheral
altitude_oscillation,40.5,4,277.5,95.25,17.1799,5.0249,peripheral
altitude_oscillation,40.75,0,248.75,54.625,39.6689,5.0249,peripheral
altitude_oscillation,40.75,1,248.75,65.375,54.9383,5.0249,peripheral
altitude_oscillation,40.75,2,263.75,60.0,42.6537,5.0,relay_anchor
altitude_oscillation,40.75,3,278.75,24.625,19.7919,5.0249,peripheral
altitude_oscillation,40.75,4,278.75,95.375,17.9472,5.0249,peripheral
altitude_oscillation,41.0,0,250.0,54.5,41.1803,5.0249,peripheral
altitude_oscillation,41.0,1,250.0,65.5,55.0,5.0249,peripheral
altitude_oscillation,41.0,2,265.0,60.0,41.1803,5.0,relay_anchor
altitude_oscillation,41.0,3,280.0,24.5,18.8197,5.0249,peripheral
altitude_oscillation,41.0,4,280.0,95.5,18.8197,5.0249,peripheral
altitude_oscillation,41.25,0,251.25,54.375,42.6537,5.0249,peripheral
altitude_oscillation,41.25,1,251.25,65.625,54.9383,5.0249,peripheral
altitude_oscillation,41.25,2,266.25,60.0,39.6689,5.0,relay_anchor
altitude_oscillation,41.25,3,281.25,24.375,17.9472,5.0249,peripheral
altitude_oscillation,41.25,4,281.25,95.625,19.7919,5.0249,peripheral
altitude_oscillation,41.5,0,252.5,54.25,44.0798,5.0249,peripheral
altitude_oscillation,41.5,1,252.5,65.75,54.7538,5.0249,peripheral
altitude_oscillation,41.5,2,267.5,60.0,38.1287,5.0,relay_anchor
altitude_oscillation,41.5,3,282.5,24.25,17.1799,5.0249,peripheral
altitude_oscillation,41.5,4,282.5,95.75,20.8579,5.0249,peripheral
altitude_oscillation,41.75,0,253.75,54.125,45.45,5.0249,peripheral
altitude_oscillation,41.75,1,253.75,65.875,54.4474,5.0249,peripheral
altitude_oscillation,41.75,2,268.75,60.0,36.5692,5.0,relay_anchor
altitude_oscillation,41.75,3,283.75,24.125,16.5224,5.0249,peripheral
altitude_oscillation,41.75,4,283.75,95.875,22.011,5.0249,peripheral
altitude_oscillation,42.0,0,255.0,54.0,46.7557,5.0249,peripheral
altitude_oscillation,42.0,1,255.0,66.0,54.0211,5.0249,peripheral
altitude_oscillation,42.0,2,270.0,60.0,35.0,5.0,relay_anchor
altitude_oscillation,42.0,3,285.0,24.0,15.9789,5.0249,peripheral
altitude_oscillation,42.0,4,285.0,96.0,23.2443,5.0249,peripheral
altitude_oscillation,42.25,0,256.25,53.875,47.989,5.0249,peripheral
altitude_oscillation,42.25,1,256.25,66.125,53.4776,5.0249,peripheral
altitude_oscillation,42.25,2,271.25,60.0,33.4308,5.0,relay_anchor
altitude_oscillation,42.25,3,286.25,23.875,15.5526,5.0249,peripheral
altitude_oscillation,42.25,4,286.25,96.125,24.55,5.0249,peripheral
altitude_oscillation,42.5,0,257.5,53.75,49.1421,5.0249,peripheral
altitude_oscillation,42.5,1,257.5,66.25,52.8201,5.0249,peripheral
altitude_oscillation,42.5,2,272.5,60.0,31.8713,5.0,relay_anchor
altitude_oscillation,42.5,3,287.5,23.75,15.2462,5.0249,peripheral
altitude_oscillation,42.5,4,287.5,96.25,25.9202,5.0249,peripheral
altitude_oscillation,42.75,0,258.75,53.625,50.2081,5.0249,peripheral
altitude_oscillation,42.75,1,258.75,66.375,52.0528,5.0249,peripheral
altitude_oscillation,42.75,2,273.75,60.0,30.3311,5.0,relay_anchor
altitude_oscillation,42.75,3,288.75,23.625,15.0617,5.0249,peripheral
altitude_oscillation,42.75,4,288.75,96.375,27.3463,5.0249,peripheral
altitude_oscillation,43.0,0,260.0,53.5,51.1803,5.0249,peripheral
altitude_oscillation,43.0,1,260.0,66.5,51.1803,5.0249,peripheral
altitude_oscillation,43.0,2,275.0,60.0,28.8197,5.0,relay_anchor
altitude_oscillation,43.0,3,290.0,23.5,15.0,5.0249,peripheral
altitude_oscillation,43.0,4,290.0,96.5,28.8197,5.0249,peripheral
altitude_oscillation,43.25,0,261.25,53.375,52.0528,5.0249,peripheral
altitude_oscillation,43.25,1,261.25,66.625,50.2081,5.0249,peripheral
altitude_oscillation,43.25,2,276.25,60.0,27.3463,5.0,relay_anchor
altitude_oscillation,43.25,3,291.25,23.375,15.0617,5.0249,peripheral
altitude_oscillation,43.25,4,291.25,96.625,30.3311,5.0249,peripheral
altitude_oscillation,43.5,0,262.5,53.25,52.8201,5.0249,peripheral
altitude_oscillation,43.5,1,262.5,66.75,49.1421,5.0249,peripheral
altitude_oscillation,43.5,2,277.5,60.0,25.9202,5.0,relay_anchor
altitude_oscillation,43.5,3,292.5,23.25,15.2462,5.0249,peripheral
altitude_oscillation,43.5,4,292.5,96.75,31.8713,5.0249,peripheral
altitude_oscillation,43.75,0,263.75,53.125,53.4776,5.0249,peripheral
altitude_oscillation,43.75,1,263.75,66.875,47.989,5.0249,peripheral
altitude_oscillation,43.75,2,278.75,60.0,24.55,5.0,relay_anchor
altitude_oscillation,43.75,3,293.75,23.125,15.5526,5.0249,peripheral
altitude_oscillation,43.75,4,293.75,96.875,33.4308,5.0249,peripheral
altitude_oscillation,44.0,0,265.0,53.0,54.0211,5.0249,peripheral
altitude_oscillation,44.0,1,265.0,67.0,46.7557,5.0249,peripheral
altitude_oscillation,44.0,2,280.0,60.0,23.2443,5.0,relay_anchor
altitude_oscillation,44.0,3,295.0,23.0,15.9789,5.0249,peripheral
altitude_oscillation,44.0,4,295.0,97.0,35.0,5.0249,peripheral
altitude_oscillation,44.25,0,266.25,52.875,54.4474,5.0249,peripheral
altitude_oscillation,44.25,1,266.25,67.125,45.45,5.0249,peripheral
altitude_oscillation,44.25,2,281.25,60.0,22.011,5.0,relay_anchor
altitude_oscillation,44.25,3,296.25,22.875,16.5224,5.0249,peripheral
altitude_oscillation,44.25,4,296.25,97.125,36.5692,5.0249,peripheral
altitude_oscillation,44.5,0,267.5,52.75,54.7538,5.0249,peripheral
altitude_oscillation,44.5,1,267.5,67.25,44.0798,5.0249,peripheral
altitude_oscillation,44.5,2,282.5,60.0,20.8579,5.0,relay_anchor
altitude_oscillation,44.5,3,297.5,22.75,17.1799,5.0249,peripheral
altitude_oscillation,44.5,4,297.5,97.25,38.1287,5.0249,peripheral
altitude_oscillation,44.75,0,268.75,52.625,54.9383,5.0249,peripheral
altitude_oscillation,44.75,1,268.75,67.375,42.6537,5.0249,peripheral
altitude_oscillation,44.75,2,283.75,60.0,19.7919,5.0,relay_anchor
altitude_oscillation,44.75,3,298.75,22.625,17.9472,5.0249,peripheral
altitude_oscillation,44.75,4,298.75,97.375,39.6689,5.0249,peripheral
altitude_oscillation,45.0,0,270.0,52.5,55.0,5.0249,peripheral
altitude_oscillation,45.0,1,270.0,67.5,41.1803,5.0249,peripheral
altitude_oscillation,45.0,2,285.0,60.0,18.8197,5.0,relay_anchor
altitude_oscillation,45.0,3,300.0,22.5,18.8197,5.0249,peripheral
altitude_oscillation,45.0,4,300.0,97.5,41.1803,5.0249,peripheral
altitude_oscillation,45.25,0,271.25,52.375,54.9383,5.0249,peripheral
altitude_oscillation,45.25,1,271.25,67.625,39.6689,5.0249,peripheral
altitude_oscillation,45.25,2,286.25,60.0,17.9472,5.0,relay_anchor
altitude_oscillation,45.25,3,301.25,22.375,19.7919,5.0249,peripheral
altitude_oscillation,45.25,4,301.25,97.625,42.6537,5.0249,peripheral
altitude_oscillation,45.5,0,272.5,52.25,54.7538,5.0249,peripheral
altitude_oscillation,45.5,1,272.5,67.75,38.1287,5.0249,peripheral
altitude_oscillation,45.5,2,287.5,60.0,17.1799,5.0,relay_anchor
altitude_oscillation,45.5,3,302.5,22.25,20.8579,5.0249,peripheral
altitude_oscillation,45.5,4,302.5,97.75,44.0798,5.0249,peripheral
altitude_oscillation,45.75,0,273.75,52.125,54.4474,5.0249,peripheral
altitude_oscillation,45.75,1,273.75,67.875,36.5692,5.0249,peripheral
altitude_oscillation,45.75,2,288.75,60.0,16.5224,5.0,relay_anchor
altitude_oscillation,45.75,3,303.75,22.125,22.011,5.0249,peripheral
altitude_oscillation,45.75,4,303.75,97.875,45.45,5.0249,peripheral
altitude_oscillation,46.0,0,275.0,52.0,54.0211,5.0249,peripheral
altitude_oscillation,46.0,1,275.0,68.0,35.0,5.0249,peripheral
altitude_oscillation,46.0,2,290.0,60.0,15.9789,5.0,relay_anchor
altitude_oscillation,46.0,3,305.0,22.0,23.2443,5.0249,peripheral
altitude_oscillation,46.0,4,305.0,98.0,46.7557,5.0249,peripheral
altitude_oscillation,46.25,0,276.25,51.875,53.4776,5.0249,peripheral
altitude_oscillation,46.25,1,276.25,68.125,33.4308,5.0249,peripheral
altitude_oscillation,46.25,2,291.25,60.0,15.5526,5.0,relay_anchor
altitude_oscillation,46.25,3,306.25,21.875,24.55,5.0249,peripheral
altitude_oscillation,46.25,4,306.25,98.125,47.989,5.0249,peripheral
altitude_oscillation,46.5,0,277.5,51.75,52.8201,5.0249,peripheral
altitude_oscillation,46.5,1,277.5,68.25,31.8713,5.0249,peripheral
altitude_oscillation,46.5,2,292.5,60.0,15.2462,5.0,relay_anchor
altitude_oscillation,46.5,3,307.5,21.75,25.9202,5.0249,peripheral
altitude_oscillation,46.5,4,307.5,98.25,49.1421,5.0249,peripheral
altitude_oscillation,46.75,0,278.75,51.625,52.0528,5.0249,peripheral
altitude_oscillation,46.75,1,278.75,68.375,30.3311,5.0249,peripheral
altitude_oscillation,46.75,2,293.75,60.0,15.0617,5.0,relay_anchor
altitude_oscillation,46.75,3,308.75,21.625,27.3463,5.0249,peripheral
altitude_oscillation,46.75,4,308.75,98.375,50.2081,5.0249,peripheral
altitude_oscillation,47.0,0,280.0,51.5,51.1803,5.0249,peripheral
altitude_oscillation,47.0,1,280.0,68.5,28.8197,5.0249,peripheral
altitude_oscillation,47.0,2,295.0,60.0,15.0,5.0,relay_anchor
altitude_oscillation,47.0,3,310.0,21.5,28.8197,5.0249,peripheral
altitude_oscillation,47.0,4,310.0,98.5,51.1803,5.0249,peripheral
altitude_oscillation,47.25,0,281.25,51.375,50.2081,5.0249,peripheral
altitude_oscillation,47.25,1,281.25,68.625,27.3463,5.0249,peripheral
altitude_oscillation,47.25,2,296.25,60.0,15.0617,5.0,relay_anchor
altitude_oscillation,47.25,3,311.25,21.375,30.3311,5.0249,peripheral
altitude_oscillation,47.25,4,311.25,98.625,52.0528,5.0249,peripheral
altitude_oscillation,47.5,0,282.5,51.25,49.1421,5.0249,peripheral
altitude_oscillation,47.5,1,282.5,68.75,25.9202,5.0249,peripheral
altitude_oscillation,47.5,2,297.5,60.0,15.2462,5.0,relay_anchor
altitude_oscillation,47.5,3,312.5,21.25,31.8713,5.0249,peripheral
altitude_oscillation,47.5,4,312.5,98.75,52.8201,5.0249,peripheral
altitude_oscillation,47.75,0,283.75,51.125,47.989,5.0249,peripheral
altitude_oscillation,47.75,1,283.75,68.875,24.55,5.0249,peripheral
altitude_oscillation,47.75,2,298.75,60.0,15.5526,5.0,relay_anchor
altitude_oscillation,47.75,3,313.75,21.125,33.4308,5.0249,peripheral
altitude_oscillation,47.75,4,313.75,98.875,53.4776,5.0249,peripheral
altitude_oscillation,48.0,0,285.0,51.0,46.7557,5.0249,peripheral
altitude_oscillation,48.0,1,285.0,69.0,23.2443,5.0249,peripheral
altitude_oscillation,48.0,2,300.0,60.0,15.9789,5.0,relay_anchor
altitude_oscillation,48.0,3,315.0,21.0,35.0,5.0249,peripheral
altitude_oscillation,48.0,4,315.0,99.0,54.0211,5.0249,peripheral
altitude_oscillation,48.25,0,286.25,50.875,45.45,5.0249,peripheral
altitude_oscillation,48.25,1,286.25,69.125,22.011,5.0249,peripheral
altitude_oscillation,48.25,2,301.25,60.0,16.5224,5.0,relay_anchor
altitude_oscillation,48.25,3,316.25,20.875,36.5692,5.0249,peripheral
altitude_oscillation,48.25,4,316.25,99.125,54.4474,5.0249,peripheral
altitude_oscillation,48.5,0,287.5,50.75,44.0798,5.0249,peripheral
altitude_oscillation,48.5,1,287.5,69.25,20.8579,5.0249,peripheral
altitude_oscillation,48.5,2,302.5,60.0,17.1799,5.0,relay_anchor
altitude_oscillation,48.5,3,317.5,20.75,38.1287,5.0249,peripheral
altitude_oscillation,48.5,4,317.5,99.25,54.7538,5.0249,peripheral
altitude_oscillation,48.75,0,288.75,50.625,42.6537,5.0249,peripheral
altitude_oscillation,48.75,1,288.75,69.375,19.7919,5.0249,peripheral
altitude_oscillation,48.75,2,303.75,60.0,17.9472,5.0,relay_anchor
altitude_oscillation,48.75,3,318.75,20.625,39.6689,5.0249,peripheral
altitude_oscillation,48.75,4,318.75,99.375,54.9383,5.0249,peripheral
altitude_oscillation,49.0,0,290.0,50.5,41.1803,5.0249,peripheral
altitude_oscillation,49.0,1,290.0,69.5,18.8197,5.0249,peripheral
altitude_oscillation,49.0,2,305.0,60.0,18.8197,5.0,relay_anchor
altitude_oscillation,49.0,3,320.0,20.5,41.1803,5.0249,peripheral
altitude_oscillation,49.0,4,320.0,99.5,55.0,5.0249,peripheral
altitude_oscillation,49.25,0,291.25,50.375,39.6689,5.0249,peripheral
altitude_oscillation,49.25,1,291.25,69.625,17.9472,5.0249,peripheral
altitude_oscillation,49.25,2,306.25,60.0,19.7919,5.0,relay_anchor
altitude_oscillation,49.25,3,321.25,20.375,42.6537,5.0249,peripheral
altitude_oscillation,49.25,4,321.25,99.625,54.9383,5.0249,peripheral
altitude_oscillation,49.5,0,292.5,50.25,38.1287,5.0249,peripheral
altitude_oscillation,49.5,1,292.5,69.75,17.1799,5.0249,peripheral
altitude_oscillation,49.5,2,307.5,60.0,20.8579,5.0,relay_anchor
altitude_oscillation,49.5,3,322.5,20.25,44.0798,5.0249,peripheral
altitude_oscillation,49.5,4,322.5,99.75,54.7538,5.0249,peripheral
altitude_oscillation,49.75,0,293.75,50.125,36.5692,5.0249,peripheral
altitude_oscillation,49.75,1,293.75,69.875,16.5224,5.0249,peripheral
altitude_oscillation,49.75,2,308.75,60.0,22.011,5.0,relay_anchor
altitude_oscillation,49.75,3,323.75,20.125,45.45,5.0249,peripheral
altitude_oscillation,49.75,4,323.75,99.875,54.4474,5.0249,peripheral
altitude_oscillation,50.0,0,295.0,50.0,35.0,5.0249,peripheral
altitude_oscillation,50.0,1,295.0,70.0,15.9789,5.0249,peripheral
altitude_oscillation,50.0,2,310.0,60.0,23.2443,5.0,relay_anchor
altitude_oscillation,50.0,3,325.0,20.0,46.7557,5.0249,peripheral
altitude_oscillation,50.0,4,325.0,100.0,54.0211,5.0249,peripheral
altitude_oscillation,50.25,0,296.25,49.875,33.4308,5.0249,peripheral
altitude_oscillation,50.25,1,296.25,70.125,15.5526,5.0249,peripheral
altitude_oscillation,50.25,2,311.25,60.0,24.55,5.0,relay_anchor
altitude_oscillation,50.25,3,326.25,19.875,47.989,5.0249,peripheral
altitude_oscillation,50.25,4,326.25,100.125,53.4776,5.0249,peripheral
altitude_oscillation,50.5,0,297.5,49.75,31.8713,5.0249,peripheral
altitude_oscillation,50.5,1,297.5,70.25,15.2462,5.0249,peripheral
altitude_oscillation,50.5,2,312.5,60.0,25.9202,5.0,relay_anchor
altitude_oscillation,50.5,3,327.5,19.75,49.1421,5.0249,peripheral
altitude_oscillation,50.5,4,327.5,100.25,52.8201,5.0249,peripheral
altitude_oscillation,50.75,0,298.75,49.625,30.3311,5.0249,peripheral
altitude_oscillation,50.75,1,298.75,70.375,15.0617,5.0249,peripheral
altitude_oscillation,50.75,2,313.75,60.0,27.3463,5.0,relay_anchor
altitude_oscillation,50.75,3,328.75,19.625,50.2081,5.0249,peripheral
altitude_oscillation,50.75,4,328.75,100.375,52.0528,5.0249,peripheral
altitude_oscillation,51.0,0,300.0,49.5,28.8197,5.0249,peripheral
altitude_oscillation,51.0,1,300.0,70.5,15.0,5.0249,peripheral
altitude_oscillation,51.0,2,315.0,60.0,28.8197,5.0,relay_anchor
altitude_oscillation,51.0,3,330.0,19.5,51.1803,5.0249,peripheral
altitude_oscillation,51.0,4,330.0,100.5,51.1803,5.0249,peripheral
altitude_oscillation,51.25,0,301.25,49.375,27.3463,5.0249,peripheral
altitude_oscillation,51.25,1,301.25,70.625,15.0617,5.0249,peripheral
altitude_oscillation,51.25,2,316.25,60.0,30.3311,5.0,relay_anchor
altitude_oscillation,51.25,3,331.25,19.375,52.0528,5.0249,peripheral
altitude_oscillation,51.25,4,331.25,100.625,50.2081,5.0249,peripheral
altitude_oscillation,51.5,0,302.5,49.25,25.9202,5.0249,peripheral
altitude_oscillation,51.5,1,302.5,70.75,15.2462,5.0249,peripheral
altitude_oscillation,51.5,2,317.5,60.0,31.8713,5.0,relay_anchor
altitude_oscillation,51.5,3,332.5,19.25,52.8201,5.0249,peripheral
altitude_oscillation,51.5,4,332.5,100.75,49.1421,5.0249,peripheral
altitude_oscillation,51.75,0,303.75,49.125,24.55,5.0249,peripheral
altitude_oscillation,51.75,1,303.75,70.875,15.5526,5.0249,peripheral
altitude_oscillation,51.75,2,318.75,60.0,33.4308,5.0,relay_anchor
altitude_oscillation,51.75,3,333.75,19.125,53.4776,5.0249,peripheral
altitude_oscillation,51.75,4,333.75,100.875,47.989,5.0249,peripheral
altitude_oscillation,52.0,0,305.0,49.0,23.2443,5.0249,peripheral
altitude_oscillation,52.0,1,305.0,71.0,15.9789,5.0249,peripheral
altitude_oscillation,52.0,2,320.0,60.0,35.0,5.0,relay_anchor
altitude_oscillation,52.0,3,335.0,19.0,54.0211,5.0249,peripheral
altitude_oscillation,52.0,4,335.0,101.0,46.7557,5.0249,peripheral
altitude_oscillation,52.25,0,306.25,48.875,22.011,5.0249,peripheral
altitude_oscillation,52.25,1,306.25,71.125,16.5224,5.0249,peripheral
altitude_oscillation,52.25,2,321.25,60.0,36.5692,5.0,relay_anchor
altitude_oscillation,52.25,3,336.25,18.875,54.4474,5.0249,peripheral
altitude_oscillation,52.25,4,336.25,101.125,45.45,5.0249,peripheral
altitude_oscillation,52.5,0,307.5,48.75,20.8579,5.0249,peripheral
altitude_oscillation,52.5,1,307.5,71.25,17.1799,5.0249,peripheral
altitude_oscillation,52.5,2,322.5,60.0,38.1287,5.0,relay_anchor
altitude_oscillation,52.5,3,337.5,18.75,54.7538,5.0249,peripheral
altitude_oscillation,52.5,4,337.5,101.25,44.0798,5.0249,peripheral
altitude_oscillation,52.75,0,308.75,48.625,19.7919,5.0249,peripheral
altitude_oscillation,52.75,1,308.75,71.375,17.9472,5.0249,peripheral
altitude_oscillation,52.75,2,323.75,60.0,39.6689,5.0,relay_anchor
altitude_oscillation,52.75,3,338.75,18.625,54.9383,5.0249,peripheral
altitude_oscillation,52.75,4,338.75,101.375,42.6537,5.0249,peripheral
altitude_oscillation,53.0,0,310.0,48.5,18.8197,5.0249,peripheral
altitude_oscillation,53.0,1,310.0,71.5,18.8197,5.0249,peripheral
altitude_oscillation,53.0,2,325.0,60.0,41.1803,5.0,relay_anchor
altitude_oscillation,53.0,3,340.0,18.5,55.0,5.0249,peripheral
altitude_oscillation,53.0,4,340.0,101.5,41.1803,5.0249,peripheral
altitude_oscillation,53.25,0,311.25,48.375,17.9472,5.0249,peripheral
altitude_oscillation,53.25,1,311.25,71.625,19.7919,5.0249,peripheral
altitude_oscillation,53.25,2,326.25,60.0,42.6537,5.0,relay_anchor
altitude_oscillation,53.25,3,341.25,18.375,54.9383,5.0249,peripheral
altitude_oscillation,53.25,4,341.25,101.625,39.6689,5.0249,peripheral
altitude_oscillation,53.5,0,312.5,48.25,17.1799,5.0249,peripheral
altitude_oscillation,53.5,1,312.5,71.75,20.8579,5.0249,peripheral
altitude_oscillation,53.5,2,327.5,60.0,44.0798,5.0,relay_anchor
altitude_oscillation,53.5,3,342.5,18.25,54.7538,5.0249,peripheral
altitude_oscillation,53.5,4,342.5,101.75,38.1287,5.0249,peripheral
altitude_oscillation,53.75,0,313.75,48.125,16.5224,5.0249,peripheral
altitude_oscillation,53.75,1,313.75,71.875,22.011,5.0249,peripheral
altitude_oscillation,53.75,2,328.75,60.0,45.45,5.0,relay_anchor
altitude_oscillation,53.75,3,343.75,18.125,54.4474,5.0249,peripheral
altitude_oscillation,53.75,4,343.75,101.875,36.5692,5.0249,peripheral
altitude_oscillation,54.0,0,315.0,48.0,15.9789,5.0249,peripheral
altitude_oscillation,54.0,1,315.0,72.0,23.2443,5.0249,peripheral
altitude_oscillation,54.0,2,330.0,60.0,46.7557,5.0,relay_anchor
altitude_oscillation,54.0,3,345.0,18.0,54.0211,5.0249,peripheral
altitude_oscillation,54.0,4,345.0,102.0,35.0,5.0249,peripheral
altitude_oscillation,54.25,0,316.25,47.875,15.5526,5.0249,peripheral
altitude_oscillation,54.25,1,316.25,72.125,24.55,5.0249,peripheral
altitude_oscillation,54.25,2,331.25,60.0,47.989,5.0,relay_anchor
altitude_oscillation,54.25,3,346.25,17.875,53.4776,5.0249,peripheral
altitude_oscillation,54.25,4,346.25,102.125,33.4308,5.0249,peripheral
altitude_oscillation,54.5,0,317.5,47.75,15.2462,5.0249,peripheral
altitude_oscillation,54.5,1,317.5,72.25,25.9202,5.0249,peripheral
altitude_oscillation,54.5,2,332.5,60.0,49.1421,5.0,relay_anchor
altitude_oscillation,54.5,3,347.5,17.75,52.8201,5.0249,peripheral
altitude_oscillation,54.5,4,347.5,102.25,31.8713,5.0249,peripheral
altitude_oscillation,54.75,0,318.75,47.625,15.0617,5.0249,peripheral
altitude_oscillation,54.75,1,318.75,72.375,27.3463,5.0249,peripheral
altitude_oscillation,54.75,2,333.75,60.0,50.2081,5.0,relay_anchor
altitude_oscillation,54.75,3,348.75,17.625,52.0528,5.0249,peripheral
altitude_oscillation,54.75,4,348.75,102.375,30.3311,5.0249,peripheral
altitude_oscillation,55.0,0,320.0,47.5,15.0,5.0249,peripheral
altitude_oscillation,55.0,1,320.0,72.5,28.8197,5.0249,peripheral
altitude_oscillation,55.0,2,335.0,60.0,51.1803,5.0,relay_anchor
altitude_oscillation,55.0,3,350.0,17.5,51.1803,5.0249,peripheral
altitude_oscillation,55.0,4,350.0,102.5,28.8197,5.0249,peripheral
altitude_oscillation,55.25,0,321.25,47.375,15.0617,5.0249,peripheral
altitude_oscillation,55.25,1,321.25,72.625,30.3311,5.0249,peripheral
altitude_oscillation,55.25,2,336.25,60.0,52.0528,5.0,relay_anchor
altitude_oscillation,55.25,3,351.25,17.375,50.2081,5.0249,peripheral
altitude_oscillation,55.25,4,351.25,102.625,27.3463,5.0249,peripheral
altitude_oscillation,55.5,0,322.5,47.25,15.2462,5.0249,peripheral
altitude_oscillation,55.5,1,322.5,72.75,31.8713,5.0249,peripheral
altitude_oscillation,55.5,2,337.5,60.0,52.8201,5.0,relay_anchor
altitude_oscillation,55.5,3,352.5,17.25,49.1421,5.0249,peripheral
altitude_oscillation,55.5,4,352.5,102.75,25.9202,5.0249,peripheral
altitude_oscillation,55.75,0,323.75,47.125,15.5526,5.0249,peripheral
altitude_oscillation,55.75,1,323.75,72.875,33.4308,5.0249,peripheral
altitude_oscillation,55.75,2,338.75,60.0,53.4776,5.0,relay_anchor
altitude_oscillation,55.75,3,353.75,17.125,47.989,5.0249,peripheral
altitude_oscillation,55.75,4,353.75,102.875,24.55,5.0249,peripheral
altitude_oscillation,56.0,0,325.0,47.0,15.9789,5.0249,peripheral
altitude_oscillation,56.0,1,325.0,73.0,35.0,5.0249,peripheral
altitude_oscillation,56.0,2,340.0,60.0,54.0211,5.0,relay_anchor
altitude_oscillation,56.0,3,355.0,17.0,46.7557,5.0249,peripheral
altitude_oscillation,56.0,4,355.0,103.0,23.2443,5.0249,peripheral
altitude_oscillation,56.25,0,326.25,46.875,16.5224,5.0249,peripheral
altitude_oscillation,56.25,1,326.25,73.125,36.5692,5.0249,peripheral
altitude_oscillation,56.25,2,341.25,60.0,54.4474,5.0,relay_anchor
altitude_oscillation,56.25,3,356.25,16.875,45.45,5.0249,peripheral
altitude_oscillation,56.25,4,356.25,103.125,22.011,5.0249,peripheral
altitude_oscillation,56.5,0,327.5,46.75,17.1799,5.0249,peripheral
altitude_oscillation,56.5,1,327.5,73.25,38.1287,5.0249,peripheral
altitude_oscillation,56.5,2,342.5,60.0,54.7538,5.0,relay_anchor
altitude_oscillation,56.5,3,357.5,16.75,44.0798,5.0249,peripheral
altitude_oscillation,56.5,4,357.5,103.25,20.8579,5.0249,peripheral
altitude_oscillation,56.75,0,328.75,46.625,17.9472,5.0249,peripheral
altitude_oscillation,56.75,1,328.75,73.375,39.6689,5.0249,peripheral
altitude_oscillation,56.75,2,343.75,60.0,54.9383,5.0,relay_anchor
altitude_oscillation,56.75,3,358.75,16.625,42.6537,5.0249,peripheral
altitude_oscillation,56.75,4,358.75,103.375,19.7919,5.0249,peripheral
altitude_oscillation,57.0,0,330.0,46.5,18.8197,5.0249,peripheral
altitude_oscillation,57.0,1,330.0,73.5,41.1803,5.0249,peripheral
altitude_oscillation,57.0,2,345.0,60.0,55.0,5.0,relay_anchor
altitude_oscillation,57.0,3,360.0,16.5,41.1803,5.0249,peripheral
altitude_oscillation,57.0,4,360.0,103.5,18.8197,5.0249,peripheral
altitude_oscillation,57.25,0,331.25,46.375,19.7919,5.0249,peripheral
altitude_oscillation,57.25,1,331.25,73.625,42.6537,5.0249,peripheral
altitude_oscillation,57.25,2,346.25,60.0,54.9383,5.0,relay_anchor
altitude_oscillation,57.25,3,361.25,16.375,39.6689,5.0249,peripheral
altitude_oscillation,57.25,4,361.25,103.625,17.9472,5.0249,peripheral
altitude_oscillation,57.5,0,332.5,46.25,20.8579,5.0249,peripheral
altitude_oscillation,57.5,1,332.5,73.75,44.0798,5.0249,peripheral
altitude_oscillation,57.5,2,347.5,60.0,54.7538,5.0,relay_anchor
altitude_oscillation,57.5,3,362.5,16.25,38.1287,5.0249,peripheral
altitude_oscillation,57.5,4,362.5,103.75,17.1799,5.0249,peripheral
altitude_oscillation,57.75,0,333.75,46.125,22.011,5.0249,peripheral
altitude_oscillation,57.75,1,333.75,73.875,45.45,5.0249,peripheral
altitude_oscillation,57.75,2,348.75,60.0,54.4474,5.0,relay_anchor
altitude_oscillation,57.75,3,363.75,16.125,36.5692,5.0249,peripheral
altitude_oscillation,57.75,4,363.75,103.875,16.5224,5.0249,peripheral
altitude_oscillation,58.0,0,335.0,46.0,23.2443,5.0249,peripheral
altitude_oscillation,58.0,1,335.0,74.0,46.7557,5.0249,peripheral
altitude_oscillation,58.0,2,350.0,60.0,54.0211,5.0,relay_anchor
altitude_oscillation,58.0,3,365.0,16.0,35.0,5.0249,peripheral
altitude_oscillation,58.0,4,365.0,104.0,15.9789,5.0249,peripheral
altitude_oscillation,58.25,0,336.25,45.875,24.55,5.0249,peripheral
altitude_oscillation,58.25,1,336.25,74.125,47.989,5.0249,peripheral
altitude_oscillation,58.25,2,351.25,60.0,53.4776,5.0,relay_anchor
altitude_oscillation,58.25,3,366.25,15.875,33.4308,5.0249,peripheral
altitude_oscillation,58.25,4,366.25,104.125,15.5526,5.0249,peripheral
altitude_oscillation,58.5,0,337.5,45.75,25.9202,5.0249,peripheral
altitude_oscillation,58.5,1,337.5,74.25,49.1421,5.0249,peripheral
altitude_oscillation,58.5,2,352.5,60.0,52.8201,5.0,relay_anchor
altitude_oscillation,58.5,3,367.5,15.75,31.8713,5.0249,peripheral
altitude_oscillation,58.5,4,367.5,104.25,15.2462,5.0249,peripheral
altitude_oscillation,58.75,0,338.75,45.625,27.3463,5.0249,peripheral
altitude_oscillation,58.75,1,338.75,74.375,50.2081,5.0249,peripheral
altitude_oscillation,58.75,2,353.75,60.0,52.0528,5.0,relay_anchor
altitude_oscillation,58.75,3,368.75,15.625,30.3311,5.0249,peripheral
altitude_oscillation,58.75,4,368.75,104.375,15.0617,5.0249,peripheral
altitude_oscillation,59.0,0,340.0,45.5,28.8197,5.0249,peripheral
altitude_oscillation,59.0,1,340.0,74.5,51.1803,5.0249,peripheral
altitude_oscillation,59.0,2,355.0,60.0,51.1803,5.0,relay_anchor
altitude_oscillation,59.0,3,370.0,15.5,28.8197,5.0249,peripheral
altitude_oscillation,59.0,4,370.0,104.5,15.0,5.0249,peripheral
altitude_oscillation,59.25,0,341.25,45.375,30.3311,5.0249,peripheral
altitude_oscillation,59.25,1,341.25,74.625,52.0528,5.0249,peripheral
altitude_oscillation,59.25,2,356.25,60.0,50.2081,5.0,relay_anchor
altitude_oscillation,59.25,3,371.25,15.375,27.3463,5.0249,peripheral
altitude_oscillation,59.25,4,371.25,104.625,15.0617,5.0249,peripheral
altitude_oscillation,59.5,0,342.5,45.25,31.8713,5.0249,peripheral
altitude_oscillation,59.5,1,342.5,74.75,52.8201,5.0249,peripheral
altitude_oscillation,59.5,2,357.5,60.0,49.1421,5.0,relay_anchor
altitude_oscillation,59.5,3,372.5,15.25,25.9202,5.0249,peripheral
altitude_oscillation,59.5,4,372.5,104.75,15.2462,5.0249,peripheral
altitude_oscillation,59.75,0,343.75,45.125,33.4308,5.0249,peripheral
altitude_oscillation,59.75,1,343.75,74.875,53.4776,5.0249,peripheral
altitude_oscillation,59.75,2,358.75,60.0,47.989,5.0,relay_anchor
altitude_oscillation,59.75,3,373.75,15.125,24.55,5.0249,peripheral
altitude_oscillation,59.75,4,373.75,104.875,15.5526,5.0249,peripheral
altitude_oscillation,60.0,0,345.0,45.0,35.0,5.0249,peripheral
altitude_oscillation,60.0,1,345.0,75.0,54.0211,5.0249,peripheral
altitude_oscillation,60.0,2,360.0,60.0,46.7557,5.0,relay_anchor
altitude_oscillation,60.0,3,375.0,15.0,23.2443,5.0249,peripheral
altitude_oscillation,60.0,4,375.0,105.0,15.9789,5.0249,peripheral
dive_and_rise,0.0,0,95.0,80.0,50.0,0.0,peripheral
dive_and_rise,0.0,1,95.0,40.0,50.0,0.0,peripheral
dive_and_rise,0.0,2,95.0,60.0,50.0,0.0,relay_anchor
dive_and_rise,0.0,3,95.0,65.0,50.0,0.0,peripheral
dive_and_rise,0.0,4,95.0,55.0,50.0,0.0,peripheral
dive_and_rise,0.25,0,95.5,80.0,49.4375,0.0,peripheral
dive_and_rise,0.25,1,95.5,40.0,49.4375,0.0,peripheral
dive_and_rise,0.25,2,95.0,60.0,49.4375,0.0,relay_anchor
dive_and_rise,0.25,3,94.5,65.0,49.4375,0.0,peripheral
dive_and_rise,0.25,4,94.5,55.0,49.4375,0.0,peripheral
dive_and_rise,0.5,0,96.0,80.0,48.875,0.0,peripheral
dive_and_rise,0.5,1,96.0,40.0,48.875,0.0,peripheral
dive_and_rise,0.5,2,95.0,60.0,48.875,0.0,relay_anchor
dive_and_rise,0.5,3,94.0,65.0,48.875,0.0,peripheral
dive_and_rise,0.5,4,94.0,55.0,48.875,0.0,peripheral
dive_and_rise,0.75,0,96.5,80.0,48.3125,0.0,peripheral
dive_and_rise,0.75,1,96.5,40.0,48.3125,0.0,peripheral
dive_and_rise,0.75,2,95.0,60.0,48.3125,0.0,relay_anchor
dive_and_rise,0.75,3,93.5,65.0,48.3125,0.0,peripheral
dive_and_rise,0.75,4,93.5,55.0,48.3125,0.0,peripheral
dive_and_rise,1.0,0,97.0,80.0,47.75,0.0,peripheral
dive_and_rise,1.0,1,97.0,40.0,47.75,0.0,peripheral
dive_and_rise,1.0,2,95.0,60.0,47.75,0.0,relay_anchor
dive_and_rise,1.0,3,93.0,65.0,47.75,0.0,peripheral
dive_and_rise,1.0,4,93.0,55.0,47.75,0.0,peripheral
dive_and_rise,1.25,0,97.5,80.0,47.1875,0.0,peripheral
dive_and_rise,1.25,1,97.5,40.0,47.1875,0.0,peripheral
dive_and_rise,1.25,2,95.0,60.0,47.1875,0.0,relay_anchor
dive_and_rise,1.25,3,92.5,65.0,47.1875,0.0,peripheral
dive_and_rise,1.25,4,92.5,55.0,47.1875,0.0,peripheral
dive_and_rise,1.5,0,98.0,80.0,46.625,0.0,peripheral
dive_and_rise,1.5,1,98.0,40.0,46.625,0.0,peripheral
dive_and_rise,1.5,2,95.0,60.0,46.625,0.0,relay_anchor
dive_and_rise,1.5,3,92.0,65.0,46.625,0.0,peripheral
dive_and_rise,1.5,4,92.0,55.0,46.625,0.0,peripheral
dive_and_rise,1.75,0,98.5,80.0,46.0625,0.0,peripheral
dive_and_rise,1.75,1,98.5,40.0,46.0625,0.0,peripheral
dive_and_rise,1.75,2,95.0,60.0,46.0625,0.0,relay_anchor
dive_and_rise,1.75,3,91.5,65.0,46.0625,0.0,peripheral
dive_and_rise,1.75,4,91.5,55.0,46.0625,0.0,peripheral
dive_and_rise,2.0,0,99.0,80.0,45.5,0.0,peripheral
dive_and_rise,2.0,1,99.0,40.0,45.5,0.0,peripheral
dive_and_rise,2.0,2,95.0,60.0,45.5,0.0,relay_anchor
dive_and_rise,2.0,3,91.0,65.0,45.5,0.0,peripheral
dive_and_rise,2.0,4,91.0,55.0,45.5,0.0,peripheral
dive_and_rise,2.25,0,99.5,80.0,44.9375,0.0,peripheral
dive_and_rise,2.25,1,99.5,40.0,44.9375,0.0,peripheral
dive_and_rise,2.25,2,95.0,60.0,44.9375,0.0,relay_anchor
dive_and_rise,2.25,3,90.5,65.0,44.9375,0.0,peripheral
dive_and_rise,2.25,4,90.5,55.0,44.9375,0.0,peripheral
dive_and_rise,2.5,0,100.0,80.0,44.375,0.0,peripheral
dive_and_rise,2.5,1,100.0,40.0,44.375,0.0,peripheral
dive_and_rise,2.5,2,95.0,60.0,44.375,0.0,relay_anchor
dive_and_rise,2.5,3,90.0,65.0,44.375,0.0,peripheral
dive_and_rise,2.5,4,90.0,55.0,44.375,0.0,peripheral
dive_and_rise,2.75,0,100.5,80.0,43.8125,0.0,peripheral
dive_and_rise,2.75,1,100.5,40.0,43.8125,0.0,peripheral
dive_and_rise,2.75,2,95.0,60.0,43.8125,0.0,relay_anchor
dive_and_rise,2.75,3,89.5,65.0,43.8125,0.0,peripheral
dive_and_rise,2.75,4,89.5,55.0,43.8125,0.0,peripheral
dive_and_rise,3.0,0,101.0,80.0,43.25,0.0,peripheral
dive_and_rise,3.0,1,101.0,40.0,43.25,0.0,peripheral
dive_and_rise,3.0,2,95.0,60.0,43.25,0.0,relay_anchor
dive_and_rise,3.0,3,89.0,65.0,43.25,0.0,peripheral
dive_and_rise,3.0,4,89.0,55.0,43.25,0.0,peripheral
dive_and_rise,3.25,0,101.5,80.0,42.6875,0.0,peripheral
dive_and_rise,3.25,1,101.5,40.0,42.6875,0.0,peripheral
dive_and_rise,3.25,2,95.0,60.0,42.6875,0.0,relay_anchor
dive_and_rise,3.25,3,88.5,65.0,42.6875,0.0,peripheral
dive_and_rise,3.25,4,88.5,55.0,42.6875,0.0,peripheral
dive_and_rise,3.5,0,102.0,80.0,42.125,0.0,peripheral
dive_and_rise,3.5,1,102.0,40.0,42.125,0.0,peripheral
dive_and_rise,3.5,2,95.0,60.0,42.125,0.0,relay_anchor
dive_and_rise,3.5,3,88.0,65.0,42.125,0.0,peripheral
dive_and_rise,3.5,4,88.0,55.0,42.125,0.0,peripheral
dive_and_rise,3.75,0,102.5,80.0,41.5625,0.0,peripheral
dive_and_rise,3.75,1,102.5,40.0,41.5625,0.0,peripheral
dive_and_rise,3.75,2,95.0,60.0,41.5625,0.0,relay_anchor
dive_and_rise,3.75,3,87.5,65.0,41.5625,0.0,peripheral
dive_and_rise,3.75,4,87.5,55.0,41.5625,0.0,peripheral
dive_and_rise,4.0,0,103.0,80.0,41.0,0.0,peripheral
dive_and_rise,4.0,1,103.0,40.0,41.0,0.0,peripheral
dive_and_rise,4.0,2,95.0,60.0,41.0,0.0,relay_anchor
dive_and_rise,4.0,3,87.0,65.0,41.0,0.0,peripheral
dive_and_rise,4.0,4,87.0,55.0,41.0,0.0,peripheral
dive_and_rise,4.25,0,103.5,80.0,40.4375,0.0,peripheral
dive_and_rise,4.25,1,103.5,40.0,40.4375,0.0,peripheral
dive_and_rise,4.25,2,95.0,60.0,40.4375,0.0,relay_anchor
dive_and_rise,4.25,3,86.5,65.0,40.4375,0.0,peripheral
dive_and_rise,4.25,4,86.5,55.0,40.4375,0.0,peripheral
dive_and_rise,4.5,0,104.0,80.0,39.875,0.0,peripheral
dive_and_rise,4.5,1,104.0,40.0,39.875,0.0,peripheral
dive_and_rise,4.5,2,95.0,60.0,39.875,0.0,relay_anchor
dive_and_rise,4.5,3,86.0,65.0,39.875,0.0,peripheral
dive_and_rise,4.5,4,86.0,55.0,39.875,0.0,peripheral
dive_and_rise,4.75,0,104.5,80.0,39.3125,0.0,peripheral
dive_and_rise,4.75,1,104.5,40.0,39.3125,0.0,peripheral
dive_and_rise,4.75,2,95.0,60.0,39.3125,0.0,relay_anchor
dive_and_rise,4.75,3,85.5,65.0,39.3125,0.0,peripheral
dive_and_rise,4.75,4,85.5,55.0,39.3125,0.0,peripheral
dive_and_rise,5.0,0,105.0,80.0,38.75,0.0,peripheral
dive_and_rise,5.0,1,105.0,40.0,38.75,0.0,peripheral
dive_and_rise,5.0,2,95.0,60.0,38.75,0.0,relay_anchor
dive_and_rise,5.0,3,85.0,65.0,38.75,0.0,peripheral
dive_and_rise,5.0,4,85.0,55.0,38.75,0.0,peripheral
dive_and_rise,5.25,0,105.5,80.0,38.1875,0.0,peripheral
dive_and_rise,5.25,1,105.5,40.0,38.1875,0.0,peripheral
dive_and_rise,5.25,2,95.0,60.0,38.1875,0.0,relay_anchor
dive_and_rise,5.25,3,84.5,65.0,38.1875,0.0,peripheral
dive_and_rise,5.25,4,84.5,55.0,38.1875,0.0,peripheral
dive_and_rise,5.5,0,106.0,80.0,37.625,0.0,peripheral
dive_and_rise,5.5,1,106.0,40.0,37.625,0.0,peripheral
dive_and_rise,5.5,2,95.0,60.0,37.625,0.0,relay_anchor
dive_and_rise,5.5,3,84.0,65.0,37.625,0.0,peripheral
dive_and_rise,5.5,4,84.0,55.0,37.625,0.0,peripheral
dive_and_rise,5.75,0,106.5,80.0,37.0625,0.0,peripheral
dive_and_rise,5.75,1,106.5,40.0,37.0625,0.0,peripheral
dive_and_rise,5.75,2,95.0,60.0,37.0625,0.0,relay_anchor
dive_and_rise,5.75,3,83.5,65.0,37.0625,0.0,peripheral
dive_and_rise,5.75,4,83.5,55.0,37.0625,0.0,peripheral
dive_and_rise,6.0,0,107.0,80.0,36.5,0.0,peripheral
dive_and_rise,6.0,1,107.0,40.0,36.5,0.0,peripheral
dive_and_rise,6.0,2,95.0,60.0,36.5,0.0,relay_anchor
dive_and_rise,6.0,3,83.0,65.0,36.5,0.0,peripheral
dive_and_rise,6.0,4,83.0,55.0,36.5,0.0,peripheral
dive_and_rise,6.25,0,107.5,80.0,35.9375,0.0,peripheral
dive_and_rise,6.25,1,107.5,40.0,35.9375,0.0,peripheral
dive_and_rise,6.25,2,95.0,60.0,35.9375,0.0,relay_anchor
dive_and_rise,6.25,3,82.5,65.0,35.9375,0.0,peripheral
dive_and_rise,6.25,4,82.5,55.0,35.9375,0.0,peripheral
dive_and_rise,6.5,0,108.0,80.0,35.375,0.0,peripheral
dive_and_rise,6.5,1,108.0,40.0,35.375,0.0,peripheral
dive_and_rise,6.5,2,95.0,60.0,35.375,0.0,relay_anchor
dive_and_rise,6.5,3,82.0,65.0,35.375,0.0,peripheral
dive_and_rise,6.5,4,82.0,55.0,35.375,0.0,peripheral
dive_and_rise,6.75,0,108.5,80.0,34.8125,0.0,peripheral
dive_and_rise,6.75,1,108.5,40.0,34.8125,0.0,peripheral
dive_and_rise,6.75,2,95.0,60.0,34.8125,0.0,relay_anchor
dive_and_rise,6.75,3,81.5,65.0,34.8125,0.0,peripheral
dive_and_rise,6.75,4,81.5,55.0,34.8125,0.0,peripheral
dive_and_rise,7.0,0,109.0,80.0,34.25,0.0,peripheral
dive_and_rise,7.0,1,109.0,40.0,34.25,0.0,peripheral
dive_and_rise,7.0,2,95.0,60.0,34.25,0.0,relay_anchor
dive_and_rise,7.0,3,81.0,65.0,34.25,0.0,peripheral
dive_and_rise,7.0,4,81.0,55.0,34.25,0.0,peripheral
dive_and_rise,7.25,0,109.5,80.0,33.6875,0.0,peripheral
dive_and_rise,7.25,1,109.5,40.0,33.6875,0.0,peripheral
dive_and_rise,7.25,2,95.0,60.0,33.6875,0.0,relay_anchor
dive_and_rise,7.25,3,80.5,65.0,33.6875,0.0,peripheral
dive_and_rise,7.25,4,80.5,55.0,33.6875,0.0,peripheral
dive_and_rise,7.5,0,110.0,80.0,33.125,0.0,peripheral
dive_and_rise,7.5,1,110.0,40.0,33.125,0.0,peripheral
dive_and_rise,7.5,2,95.0,60.0,33.125,0.0,relay_anchor
dive_and_rise,7.5,3,80.0,65.0,33.125,0.0,peripheral
dive_and_rise,7.5,4,80.0,55.0,33.125,0.0,peripheral
dive_and_rise,7.75,0,110.5,80.0,32.5625,0.0,peripheral
dive_and_rise,7.75,1,110.5,40.0,32.5625,0.0,peripheral
dive_and_rise,7.75,2,95.0,60.0,32.5625,0.0,relay_anchor
dive_and_rise,7.75,3,79.5,65.0,32.5625,0.0,peripheral
dive_and_rise,7.75,4,79.5,55.0,32.5625,0.0,peripheral
dive_and_rise,8.0,0,111.0,80.0,32.0,0.0,peripheral
dive_and_rise,8.0,1,111.0,40.0,32.0,0.0,peripheral
dive_and_rise,8.0,2,95.0,60.0,32.0,0.0,relay_anchor
dive_and_rise,8.0,3,79.0,65.0,32.0,0.0,peripheral
dive_and_rise,8.0,4,79.0,55.0,32.0,0.0,peripheral
dive_and_rise,8.25,0,111.5,80.0,31.4375,0.0,peripheral
dive_and_rise,8.25,1,111.5,40.0,31.4375,0.0,peripheral
dive_and_rise,8.25,2,95.0,60.0,31.4375,0.0,relay_anchor
dive_and_rise,8.25,3,78.5,65.0,31.4375,0.0,peripheral
dive_and_rise,8.25,4,78.5,55.0,31.4375,0.0,peripheral
dive_and_rise,8.5,0,112.0,80.0,30.875,0.0,peripheral
dive_and_rise,8.5,1,112.0,40.0,30.875,0.0,peripheral
dive_and_rise,8.5,2,95.0,60.0,30.875,0.0,relay_anchor
dive_and_rise,8.5,3,78.0,65.0,30.875,0.0,peripheral
dive_and_rise,8.5,4,78.0,55.0,30.875,0.0,peripheral
dive_and_rise,8.75,0,112.5,80.0,30.3125,0.0,peripheral
dive_and_rise,8.75,1,112.5,40.0,30.3125,0.0,peripheral
dive_and_rise,8.75,2,95.0,60.0,30.3125,0.0,relay_anchor
dive_and_rise,8.75,3,77.5,65.0,30.3125,0.0,peripheral
dive_and_rise,8.75,4,77.5,55.0,30.3125,0.0,peripheral
dive_and_rise,9.0,0,113.0,80.0,29.75,0.0,peripheral
dive_and_rise,9.0,1,113.0,40.0,29.75,0.0,peripheral
dive_and_rise,9.0,2,95.0,60.0,29.75,0.0,relay_anchor
dive_and_rise,9.0,3,77.0,65.0,29.75,0.0,peripheral
dive_and_rise,9.0,4,77.0,55.0,29.75,0.0,peripheral
dive_and_rise,9.25,0,113.5,80.0,29.1875,0.0,peripheral
dive_and_rise,9.25,1,113.5,40.0,29.1875,0.0,peripheral
dive_and_rise,9.25,2,95.0,60.0,29.1875,0.0,relay_anchor
dive_and_rise,9.25,3,76.5,65.0,29.1875,0.0,peripheral
dive_and_rise,9.25,4,76.5,55.0,29.1875,0.0,peripheral
dive_and_rise,9.5,0,114.0,80.0,28.625,0.0,peripheral
dive_and_rise,9.5,1,114.0,40.0,28.625,0.0,peripheral
dive_and_rise,9.5,2,95.0,60.0,28.625,0.0,relay_anchor
dive_and_rise,9.5,3,76.0,65.0,28.625,0.0,peripheral
dive_and_rise,9.5,4,76.0,55.0,28.625,0.0,peripheral
dive_and_rise,9.75,0,114.5,80.0,28.0625,0.0,peripheral
dive_and_rise,9.75,1,114.5,40.0,28.0625,0.0,peripheral
dive_and_rise,9.75,2,95.0,60.0,28.0625,0.0,relay_anchor
dive_and_rise,9.75,3,75.5,65.0,28.0625,0.0,peripheral
dive_and_rise,9.75,4,75.5,55.0,28.0625,0.0,peripheral
dive_and_rise,10.0,0,115.0,80.0,27.5,0.0,peripheral
dive_and_rise,10.0,1,115.0,40.0,27.5,0.0,peripheral
dive_and_rise,10.0,2,95.0,60.0,27.5,0.0,relay_anchor
dive_and_rise,10.0,3,75.0,65.0,27.5,0.0,peripheral
dive_and_rise,10.0,4,75.0,55.0,27.5,0.0,peripheral
dive_and_rise,10.25,0,115.5,80.0,26.9375,0.0,peripheral
dive_and_rise,10.25,1,115.5,40.0,26.9375,0.0,peripheral
dive_and_rise,10.25,2,95.0,60.0,26.9375,0.0,relay_anchor
dive_and_rise,10.25,3,74.5,65.0,26.9375,0.0,peripheral
dive_and_rise,10.25,4,74.5,55.0,26.9375,0.0,peripheral
dive_and_rise,10.5,0,116.0,80.0,26.375,0.0,peripheral
dive_and_rise,10.5,1,116.0,40.0,26.375,0.0,peripheral
dive_and_rise,10.5,2,95.0,60.0,26.375,0.0,relay_anchor
dive_and_rise,10.5,3,74.0,65.0,26.375,0.0,peripheral
dive_and_rise,10.5,4,74.0,55.0,26.375,0.0,peripheral
dive_and_rise,10.75,0,116.5,80.0,25.8125,0.0,peripheral
dive_and_rise,10.75,1,116.5,40.0,25.8125,0.0,peripheral
dive_and_rise,10.75,2,95.0,60.0,25.8125,0.0,relay_anchor
dive_and_rise,10.75,3,73.5,65.0,25.8125,0.0,peripheral
dive_and_rise,10.75,4,73.5,55.0,25.8125,0.0,peripheral
dive_and_rise,11.0,0,117.0,80.0,25.25,0.0,peripheral
dive_and_rise,11.0,1,117.0,40.0,25.25,0.0,peripheral
dive_and_rise,11.0,2,95.0,60.0,25.25,0.0,relay_anchor
dive_and_rise,11.0,3,73.0,65.0,25.25,0.0,peripheral
dive_and_rise,11.0,4,73.0,55.0,25.25,0.0,peripheral
dive_and_rise,11.25,0,117.5,80.0,24.6875,0.0,peripheral
dive_and_rise,11.25,1,117.5,40.0,24.6875,0.0,peripheral
dive_and_rise,11.25,2,95.0,60.0,24.6875,0.0,relay_anchor
dive_and_rise,11.25,3,72.5,65.0,24.6875,0.0,peripheral
dive_and_rise,11.25,4,72.5,55.0,24.6875,0.0,peripheral
dive_and_rise,11.5,0,118.0,80.0,24.125,0.0,peripheral
dive_and_rise,11.5,1,118.0,40.0,24.125,0.0,peripheral
dive_and_rise,11.5,2,95.0,60.0,24.125,0.0,relay_anchor
dive_and_rise,11.5,3,72.0,65.0,24.125,0.0,peripheral
dive_and_rise,11.5,4,72.0,55.0,24.125,0.0,peripheral
dive_and_rise,11.75,0,118.5,80.0,23.5625,0.0,peripheral
dive_and_rise,11.75,1,118.5,40.0,23.5625,0.0,peripheral
dive_and_rise,11.75,2,95.0,60.0,23.5625,0.0,relay_anchor
dive_and_rise,11.75,3,71.5,65.0,23.5625,0.0,peripheral
dive_and_rise,11.75,4,71.5,55.0,23.5625,0.0,peripheral
dive_and_rise,12.0,0,119.0,80.0,23.0,0.0,peripheral
dive_and_rise,12.0,1,119.0,40.0,23.0,0.0,peripheral
dive_and_rise,12.0,2,95.0,60.0,23.0,0.0,relay_anchor
dive_and_rise,12.0,3,71.0,65.0,23.0,0.0,peripheral
dive_and_rise,12.0,4,71.0,55.0,23.0,0.0,peripheral
dive_and_rise,12.25,0,119.5,80.0,22.4375,0.0,peripheral
dive_and_rise,12.25,1,119.5,40.0,22.4375,0.0,peripheral
dive_and_rise,12.25,2,95.0,60.0,22.4375,0.0,relay_anchor
dive_and_rise,12.25,3,70.5,65.0,22.4375,0.0,peripheral
dive_and_rise,12.25,4,70.5,55.0,22.4375,0.0,peripheral
dive_and_rise,12.5,0,120.0,80.0,21.875,0.0,peripheral
dive_and_rise,12.5,1,120.0,40.0,21.875,0.0,peripheral
dive_and_rise,12.5,2,95.0,60.0,21.875,0.0,relay_anchor
dive_and_rise,12.5,3,70.0,65.0,21.875,0.0,peripheral
dive_and_rise,12.5,4,70.0,55.0,21.875,0.0,peripheral
dive_and_rise,12.75,0,120.5,80.0,21.3125,0.0,peripheral
dive_and_rise,12.75,1,120.5,40.0,21.3125,0.0,peripheral
dive_and_rise,12.75,2,95.0,60.0,21.3125,0.0,relay_anchor
dive_and_rise,12.75,3,69.5,65.0,21.3125,0.0,peripheral
dive_and_rise,12.75,4,69.5,55.0,21.3125,0.0,peripheral
dive_and_rise,13.0,0,121.0,80.0,20.75,0.0,peripheral
dive_and_rise,13.0,1,121.0,40.0,20.75,0.0,peripheral
dive_and_rise,13.0,2,95.0,60.0,20.75,0.0,relay_anchor
dive_and_rise,13.0,3,69.0,65.0,20.75,0.0,peripheral
dive_and_rise,13.0,4,69.0,55.0,20.75,0.0,peripheral
dive_and_rise,13.25,0,121.5,80.0,20.1875,0.0,peripheral
dive_and_rise,13.25,1,121.5,40.0,20.1875,0.0,peripheral
dive_and_rise,13.25,2,95.0,60.0,20.1875,0.0,relay_anchor
dive_and_rise,13.25,3,68.5,65.0,20.1875,0.0,peripheral
dive_and_rise,13.25,4,68.5,55.0,20.1875,0.0,peripheral
dive_and_rise,13.5,0,122.0,80.0,19.625,0.0,peripheral
dive_and_rise,13.5,1,122.0,40.0,19.625,0.0,peripheral
dive_and_rise,13.5,2,95.0,60.0,19.625,0.0,relay_anchor
dive_and_rise,13.5,3,68.0,65.0,19.625,0.0,peripheral
dive_and_rise,13.5,4,68.0,55.0,19.625,0.0,peripheral
dive_and_rise,13.75,0,122.5,80.0,19.0625,0.0,peripheral
dive_and_rise,13.75,1,122.5,40.0,19.0625,0.0,peripheral
dive_and_rise,13.75,2,95.0,60.0,19.0625,0.0,relay_anchor
dive_and_rise,13.75,3,67.5,65.0,19.0625,0.0,peripheral
dive_and_rise,13.75,4,67.5,55.0,19.0625,0.0,peripheral
dive_and_rise,14.0,0,123.0,80.0,18.5,0.0,peripheral
dive_and_rise,14.0,1,123.0,40.0,18.5,0.0,peripheral
dive_and_rise,14.0,2,95.0,60.0,18.5,0.0,relay_anchor
dive_and_rise,14.0,3,67.0,65.0,18.5,0.0,peripheral
dive_and_rise,14.0,4,67.0,55.0,18.5,0.0,peripheral
dive_and_rise,14.25,0,123.5,80.0,17.9375,0.0,peripheral
dive_and_rise,14.25,1,123.5,40.0,17.9375,0.0,peripheral
dive_and_rise,14.25,2,95.0,60.0,17.9375,0.0,relay_anchor
dive_and_rise,14.25,3,66.5,65.0,17.9375,0.0,peripheral
dive_and_rise,14.25,4,66.5,55.0,17.9375,0.0,peripheral
dive_and_rise,14.5,0,124.0,80.0,17.375,0.0,peripheral
dive_and_rise,14.5,1,124.0,40.0,17.375,0.0,peripheral
dive_and_rise,14.5,2,95.0,60.0,17.375,0.0,relay_anchor
dive_and_rise,14.5,3,66.0,65.0,17.375,0.0,peripheral
dive_and_rise,14.5,4,66.0,55.0,17.375,0.0,peripheral
dive_and_rise,14.75,0,124.5,80.0,16.8125,0.0,peripheral
dive_and_rise,14.75,1,124.5,40.0,16.8125,0.0,peripheral
dive_and_rise,14.75,2,95.0,60.0,16.8125,0.0,relay_anchor
dive_and_rise,14.75,3,65.5,65.0,16.8125,0.0,peripheral
dive_and_rise,14.75,4,65.5,55.0,16.8125,0.0,peripheral
dive_and_rise,15.0,0,125.0,80.0,16.25,0.0,peripheral
dive_and_rise,15.0,1,125.0,40.0,16.25,0.0,peripheral
dive_and_rise,15.0,2,95.0,60.0,16.25,0.0,relay_anchor
dive_and_rise,15.0,3,65.0,65.0,16.25,0.0,peripheral
dive_and_rise,15.0,4,65.0,55.0,16.25,0.0,peripheral
dive_and_rise,15.25,0,125.5,80.0,15.6875,0.0,peripheral
dive_and_rise,15.25,1,125.5,40.0,15.6875,0.0,peripheral
dive_and_rise,15.25,2,95.0,60.0,15.6875,0.0,relay_anchor
dive_and_rise,15.25,3,64.5,65.0,15.6875,0.0,peripheral
dive_and_rise,15.25,4,64.5,55.0,15.6875,0.0,peripheral
dive_and_rise,15.5,0,126.0,80.0,15.125,0.0,peripheral
dive_and_rise,15.5,1,126.0,40.0,15.125,0.0,peripheral
dive_and_rise,15.5,2,95.0,60.0,15.125,0.0,relay_anchor
dive_and_rise,15.5,3,64.0,65.0,15.125,0.0,peripheral
dive_and_rise,15.5,4,64.0,55.0,15.125,0.0,peripheral
dive_and_rise,15.75,0,126.5,80.0,14.5625,0.0,peripheral
dive_and_rise,15.75,1,126.5,40.0,14.5625,0.0,peripheral
dive_and_rise,15.75,2,95.0,60.0,14.5625,0.0,relay_anchor
dive_and_rise,15.75,3,63.5,65.0,14.5625,0.0,peripheral
dive_and_rise,15.75,4,63.5,55.0,14.5625,0.0,peripheral
dive_and_rise,16.0,0,127.0,80.0,14.0,0.0,peripheral
dive_and_rise,16.0,1,127.0,40.0,14.0,0.0,peripheral
dive_and_rise,16.0,2,95.0,60.0,14.0,0.0,relay_anchor
dive_and_rise,16.0,3,63.0,65.0,14.0,0.0,peripheral
dive_and_rise,16.0,4,63.0,55.0,14.0,0.0,peripheral
dive_and_rise,16.25,0,127.5,80.0,13.4375,0.0,peripheral
dive_and_rise,16.25,1,127.5,40.0,13.4375,0.0,peripheral
dive_and_rise,16.25,2,95.0,60.0,13.4375,0.0,relay_anchor
dive_and_rise,16.25,3,62.5,65.0,13.4375,0.0,peripheral
dive_and_rise,16.25,4,62.5,55.0,13.4375,0.0,peripheral
dive_and_rise,16.5,0,128.0,80.0,12.875,0.0,peripheral
dive_and_rise,16.5,1,128.0,40.0,12.875,0.0,peripheral
dive_and_rise,16.5,2,95.0,60.0,12.875,0.0,relay_anchor
dive_and_rise,16.5,3,62.0,65.0,12.875,0.0,peripheral
dive_and_rise,16.5,4,62.0,55.0,12.875,0.0,peripheral
dive_and_rise,16.75,0,128.5,80.0,12.3125,0.0,peripheral
dive_and_rise,16.75,1,128.5,40.0,12.3125,0.0,peripheral
dive_and_rise,16.75,2,95.0,60.0,12.3125,0.0,relay_anchor
dive_and_rise,16.75,3,61.5,65.0,12.3125,0.0,peripheral
dive_and_rise,16.75,4,61.5,55.0,12.3125,0.0,peripheral
dive_and_rise,17.0,0,129.0,80.0,11.75,0.0,peripheral
dive_and_rise,17.0,1,129.0,40.0,11.75,0.0,peripheral
dive_and_rise,17.0,2,95.0,60.0,11.75,0.0,relay_anchor
dive_and_rise,17.0,3,61.0,65.0,11.75,0.0,peripheral
dive_and_rise,17.0,4,61.0,55.0,11.75,0.0,peripheral
dive_and_rise,17.25,0,129.5,80.0,11.1875,0.0,peripheral
dive_and_rise,17.25,1,129.5,40.0,11.1875,0.0,peripheral
dive_and_rise,17.25,2,95.0,60.0,11.1875,0.0,relay_anchor
dive_and_rise,17.25,3,60.5,65.0,11.1875,0.0,peripheral
dive_and_rise,17.25,4,60.5,55.0,11.1875,0.0,peripheral
dive_and_rise,17.5,0,130.0,80.0,10.625,0.0,peripheral
dive_and_rise,17.5,1,130.0,40.0,10.625,0.0,peripheral
dive_and_rise,17.5,2,95.0,60.0,10.625,0.0,relay_anchor
dive_and_rise,17.5,3,60.0,65.0,10.625,0.0,peripheral
dive_and_rise,17.5,4,60.0,55.0,10.625,0.0,peripheral
dive_and_rise,17.75,0,130.5,80.0,10.0625,0.0,peripheral
dive_and_rise,17.75,1,130.5,40.0,10.0625,0.0,peripheral
dive_and_rise,17.75,2,95.0,60.0,10.0625,0.0,relay_anchor
dive_and_rise,17.75,3,59.5,65.0,10.0625,0.0,peripheral
dive_and_rise,17.75,4,59.5,55.0,10.0625,0.0,peripheral
dive_and_rise,18.0,0,131.0,80.0,9.5,0.0,peripheral
dive_and_rise,18.0,1,131.0,40.0,9.5,0.0,peripheral
dive_and_rise,18.0,2,95.0,60.0,9.5,0.0,relay_anchor
dive_and_rise,18.0,3,59.0,65.0,9.5,0.0,peripheral
dive_and_rise,18.0,4,59.0,55.0,9.5,0.0,peripheral
dive_and_rise,18.25,0,131.5,80.0,8.9375,0.0,peripheral
dive_and_rise,18.25,1,131.5,40.0,8.9375,0.0,peripheral
dive_and_rise,18.25,2,95.0,60.0,8.9375,0.0,relay_anchor
dive_and_rise,18.25,3,58.5,65.0,8.9375,0.0,peripheral
dive_and_rise,18.25,4,58.5,55.0,8.9375,0.0,peripheral
dive_and_rise,18.5,0,132.0,80.0,8.375,0.0,peripheral
dive_and_rise,18.5,1,132.0,40.0,8.375,0.0,peripheral
dive_and_rise,18.5,2,95.0,60.0,8.375,0.0,relay_anchor
dive_and_rise,18.5,3,58.0,65.0,8.375,0.0,peripheral
dive_and_rise,18.5,4,58.0,55.0,8.375,0.0,peripheral
dive_and_rise,18.75,0,132.5,80.0,7.8125,0.0,peripheral
dive_and_rise,18.75,1,132.5,40.0,7.8125,0.0,peripheral
dive_and_rise,18.75,2,95.0,60.0,7.8125,0.0,relay_anchor
dive_and_rise,18.75,3,57.5,65.0,7.8125,0.0,peripheral
dive_and_rise,18.75,4,57.5,55.0,7.8125,0.0,peripheral
dive_and_rise,19.0,0,133.0,80.0,7.25,0.0,peripheral
dive_and_rise,19.0,1,133.0,40.0,7.25,0.0,peripheral
dive_and_rise,19.0,2,95.0,60.0,7.25,0.0,relay_anchor
dive_and_rise,19.0,3,57.0,65.0,7.25,0.0,peripheral
dive_and_rise,19.0,4,57.0,55.0,7.25,0.0,peripheral
dive_and_rise,19.25,0,133.5,80.0,6.6875,0.0,peripheral
dive_and_rise,19.25,1,133.5,40.0,6.6875,0.0,peripheral
dive_and_rise,19.25,2,95.0,60.0,6.6875,0.0,relay_anchor
dive_and_rise,19.25,3,56.5,65.0,6.6875,0.0,peripheral
dive_and_rise,19.25,4,56.5,55.0,6.6875,0.0,peripheral
dive_and_rise,19.5,0,134.0,80.0,6.125,0.0,peripheral
dive_and_rise,19.5,1,134.0,40.0,6.125,0.0,peripheral
dive_and_rise,19.5,2,95.0,60.0,6.125,0.0,relay_anchor
dive_and_rise,19.5,3,56.0,65.0,6.125,0.0,peripheral
dive_and_rise,19.5,4,56.0,55.0,6.125,0.0,peripheral
dive_and_rise,19.75,0,134.5,80.0,5.5625,0.0,peripheral
dive_and_rise,19.75,1,134.5,40.0,5.5625,0.0,peripheral
dive_and_rise,19.75,2,95.0,60.0,5.5625,0.0,relay_anchor
dive_and_rise,19.75,3,55.5,65.0,5.5625,0.0,peripheral
dive_and_rise,19.75,4,55.5,55.0,5.5625,0.0,peripheral
dive_and_rise,20.0,0,135.0,80.0,5.0,0.0,peripheral
dive_and_rise,20.0,1,135.0,40.0,5.0,0.0,peripheral
dive_and_rise,20.0,2,95.0,60.0,5.0,0.0,relay_anchor
dive_and_rise,20.0,3,55.0,65.0,5.0,0.0,peripheral
dive_and_rise,20.0,4,55.0,55.0,5.0,0.0,peripheral
dive_and_rise,20.0,0,135.5,80.0,4.4375,0.0,peripheral
dive_and_rise,20.0,1,135.5,40.0,4.4375,0.0,peripheral
dive_and_rise,20.0,2,95.0,60.0,4.4375,0.0,relay_anchor
dive_and_rise,20.0,3,54.5,65.0,4.4375,0.0,peripheral
dive_and_rise,20.0,4,54.5,55.0,4.4375,0.0,peripheral
dive_and_rise,20.25,0,136.5,80.125,4.8438,0.0,peripheral
dive_and_rise,20.25,1,136.5,39.875,4.8438,0.0,peripheral
dive_and_rise,20.25,2,95.5,60.0,4.8438,0.0,relay_anchor
dive_and_rise,20.25,3,53.5,65.125,4.8438,0.0,peripheral
dive_and_rise,20.25,4,53.5,54.875,4.8438,0.0,peripheral
dive_and_rise,20.5,0,137.5,80.25,5.25,0.0,peripheral
dive_and_rise,20.5,1,137.5,39.75,5.25,0.0,peripheral
dive_and_rise,20.5,2,96.0,60.0,5.25,0.0,relay_anchor
dive_and_rise,20.5,3,52.5,65.25,5.25,0.0,peripheral
dive_and_rise,20.5,4,52.5,54.75,5.25,0.0,peripheral
dive_and_rise,20.75,0,138.5,80.375,5.6562,0.0,peripheral
dive_and_rise,20.75,1,138.5,39.625,5.6562,0.0,peripheral
dive_and_rise,20.75,2,96.5,60.0,5.6562,0.0,relay_anchor
dive_and_rise,20.75,3,51.5,65.375,5.6562,0.0,peripheral
dive_and_rise,20.75,4,51.5,54.625,5.6562,0.0,peripheral
dive_and_rise,21.0,0,139.5,80.5,6.0625,0.0,peripheral
dive_and_rise,21.0,1,139.5,39.5,6.0625,0.0,peripheral
dive_and_rise,21.0,2,97.0,60.0,6.0625,0.0,relay_anchor
dive_and_rise,21.0,3,50.5,65.5,6.0625,0.0,peripheral
dive_and_rise,21.0,4,50.5,54.5,6.0625,0.0,peripheral
dive_and_rise,21.25,0,140.5,80.625,6.4688,0.0,peripheral
dive_and_rise,21.25,1,140.5,39.375,6.4688,0.0,peripheral
dive_and_rise,21.25,2,97.5,60.0,6.4688,0.0,relay_anchor
dive_and_rise,21.25,3,49.5,65.625,6.4688,0.0,peripheral
dive_and_rise,21.25,4,49.5,54.375,6.4688,0.0,peripheral
dive_and_rise,21.5,0,141.5,80.75,6.875,0.0,peripheral
dive_and_rise,21.5,1,141.5,39.25,6.875,0.0,peripheral
dive_and_rise,21.5,2,98.0,60.0,6.875,0.0,relay_anchor
dive_and_rise,21.5,3,48.5,65.75,6.875,0.0,peripheral
dive_and_rise,21.5,4,48.5,54.25,6.875,0.0,peripheral
dive_and_rise,21.75,0,142.5,80.875,7.2812,0.0,peripheral
dive_and_rise,21.75,1,142.5,39.125,7.2812,0.0,peripheral
dive_and_rise,21.75,2,98.5,60.0,7.2812,0.0,relay_anchor
dive_and_rise,21.75,3,47.5,65.875,7.2812,0.0,peripheral
dive_and_rise,21.75,4,47.5,54.125,7.2812,0.0,peripheral
dive_and_rise,22.0,0,143.5,81.0,7.6875,0.0,peripheral
dive_and_rise,22.0,1,143.5,39.0,7.6875,0.0,peripheral
dive_and_rise,22.0,2,99.0,60.0,7.6875,0.0,relay_anchor
dive_and_rise,22.0,3,46.5,66.0,7.6875,0.0,peripheral
dive_and_rise,22.0,4,46.5,54.0,7.6875,0.0,peripheral
dive_and_rise,22.25,0,144.5,81.125,8.0938,0.0,peripheral
dive_and_rise,22.25,1,144.5,38.875,8.0938,0.0,peripheral
dive_and_rise,22.25,2,99.5,60.0,8.0938,0.0,relay_anchor
dive_and_rise,22.25,3,45.5,66.125,8.0938,0.0,peripheral
dive_and_rise,22.25,4,45.5,53.875,8.0938,0.0,peripheral
dive_and_rise,22.5,0,145.5,81.25,8.5,0.0,peripheral
dive_and_rise,22.5,1,145.5,38.75,8.5,0.0,peripheral
dive_and_rise,22.5,2,100.0,60.0,8.5,0.0,relay_anchor
dive_and_rise,22.5,3,44.5,66.25,8.5,0.0,peripheral
dive_and_rise,22.5,4,44.5,53.75,8.5,0.0,peripheral
dive_and_rise,22.75,0,146.5,81.375,8.9062,0.0,peripheral
dive_and_rise,22.75,1,146.5,38.625,8.9062,0.0,peripheral
dive_and_rise,22.75,2,100.5,60.0,8.9062,0.0,relay_anchor
dive_and_rise,22.75,3,43.5,66.375,8.9062,0.0,peripheral
dive_and_rise,22.75,4,43.5,53.625,8.9062,0.0,peripheral
dive_and_rise,23.0,0,147.5,81.5,9.3125,0.0,peripheral
dive_and_rise,23.0,1,147.5,38.5,9.3125,0.0,peripheral
dive_and_rise,23.0,2,101.0,60.0,9.3125,0.0,relay_anchor
dive_and_rise,23.0,3,42.5,66.5,9.3125,0.0,peripheral
dive_and_rise,23.0,4,42.5,53.5,9.3125,0.0,peripheral
dive_and_rise,23.25,0,148.5,81.625,9.7188,0.0,peripheral
dive_and_rise,23.25,1,148.5,38.375,9.7188,0.0,peripheral
dive_and_rise,23.25,2,101.5,60.0,9.7188,0.0,relay_anchor
dive_and_rise,23.25,3,41.5,66.625,9.7188,0.0,peripheral
dive_and_rise,23.25,4,41.5,53.375,9.7188,0.0,peripheral
dive_and_rise,23.5,0,149.5,81.75,10.125,0.0,peripheral
dive_and_rise,23.5,1,149.5,38.25,10.125,0.0,peripheral
dive_and_rise,23.5,2,102.0,60.0,10.125,0.0,relay_anchor
dive_and_rise,23.5,3,40.5,66.75,10.125,0.0,peripheral
dive_and_rise,23.5,4,40.5,53.25,10.125,0.0,peripheral
dive_and_rise,23.75,0,150.5,81.875,10.5312,0.0,peripheral
dive_and_rise,23.75,1,150.5,38.125,10.5312,0.0,peripheral
dive_and_rise,23.75,2,102.5,60.0,10.5312,0.0,relay_anchor
dive_and_rise,23.75,3,39.5,66.875,10.5312,0.0,peripheral
dive_and_rise,23.75,4,39.5,53.125,10.5312,0.0,peripheral
dive_and_rise,24.0,0,151.5,82.0,10.9375,0.0,peripheral
dive_and_rise,24.0,1,151.5,38.0,10.9375,0.0,peripheral
dive_and_rise,24.0,2,103.0,60.0,10.9375,0.0,relay_anchor
dive_and_rise,24.0,3,38.5,67.0,10.9375,0.0,peripheral
dive_and_rise,24.0,4,38.5,53.0,10.9375,0.0,peripheral
dive_and_rise,24.25,0,152.5,82.125,11.3438,0.0,peripheral
dive_and_rise,24.25,1,152.5,37.875,11.3438,0.0,peripheral
dive_and_rise,24.25,2,103.5,60.0,11.3438,0.0,relay_anchor
dive_and_rise,24.25,3,37.5,67.125,11.3438,0.0,peripheral
dive_and_rise,24.25,4,37.5,52.875,11.3438,0.0,peripheral
dive_and_rise,24.5,0,153.5,82.25,11.75,0.0,peripheral
dive_and_rise,24.5,1,153.5,37.75,11.75,0.0,peripheral
dive_and_rise,24.5,2,104.0,60.0,11.75,0.0,relay_anchor
dive_and_rise,24.5,3,36.5,67.25,11.75,0.0,peripheral
dive_and_rise,24.5,4,36.5,52.75,11.75,0.0,peripheral
dive_and_rise,24.75,0,154.5,82.375,12.1562,0.0,peripheral
dive_and_rise,24.75,1,154.5,37.625,12.1562,0.0,peripheral
dive_and_rise,24.75,2,104.5,60.0,12.1562,0.0,relay_anchor
dive_and_rise,24.75,3,35.5,67.375,12.1562,0.0,peripheral
dive_and_rise,24.75,4,35.5,52.625,12.1562,0.0,peripheral
dive_and_rise,25.0,0,155.5,82.5,12.5625,0.0,peripheral
dive_and_rise,25.0,1,155.5,37.5,12.5625,0.0,peripheral
dive_and_rise,25.0,2,105.0,60.0,12.5625,0.0,relay_anchor
dive_and_rise,25.0,3,34.5,67.5,12.5625,0.0,peripheral
dive_and_rise,25.0,4,34.5,52.5,12.5625,0.0,peripheral
dive_and_rise,25.25,0,156.5,82.625,12.9688,0.0,peripheral
dive_and_rise,25.25,1,156.5,37.375,12.9688,0.0,peripheral
dive_and_rise,25.25,2,105.5,60.0,12.9688,0.0,relay_anchor
dive_and_rise,25.25,3,33.5,67.625,12.9688,0.0,peripheral
dive_and_rise,25.25,4,33.5,52.375,12.9688,0.0,peripheral
dive_and_rise,25.5,0,157.5,82.75,13.375,0.0,peripheral
dive_and_rise,25.5,1,157.5,37.25,13.375,0.0,peripheral
dive_and_rise,25.5,2,106.0,60.0,13.375,0.0,relay_anchor
dive_and_rise,25.5,3,32.5,67.75,13.375,0.0,peripheral
dive_and_rise,25.5,4,32.5,52.25,13.375,0.0,peripheral
dive_and_rise,25.75,0,158.5,82.875,13.7812,0.0,peripheral
dive_and_rise,25.75,1,158.5,37.125,13.7812,0.0,peripheral
dive_and_rise,25.75,2,106.5,60.0,13.7812,0.0,relay_anchor
dive_and_rise,25.75,3,31.5,67.875,13.7812,0.0,peripheral
dive_and_rise,25.75,4,31.5,52.125,13.7812,0.0,peripheral
dive_and_rise,26.0,0,159.5,83.0,14.1875,0.0,peripheral
dive_and_rise,26.0,1,159.5,37.0,14.1875,0.0,peripheral
dive_and_rise,26.0,2,107.0,60.0,14.1875,0.0,relay_anchor
dive_and_rise,26.0,3,30.5,68.0,14.1875,0.0,peripheral
dive_and_rise,26.0,4,30.5,52.0,14.1875,0.0,peripheral
dive_and_rise,26.25,0,160.5,83.125,14.5938,0.0,peripheral
dive_and_rise,26.25,1,160.5,36.875,14.5938,0.0,peripheral
dive_and_rise,26.25,2,107.5,60.0,14.5938,0.0,relay_anchor
dive_and_rise,26.25,3,29.5,68.125,14.5938,0.0,peripheral
dive_and_rise,26.25,4,29.5,51.875,14.5938,0.0,peripheral
dive_and_rise,26.5,0,161.5,83.25,15.0,0.0,peripheral
dive_and_rise,26.5,1,161.5,36.75,15.0,0.0,peripheral
dive_and_rise,26.5,2,108.0,60.0,15.0,0.0,relay_anchor
dive_and_rise,26.5,3,28.5,68.25,15.0,0.0,peripheral
dive_and_rise,26.5,4,28.5,51.75,15.0,0.0,peripheral
dive_and_rise,26.75,0,162.5,83.375,15.4062,0.0,peripheral
dive_and_rise,26.75,1,162.5,36.625,15.4062,0.0,peripheral
dive_and_rise,26.75,2,108.5,60.0,15.4062,0.0,relay_anchor
dive_and_rise,26.75,3,27.5,68.375,15.4062,0.0,peripheral
dive_and_rise,26.75,4,27.5,51.625,15.4062,0.0,peripheral
dive_and_rise,27.0,0,163.5,83.5,15.8125,0.0,peripheral
dive_and_rise,27.0,1,163.5,36.5,15.8125,0.0,peripheral
dive_and_rise,27.0,2,109.0,60.0,15.8125,0.0,relay_anchor
dive_and_rise,27.0,3,26.5,68.5,15.8125,0.0,peripheral
dive_and_rise,27.0,4,26.5,51.5,15.8125,0.0,peripheral
dive_and_rise,27.25,0,164.5,83.625,16.2188,0.0,peripheral
dive_and_rise,27.25,1,164.5,36.375,16.2188,0.0,peripheral
dive_and_rise,27.25,2,109.5,60.0,16.2188,0.0,relay_anchor
dive_and_rise,27.25,3,25.5,68.625,16.2188,0.0,peripheral
dive_and_rise,27.25,4,25.5,51.375,16.2188,0.0,peripheral
dive_and_rise,27.5,0,165.5,83.75,16.625,0.0,peripheral
dive_and_rise,27.5,1,165.5,36.25,16.625,0.0,peripheral
dive_and_rise,27.5,2,110.0,60.0,16.625,0.0,relay_anchor
dive_and_rise,27.5,3,24.5,68.75,16.625,0.0,peripheral
dive_and_rise,27.5,4,24.5,51.25,16.625,0.0,peripheral
dive_and_rise,27.75,0,166.5,83.875,17.0312,0.0,peripheral
dive_and_rise,27.75,1,166.5,36.125,17.0312,0.0,peripheral
dive_and_rise,27.75,2,110.5,60.0,17.0312,0.0,relay_anchor
dive_and_rise,27.75,3,23.5,68.875,17.0312,0.0,peripheral
dive_and_rise,27.75,4,23.5,51.125,17.0312,0.0,peripheral
dive_and_rise,28.0,0,167.5,84.0,17.4375,0.0,peripheral
dive_and_rise,28.0,1,167.5,36.0,17.4375,0.0,peripheral
dive_and_rise,28.0,2,111.0,60.0,17.4375,0.0,relay_anchor
dive_and_rise,28.0,3,22.5,69.0,17.4375,0.0,peripheral
dive_and_rise,28.0,4,22.5,51.0,17.4375,0.0,peripheral
dive_and_rise,28.25,0,168.5,84.125,17.8438,0.0,peripheral
dive_and_rise,28.25,1,168.5,35.875,17.8438,0.0,peripheral
dive_and_rise,28.25,2,111.5,60.0,17.8438,0.0,relay_anchor
dive_and_rise,28.25,3,21.5,69.125,17.8438,0.0,peripheral
dive_and_rise,28.25,4,21.5,50.875,17.8438,0.0,peripheral
dive_and_rise,28.5,0,169.5,84.25,18.25,0.0,peripheral
dive_and_rise,28.5,1,169.5,35.75,18.25,0.0,peripheral
dive_and_rise,28.5,2,112.0,60.0,18.25,0.0,relay_anchor
dive_and_rise,28.5,3,20.5,69.25,18.25,0.0,peripheral
dive_and_rise,28.5,4,20.5,50.75,18.25,0.0,peripheral
dive_and_rise,28.75,0,170.5,84.375,18.6562,0.0,peripheral
dive_and_rise,28.75,1,170.5,35.625,18.6562,0.0,peripheral
dive_and_rise,28.75,2,112.5,60.0,18.6562,0.0,relay_anchor
dive_and_rise,28.75,3,19.5,69.375,18.6562,0.0,peripheral
dive_and_rise,28.75,4,19.5,50.625,18.6562,0.0,peripheral
dive_and_rise,29.0,0,171.5,84.5,19.0625,0.0,peripheral
dive_and_rise,29.0,1,171.5,35.5,19.0625,0.0,peripheral
dive_and_rise,29.0,2,113.0,60.0,19.0625,0.0,relay_anchor
dive_and_rise,29.0,3,18.5,69.5,19.0625,0.0,peripheral
dive_and_rise,29.0,4,18.5,50.5,19.0625,0.0,peripheral
dive_and_rise,29.25,0,172.5,84.625,19.4688,0.0,peripheral
dive_and_rise,29.25,1,172.5,35.375,19.4688,0.0,peripheral
dive_and_rise,29.25,2,113.5,60.0,19.4688,0.0,relay_anchor
dive_and_rise,29.25,3,17.5,69.625,19.4688,0.0,peripheral
dive_and_rise,29.25,4,17.5,50.375,19.4688,0.0,peripheral
dive_and_rise,29.5,0,173.5,84.75,19.875,0.0,peripheral
dive_and_rise,29.5,1,173.5,35.25,19.875,0.0,peripheral
dive_and_rise,29.5,2,114.0,60.0,19.875,0.0,relay_anchor
dive_and_rise,29.5,3,16.5,69.75,19.875,0.0,peripheral
dive_and_rise,29.5,4,16.5,50.25,19.875,0.0,peripheral
dive_and_rise,29.75,0,174.5,84.875,20.2812,0.0,peripheral
dive_and_rise,29.75,1,174.5,35.125,20.2812,0.0,peripheral
dive_and_rise,29.75,2,114.5,60.0,20.2812,0.0,relay_anchor
dive_and_rise,29.75,3,15.5,69.875,20.2812,0.0,peripheral
dive_and_rise,29.75,4,15.5,50.125,20.2812,0.0,peripheral
dive_and_rise,30.0,0,175.5,85.0,20.6875,0.0,peripheral
dive_and_rise,30.0,1,175.5,35.0,20.6875,0.0,peripheral
dive_and_rise,30.0,2,115.0,60.0,20.6875,0.0,relay_anchor
dive_and_rise,30.0,3,14.5,70.0,20.6875,0.0,peripheral
dive_and_rise,30.0,4,14.5,50.0,20.6875,0.0,peripheral
dive_and_rise,30.25,0,176.5,85.125,21.0938,0.0,peripheral
dive_and_rise,30.25,1,176.5,34.875,21.0938,0.0,peripheral
dive_and_rise,30.25,2,115.5,60.0,21.0938,0.0,relay_anchor
dive_and_rise,30.25,3,13.5,70.125,21.0938,0.0,peripheral
dive_and_rise,30.25,4,13.5,49.875,21.0938,0.0,peripheral
dive_and_rise,30.5,0,177.5,85.25,21.5,0.0,peripheral
dive_and_rise,30.5,1,177.5,34.75,21.5,0.0,peripheral
dive_and_rise,30.5,2,116.0,60.0,21.5,0.0,relay_anchor
dive_and_rise,30.5,3,12.5,70.25,21.5,0.0,peripheral
dive_and_rise,30.5,4,12.5,49.75,21.5,0.0,peripheral
dive_and_rise,30.75,0,178.5,85.375,21.9062,0.0,peripheral
dive_and_rise,30.75,1,178.5,34.625,21.9062,0.0,peripheral
dive_and_rise,30.75,2,116.5,60.0,21.9062,0.0,relay_anchor
dive_and_rise,30.75,3,11.5,70.375,21.9062,0.0,peripheral
dive_and_rise,30.75,4,11.5,49.625,21.9062,0.0,peripheral
dive_and_rise,31.0,0,179.5,85.5,22.3125,0.0,peripheral
dive_and_rise,31.0,1,179.5,34.5,22.3125,0.0,peripheral
dive_and_rise,31.0,2,117.0,60.0,22.3125,0.0,relay_anchor
dive_and_rise,31.0,3,10.5,70.5,22.3125,0.0,peripheral
dive_and_rise,31.0,4,10.5,49.5,22.3125,0.0,peripheral
dive_and_rise,31.25,0,180.5,85.625,22.7188,0.0,peripheral
dive_and_rise,31.25,1,180.5,34.375,22.7188,0.0,peripheral
dive_and_rise,31.25,2,117.5,60.0,22.7188,0.0,relay_anchor
dive_and_rise,31.25,3,9.5,70.625,22.7188,0.0,peripheral
dive_and_rise,31.25,4,9.5,49.375,22.7188,0.0,peripheral
dive_and_rise,31.5,0,181.5,85.75,23.125,0.0,peripheral
dive_and_rise,31.5,1,181.5,34.25,23.125,0.0,peripheral
dive_and_rise,31.5,2,118.0,60.0,23.125,0.0,relay_anchor
dive_and_rise,31.5,3,8.5,70.75,23.125,0.0,peripheral
dive_and_rise,31.5,4,8.5,49.25,23.125,0.0,peripheral
dive_and_rise,31.75,0,182.5,85.875,23.5312,0.0,peripheral
dive_and_rise,31.75,1,182.5,34.125,23.5312,0.0,peripheral
dive_and_rise,31.75,2,118.5,60.0,23.5312,0.0,relay_anchor
dive_and_rise,31.75,3,7.5,70.875,23.5312,0.0,peripheral
dive_and_rise,31.75,4,7.5,49.125,23.5312,0.0,peripheral
dive_and_rise,32.0,0,183.5,86.0,23.9375,0.0,peripheral
dive_and_rise,32.0,1,183.5,34.0,23.9375,0.0,peripheral
dive_and_rise,32.0,2,119.0,60.0,23.9375,0.0,relay_anchor
dive_and_rise,32.0,3,6.5,71.0,23.9375,0.0,peripheral
dive_and_rise,32.0,4,6.5,49.0,23.9375,0.0,peripheral
dive_and_rise,32.25,0,184.5,86.125,24.3438,0.0,peripheral
dive_and_rise,32.25,1,184.5,33.875,24.3438,0.0,peripheral
dive_and_rise,32.25,2,119.5,60.0,24.3438,0.0,relay_anchor
dive_and_rise,32.25,3,5.5,71.125,24.3438,0.0,peripheral
dive_and_rise,32.25,4,5.5,48.875,24.3438,0.0,peripheral
dive_and_rise,32.5,0,185.5,86.25,24.75,0.0,peripheral
dive_and_rise,32.5,1,185.5,33.75,24.75,0.0,peripheral
dive_and_rise,32.5,2,120.0,60.0,24.75,0.0,relay_anchor
dive_and_rise,32.5,3,4.5,71.25,24.75,0.0,peripheral
dive_and_rise,32.5,4,4.5,48.75,24.75,0.0,peripheral
dive_and_rise,32.75,0,186.5,86.375,25.1562,0.0,peripheral
dive_and_rise,32.75,1,186.5,33.625,25.1562,0.0,peripheral
dive_and_rise,32.75,2,120.5,60.0,25.1562,0.0,relay_anchor
dive_and_rise,32.75,3,3.5,71.375,25.1562,0.0,peripheral
dive_and_rise,32.75,4,3.5,48.625,25.1562,0.0,peripheral
dive_and_rise,33.0,0,187.5,86.5,25.5625,0.0,peripheral
dive_and_rise,33.0,1,187.5,33.5,25.5625,0.0,peripheral
dive_and_rise,33.0,2,121.0,60.0,25.5625,0.0,relay_anchor
dive_and_rise,33.0,3,2.5,71.5,25.5625,0.0,peripheral
dive_and_rise,33.0,4,2.5,48.5,25.5625,0.0,peripheral
dive_and_rise,33.25,0,188.5,86.625,25.9688,0.0,peripheral
dive_and_rise,33.25,1,188.5,33.375,25.9688,0.0,peripheral
dive_and_rise,33.25,2,121.5,60.0,25.9688,0.0,relay_anchor
dive_and_rise,33.25,3,1.5,71.625,25.9688,0.0,peripheral
dive_and_rise,33.25,4,1.5,48.375,25.9688,0.0,peripheral
dive_and_rise,33.5,0,189.5,86.75,26.375,0.0,peripheral
dive_and_rise,33.5,1,189.5,33.25,26.375,0.0,peripheral
dive_and_rise,33.5,2,122.0,60.0,26.375,0.0,relay_anchor
dive_and_rise,33.5,3,0.5,71.75,26.375,0.0,peripheral
dive_and_rise,33.5,4,0.5,48.25,26.375,0.0,peripheral
dive_and_rise,33.75,0,190.5,86.875,26.7812,0.0,peripheral
dive_and_rise,33.75,1,190.5,33.125,26.7812,0.0,peripheral
dive_and_rise,33.75,2,122.5,60.0,26.7812,0.0,relay_anchor
dive_and_rise,33.75,3,-0.5,71.875,26.7812,0.0,peripheral
dive_and_rise,33.75,4,-0.5,48.125,26.7812,0.0,peripheral
dive_and_rise,34.0,0,191.5,87.0,27.1875,0.0,peripheral
dive_and_rise,34.0,1,191.5,33.0,27.1875,0.0,peripheral
dive_and_rise,34.0,2,123.0,60.0,27.1875,0.0,relay_anchor
dive_and_rise,34.0,3,-1.5,72.0,27.1875,0.0,peripheral
dive_and_rise,34.0,4,-1.5,48.0,27.1875,0.0,peripheral
dive_and_rise,34.25,0,192.5,87.125,27.5938,0.0,peripheral
dive_and_rise,34.25,1,192.5,32.875,27.5938,0.0,peripheral
dive_and_rise,34.25,2,123.5,60.0,27.5938,0.0,relay_anchor
dive_and_rise,34.25,3,-2.5,72.125,27.5938,0.0,peripheral
dive_and_rise,34.25,4,-2.5,47.875,27.5938,0.0,peripheral
dive_and_rise,34.5,0,193.5,87.25,28.0,0.0,peripheral
dive_and_rise,34.5,1,193.5,32.75,28.0,0.0,peripheral
dive_and_rise,34.5,2,124.0,60.0,28.0,0.0,relay_anchor
dive_and_rise,34.5,3,-3.5,72.25,28.0,0.0,peripheral
dive_and_rise,34.5,4,-3.5,47.75,28.0,0.0,peripheral
dive_and_rise,34.75,0,194.5,87.375,28.4062,0.0,peripheral
dive_and_rise,34.75,1,194.5,32.625,28.4062,0.0,peripheral
dive_and_rise,34.75,2,124.5,60.0,28.4062,0.0,relay_anchor
dive_and_rise,34.75,3,-4.5,72.375,28.4062,0.0,peripheral
dive_and_rise,34.75,4,-4.5,47.625,28.4062,0.0,peripheral
dive_and_rise,35.0,0,195.5,87.5,28.8125,0.0,peripheral
dive_and_rise,35.0,1,195.5,32.5,28.8125,0.0,peripheral
dive_and_rise,35.0,2,125.0,60.0,28.8125,0.0,relay_anchor
dive_and_rise,35.0,3,-5.5,72.5,28.8125,0.0,peripheral
dive_and_rise,35.0,4,-5.5,47.5,28.8125,0.0,peripheral
dive_and_rise,35.25,0,196.5,87.625,29.2188,0.0,peripheral
dive_and_rise,35.25,1,196.5,32.375,29.2188,0.0,peripheral
dive_and_rise,35.25,2,125.5,60.0,29.2188,0.0,relay_anchor
dive_and_rise,35.25,3,-6.5,72.625,29.2188,0.0,peripheral
dive_and_rise,35.25,4,-6.5,47.375,29.2188,0.0,peripheral
dive_and_rise,35.5,0,197.5,87.75,29.625,0.0,peripheral
dive_and_rise,35.5,1,197.5,32.25,29.625,0.0,peripheral
dive_and_rise,35.5,2,126.0,60.0,29.625,0.0,relay_anchor
dive_and_rise,35.5,3,-7.5,72.75,29.625,0.0,peripheral
dive_and_rise,35.5,4,-7.5,47.25,29.625,0.0,peripheral
dive_and_rise,35.75,0,198.5,87.875,30.0312,0.0,peripheral
dive_and_rise,35.75,1,198.5,32.125,30.0312,0.0,peripheral
dive_and_rise,35.75,2,126.5,60.0,30.0312,0.0,relay_anchor
dive_and_rise,35.75,3,-8.5,72.875,30.0312,0.0,peripheral
dive_and_rise,35.75,4,-8.5,47.125,30.0312,0.0,peripheral
dive_and_rise,36.0,0,199.5,88.0,30.4375,0.0,peripheral
dive_and_rise,36.0,1,199.5,32.0,30.4375,0.0,peripheral
dive_and_rise,36.0,2,127.0,60.0,30.4375,0.0,relay_anchor
dive_and_rise,36.0,3,-9.5,73.0,30.4375,0.0,peripheral
dive_and_rise,36.0,4,-9.5,47.0,30.4375,0.0,peripheral
dive_and_rise,36.25,0,200.5,88.125,30.8438,0.0,peripheral
dive_and_rise,36.25,1,200.5,31.875,30.8438,0.0,peripheral
dive_and_rise,36.25,2,127.5,60.0,30.8438,0.0,relay_anchor
dive_and_rise,36.25,3,-10.5,73.125,30.8438,0.0,peripheral
dive_and_rise,36.25,4,-10.5,46.875,30.8438,0.0,peripheral
dive_and_rise,36.5,0,201.5,88.25,31.25,0.0,peripheral
dive_and_rise,36.5,1,201.5,31.75,31.25,0.0,peripheral
dive_and_rise,36.5,2,128.0,60.0,31.25,0.0,relay_anchor
dive_and_rise,36.5,3,-11.5,73.25,31.25,0.0,peripheral
dive_and_rise,36.5,4,-11.5,46.75,31.25,0.0,peripheral
dive_and_rise,36.75,0,202.5,88.375,31.6562,0.0,peripheral
dive_and_rise,36.75,1,202.5,31.625,31.6562,0.0,peripheral
dive_and_rise,36.75,2,128.5,60.0,31.6562,0.0,relay_anchor
dive_and_rise,36.75,3,-12.5,73.375,31.6562,0.0,peripheral
dive_and_rise,36.75,4,-12.5,46.625,31.6562,0.0,peripheral
dive_and_rise,37.0,0,203.5,88.5,32.0625,0.0,peripheral
dive_and_rise,37.0,1,203.5,31.5,32.0625,0.0,peripheral
dive_and_rise,37.0,2,129.0,60.0,32.0625,0.0,relay_anchor
dive_and_rise,37.0,3,-13.5,73.5,32.0625,0.0,peripheral
dive_and_rise,37.0,4,-13.5,46.5,32.0625,0.0,peripheral
dive_and_rise,37.25,0,204.5,88.625,32.4688,0.0,peripheral
dive_and_rise,37.25,1,204.5,31.375,32.4688,0.0,peripheral
dive_and_rise,37.25,2,129.5,60.0,32.4688,0.0,relay_anchor
dive_and_rise,37.25,3,-14.5,73.625,32.4688,0.0,peripheral
dive_and_rise,37.25,4,-14.5,46.375,32.4688,0.0,peripheral
dive_and_rise,37.5,0,205.5,88.75,32.875,0.0,peripheral
dive_and_rise,37.5,1,205.5,31.25,32.875,0.0,peripheral
dive_and_rise,37.5,2,130.0,60.0,32.875,0.0,relay_anchor
dive_and_rise,37.5,3,-15.5,73.75,32.875,0.0,peripheral
dive_and_rise,37.5,4,-15.5,46.25,32.875,0.0,peripheral
dive_and_rise,37.75,0,206.5,88.875,33.2812,0.0,peripheral
dive_and_rise,37.75,1,206.5,31.125,33.2812,0.0,peripheral
dive_and_rise,37.75,2,130.5,60.0,33.2812,0.0,relay_anchor
dive_and_rise,37.75,3,-16.5,73.875,33.2812,0.0,peripheral
dive_and_rise,37.75,4,-16.5,46.125,33.2812,0.0,peripheral
dive_and_rise,38.0,0,207.5,89.0,33.6875,0.0,peripheral
dive_and_rise,38.0,1,207.5,31.0,33.6875,0.0,peripheral
dive_and_rise,38.0,2,131.0,60.0,33.6875,0.0,relay_anchor
dive_and_rise,38.0,3,-17.5,74.0,33.6875,0.0,peripheral
dive_and_rise,38.0,4,-17.5,46.0,33.6875,0.0,peripheral
dive_and_rise,38.25,0,208.5,89.125,34.0938,0.0,peripheral
dive_and_rise,38.25,1,208.5,30.875,34.0938,0.0,peripheral
dive_and_rise,38.25,2,131.5,60.0,34.0938,0.0,relay_anchor
dive_and_rise,38.25,3,-18.5,74.125,34.0938,0.0,peripheral
dive_and_rise,38.25,4,-18.5,45.875,34.0938,0.0,peripheral
dive_and_rise,38.5,0,209.5,89.25,34.5,0.0,peripheral
dive_and_rise,38.5,1,209.5,30.75,34.5,0.0,peripheral
dive_and_rise,38.5,2,132.0,60.0,34.5,0.0,relay_anchor
dive_and_rise,38.5,3,-19.5,74.25,34.5,0.0,peripheral
dive_and_rise,38.5,4,-19.5,45.75,34.5,0.0,peripheral
dive_and_rise,38.75,0,210.5,89.375,34.9062,0.0,peripheral
dive_and_rise,38.75,1,210.5,30.625,34.9062,0.0,peripheral
dive_and_rise,38.75,2,132.5,60.0,34.9062,0.0,relay_anchor
dive_and_rise,38.75,3,-20.5,74.375,34.9062,0.0,peripheral
dive_and_rise,38.75,4,-20.5,45.625,34.9062,0.0,peripheral
dive_and_rise,39.0,0,211.5,89.5,35.3125,0.0,peripheral
dive_and_rise,39.0,1,211.5,30.5,35.3125,0.0,peripheral
dive_and_rise,39.0,2,133.0,60.0,35.3125,0.0,relay_anchor
dive_and_rise,39.0,3,-21.5,74.5,35.3125,0.0,peripheral
dive_and_rise,39.0,4,-21.5,45.5,35.3125,0.0,peripheral
dive_and_rise,39.25,0,212.5,89.625,35.7188,0.0,peripheral
dive_and_rise,39.25,1,212.5,30.375,35.7188,0.0,peripheral
dive_and_rise,39.25,2,133.5,60.0,35.7188,0.0,relay_anchor
dive_and_rise,39.25,3,-22.5,74.625,35.7188,0.0,peripheral
dive_and_rise,39.25,4,-22.5,45.375,35.7188,0.0,peripheral
dive_and_rise,39.5,0,213.5,89.75,36.125,0.0,peripheral
dive_and_rise,39.5,1,213.5,30.25,36.125,0.0,peripheral
dive_and_rise,39.5,2,134.0,60.0,36.125,0.0,relay_anchor
dive_and_rise,39.5,3,-23.5,74.75,36.125,0.0,peripheral
dive_and_rise,39.5,4,-23.5,45.25,36.125,0.0,peripheral
dive_and_rise,39.75,0,214.5,89.875,36.5312,0.0,peripheral
dive_and_rise,39.75,1,214.5,30.125,36.5312,0.0,peripheral
dive_and_rise,39.75,2,134.5,60.0,36.5312,0.0,relay_anchor
dive_and_rise,39.75,3,-24.5,74.875,36.5312,0.0,peripheral
dive_and_rise,39.75,4,-24.5,45.125,36.5312,0.0,peripheral
dive_and_rise,40.0,0,215.5,90.0,36.9375,0.0,peripheral
dive_and_rise,40.0,1,215.5,30.0,36.9375,0.0,peripheral
dive_and_rise,40.0,2,135.0,60.0,36.9375,0.0,relay_anchor
dive_and_rise,40.0,3,-25.5,75.0,36.9375,0.0,peripheral
dive_and_rise,40.0,4,-25.5,45.0,36.9375,0.0,peripheral
dive_and_rise,40.25,0,216.5,90.125,37.3438,0.0,peripheral
dive_and_rise,40.25,1,216.5,29.875,37.3438,0.0,peripheral
dive_and_rise,40.25,2,135.5,60.0,37.3438,0.0,relay_anchor
dive_and_rise,40.25,3,-26.5,75.125,37.3438,0.0,peripheral
dive_and_rise,40.25,4,-26.5,44.875,37.3438,0.0,peripheral
dive_and_rise,40.5,0,217.5,90.25,37.75,0.0,peripheral
dive_and_rise,40.5,1,217.5,29.75,37.75,0.0,peripheral
dive_and_rise,40.5,2,136.0,60.0,37.75,0.0,relay_anchor
dive_and_rise,40.5,3,-27.5,75.25,37.75,0.0,peripheral
dive_and_rise,40.5,4,-27.5,44.75,37.75,0.0,peripheral
dive_and_rise,40.75,0,218.5,90.375,38.1562,0.0,peripheral
dive_and_rise,40.75,1,218.5,29.625,38.1562,0.0,peripheral
dive_and_rise,40.75,2,136.5,60.0,38.1562,0.0,relay_anchor
dive_and_rise,40.75,3,-28.5,75.375,38.1562,0.0,peripheral
dive_and_rise,40.75,4,-28.5,44.625,38.1562,0.0,peripheral
dive_and_rise,41.0,0,219.5,90.5,38.5625,0.0,peripheral
dive_and_rise,41.0,1,219.5,29.5,38.5625,0.0,peripheral
dive_and_rise,41.0,2,137.0,60.0,38.5625,0.0,relay_anchor
dive_and_rise,41.0,3,-29.5,75.5,38.5625,0.0,peripheral
dive_and_rise,41.0,4,-29.5,44.5,38.5625,0.0,peripheral
dive_and_rise,41.25,0,220.5,90.625,38.9688,0.0,peripheral
dive_and_rise,41.25,1,220.5,29.375,38.9688,0.0,peripheral
dive_and_rise,41.25,2,137.5,60.0,38.9688,0.0,relay_anchor
dive_and_rise,41.25,3,-30.5,75.625,38.9688,0.0,peripheral
dive_and_rise,41.25,4,-30.5,44.375,38.9688,0.0,peripheral
dive_and_rise,41.5,0,221.5,90.75,39.375,0.0,peripheral
dive_and_rise,41.5,1,221.5,29.25,39.375,0.0,peripheral
dive_and_rise,41.5,2,138.0,60.0,39.375,0.0,relay_anchor
dive_and_rise,41.5,3,-31.5,75.75,39.375,0.0,peripheral
dive_and_rise,41.5,4,-31.5,44.25,39.375,0.0,peripheral
dive_and_rise,41.75,0,222.5,90.875,39.7812,0.0,peripheral
dive_and_rise,41.75,1,222.5,29.125,39.7812,0.0,peripheral
dive_and_rise,41.75,2,138.5,60.0,39.7812,0.0,relay_anchor
dive_and_rise,41.75,3,-32.5,75.875,39.7812,0.0,peripheral
dive_and_rise,41.75,4,-32.5,44.125,39.7812,0.0,peripheral
dive_and_rise,42.0,0,223.5,91.0,40.1875,0.0,peripheral
dive_and_rise,42.0,1,223.5,29.0,40.1875,0.0,peripheral
dive_and_rise,42.0,2,139.0,60.0,40.1875,0.0,relay_anchor
dive_and_rise,42.0,3,-33.5,76.0,40.1875,0.0,peripheral
dive_and_rise,42.0,4,-33.5,44.0,40.1875,0.0,peripheral
dive_and_rise,42.25,0,224.5,91.125,40.5938,0.0,peripheral
dive_and_rise,42.25,1,224.5,28.875,40.5938,0.0,peripheral
dive_and_rise,42.25,2,139.5,60.0,40.5938,0.0,relay_anchor
dive_and_rise,42.25,3,-34.5,76.125,40.5938,0.0,peripheral
dive_and_rise,42.25,4,-34.5,43.875,40.5938,0.0,peripheral
dive_and_rise,42.5,0,225.5,91.25,41.0,0.0,peripheral
dive_and_rise,42.5,1,225.5,28.75,41.0,0.0,peripheral
dive_and_rise,42.5,2,140.0,60.0,41.0,0.0,relay_anchor
dive_and_rise,42.5,3,-35.5,76.25,41.0,0.0,peripheral
dive_and_rise,42.5,4,-35.5,43.75,41.0,0.0,peripheral
dive_and_rise,42.75,0,226.5,91.375,41.4062,0.0,peripheral
dive_and_rise,42.75,1,226.5,28.625,41.4062,0.0,peripheral
dive_and_rise,42.75,2,140.5,60.0,41.4062,0.0,relay_anchor
dive_and_rise,42.75,3,-36.5,76.375,41.4062,0.0,peripheral
dive_and_rise,42.75,4,-36.5,43.625,41.4062,0.0,peripheral
dive_and_rise,43.0,0,227.5,91.5,41.8125,0.0,peripheral
dive_and_rise,43.0,1,227.5,28.5,41.8125,0.0,peripheral
dive_and_rise,43.0,2,141.0,60.0,41.8125,0.0,relay_anchor
dive_and_rise,43.0,3,-37.5,76.5,41.8125,0.0,peripheral
dive_and_rise,43.0,4,-37.5,43.5,41.8125,0.0,peripheral
dive_and_rise,43.25,0,228.5,91.625,42.2188,0.0,peripheral
dive_and_rise,43.25,1,228.5,28.375,42.2188,0.0,peripheral
dive_and_rise,43.25,2,141.5,60.0,42.2188,0.0,relay_anchor
dive_and_rise,43.25,3,-38.5,76.625,42.2188,0.0,peripheral
dive_and_rise,43.25,4,-38.5,43.375,42.2188,0.0,peripheral
dive_and_rise,43.5,0,229.5,91.75,42.625,0.0,peripheral
dive_and_rise,43.5,1,229.5,28.25,42.625,0.0,peripheral
dive_and_rise,43.5,2,142.0,60.0,42.625,0.0,relay_anchor
dive_and_rise,43.5,3,-39.5,76.75,42.625,0.0,peripheral
dive_and_rise,43.5,4,-39.5,43.25,42.625,0.0,peripheral
dive_and_rise,43.75,0,230.5,91.875,43.0312,0.0,peripheral
dive_and_rise,43.75,1,230.5,28.125,43.0312,0.0,peripheral
dive_and_rise,43.75,2,142.5,60.0,43.0312,0.0,relay_anchor
dive_and_rise,43.75,3,-40.5,76.875,43.0312,0.0,peripheral
dive_and_rise,43.75,4,-40.5,43.125,43.0312,0.0,peripheral
dive_and_rise,44.0,0,231.5,92.0,43.4375,0.0,peripheral
dive_and_rise,44.0,1,231.5,28.0,43.4375,0.0,peripheral
dive_and_rise,44.0,2,143.0,60.0,43.4375,0.0,relay_anchor
dive_and_rise,44.0,3,-41.5,77.0,43.4375,0.0,peripheral
dive_and_rise,44.0,4,-41.5,43.0,43.4375,0.0,peripheral
dive_and_rise,44.25,0,232.5,92.125,43.8438,0.0,peripheral
dive_and_rise,44.25,1,232.5,27.875,43.8438,0.0,peripheral
dive_and_rise,44.25,2,143.5,60.0,43.8438,0.0,relay_anchor
dive_and_rise,44.25,3,-42.5,77.125,43.8438,0.0,peripheral
dive_and_rise,44.25,4,-42.5,42.875,43.8438,0.0,peripheral
dive_and_rise,44.5,0,233.5,92.25,44.25,0.0,peripheral
dive_and_rise,44.5,1,233.5,27.75,44.25,0.0,peripheral
dive_and_rise,44.5,2,144.0,60.0,44.25,0.0,relay_anchor
dive_and_rise,44.5,3,-43.5,77.25,44.25,0.0,peripheral
dive_and_rise,44.5,4,-43.5,42.75,44.25,0.0,peripheral
dive_and_rise,44.75,0,234.5,92.375,44.6562,0.0,peripheral
dive_and_rise,44.75,1,234.5,27.625,44.6562,0.0,peripheral
dive_and_rise,44.75,2,144.5,60.0,44.6562,0.0,relay_anchor
dive_and_rise,44.75,3,-44.5,77.375,44.6562,0.0,peripheral
dive_and_rise,44.75,4,-44.5,42.625,44.6562,0.0,peripheral
dive_and_rise,45.0,0,235.5,92.5,45.0625,0.0,peripheral
dive_and_rise,45.0,1,235.5,27.5,45.0625,0.0,peripheral
dive_and_rise,45.0,2,145.0,60.0,45.0625,0.0,relay_anchor
dive_and_rise,45.0,3,-45.5,77.5,45.0625,0.0,peripheral
dive_and_rise,45.0,4,-45.5,42.5,45.0625,0.0,peripheral
dive_and_rise,45.25,0,236.5,92.625,45.4688,0.0,peripheral
dive_and_rise,45.25,1,236.5,27.375,45.4688,0.0,peripheral
dive_and_rise,45.25,2,145.5,60.0,45.4688,0.0,relay_anchor
dive_and_rise,45.25,3,-46.5,77.625,45.4688,0.0,peripheral
dive_and_rise,45.25,4,-46.5,42.375,45.4688,0.0,peripheral
dive_and_rise,45.5,0,237.5,92.75,45.875,0.0,peripheral
dive_and_rise,45.5,1,237.5,27.25,45.875,0.0,peripheral
dive_and_rise,45.5,2,146.0,60.0,45.875,0.0,relay_anchor
dive_and_rise,45.5,3,-47.5,77.75,45.875,0.0,peripheral
dive_and_rise,45.5,4,-47.5,42.25,45.875,0.0,peripheral
dive_and_rise,45.75,0,238.5,92.875,46.2812,0.0,peripheral
dive_and_rise,45.75,1,238.5,27.125,46.2812,0.0,peripheral
dive_and_rise,45.75,2,146.5,60.0,46.2812,0.0,relay_anchor
dive_and_rise,45.75,3,-48.5,77.875,46.2812,0.0,peripheral
dive_and_rise,45.75,4,-48.5,42.125,46.2812,0.0,peripheral
dive_and_rise,46.0,0,239.5,93.0,46.6875,0.0,peripheral
dive_and_rise,46.0,1,239.5,27.0,46.6875,0.0,peripheral
dive_and_rise,46.0,2,147.0,60.0,46.6875,0.0,relay_anchor
dive_and_rise,46.0,3,-49.5,78.0,46.6875,0.0,peripheral
dive_and_rise,46.0,4,-49.5,42.0,46.6875,0.0,peripheral
dive_and_rise,46.25,0,240.5,93.125,47.0938,0.0,peripheral
dive_and_rise,46.25,1,240.5,26.875,47.0938,0.0,peripheral
dive_and_rise,46.25,2,147.5,60.0,47.0938,0.0,relay_anchor
dive_and_rise,46.25,3,-50.5,78.125,47.0938,0.0,peripheral
dive_and_rise,46.25,4,-50.5,41.875,47.0938,0.0,peripheral
dive_and_rise,46.5,0,241.5,93.25,47.5,0.0,peripheral
dive_and_rise,46.5,1,241.5,26.75,47.5,0.0,peripheral
dive_and_rise,46.5,2,148.0,60.0,47.5,0.0,relay_anchor
dive_and_rise,46.5,3,-51.5,78.25,47.5,0.0,peripheral
dive_and_rise,46.5,4,-51.5,41.75,47.5,0.0,peripheral
dive_and_rise,46.75,0,242.5,93.375,47.9062,0.0,peripheral
dive_and_rise,46.75,1,242.5,26.625,47.9062,0.0,peripheral
dive_and_rise,46.75,2,148.5,60.0,47.9062,0.0,relay_anchor
dive_and_rise,46.75,3,-52.5,78.375,47.9062,0.0,peripheral
dive_and_rise,46.75,4,-52.5,41.625,47.9062,0.0,peripheral
dive_and_rise,47.0,0,243.5,93.5,48.3125,0.0,peripheral
dive_and_rise,47.0,1,243.5,26.5,48.3125,0.0,peripheral
dive_and_rise,47.0,2,149.0,60.0,48.3125,0.0,relay_anchor
dive_and_rise,47.0,3,-53.5,78.5,48.3125,0.0,peripheral
dive_and_rise,47.0,4,-53.5,41.5,48.3125,0.0,peripheral
dive_and_rise,47.25,0,244.5,93.625,48.7188,0.0,peripheral
dive_and_rise,47.25,1,244.5,26.375,48.7188,0.0,peripheral
dive_and_rise,47.25,2,149.5,60.0,48.7188,0.0,relay_anchor
dive_and_rise,47.25,3,-54.5,78.625,48.7188,0.0,peripheral
dive_and_rise,47.25,4,-54.5,41.375,48.7188,0.0,peripheral
dive_and_rise,47.5,0,245.5,93.75,49.125,0.0,peripheral
dive_and_rise,47.5,1,245.5,26.25,49.125,0.0,peripheral
dive_and_rise,47.5,2,150.0,60.0,49.125,0.0,relay_anchor
dive_and_rise,47.5,3,-55.5,78.75,49.125,0.0,peripheral
dive_and_rise,47.5,4,-55.5,41.25,49.125,0.0,peripheral
dive_and_rise,47.75,0,246.5,93.875,49.5312,0.0,peripheral
dive_and_rise,47.75,1,246.5,26.125,49.5312,0.0,peripheral
dive_and_rise,47.75,2,150.5,60.0,49.5312,0.0,relay_anchor
dive_and_rise,47.75,3,-56.5,78.875,49.5312,0.0,peripheral
dive_and_rise,47.75,4,-56.5,41.125,49.5312,0.0,peripheral
dive_and_rise,48.0,0,247.5,94.0,49.9375,0.0,peripheral
dive_and_rise,48.0,1,247.5,26.0,49.9375,0.0,peripheral
dive_and_rise,48.0,2,151.0,60.0,49.9375,0.0,relay_anchor
dive_and_rise,48.0,3,-57.5,79.0,49.9375,0.0,peripheral
dive_and_rise,48.0,4,-57.5,41.0,49.9375,0.0,peripheral
dive_and_rise,48.25,0,248.5,94.125,50.3438,0.0,peripheral
dive_and_rise,48.25,1,248.5,25.875,50.3438,0.0,peripheral
dive_and_rise,48.25,2,151.5,60.0,50.3438,0.0,relay_anchor
dive_and_rise,48.25,3,-58.5,79.125,50.3438,0.0,peripheral
dive_and_rise,48.25,4,-58.5,40.875,50.3438,0.0,peripheral
dive_and_rise,48.5,0,249.5,94.25,50.75,0.0,peripheral
dive_and_rise,48.5,1,249.5,25.75,50.75,0.0,peripheral
dive_and_rise,48.5,2,152.0,60.0,50.75,0.0,relay_anchor
dive_and_rise,48.5,3,-59.5,79.25,50.75,0.0,peripheral
dive_and_rise,48.5,4,-59.5,40.75,50.75,0.0,peripheral
dive_and_rise,48.75,0,250.5,94.375,51.1562,0.0,peripheral
dive_and_rise,48.75,1,250.5,25.625,51.1562,0.0,peripheral
dive_and_rise,48.75,2,152.5,60.0,51.1562,0.0,relay_anchor
dive_and_rise,48.75,3,-60.5,79.375,51.1562,0.0,peripheral
dive_and_rise,48.75,4,-60.5,40.625,51.1562,0.0,peripheral
dive_and_rise,49.0,0,251.5,94.5,51.5625,0.0,peripheral
dive_and_rise,49.0,1,251.5,25.5,51.5625,0.0,peripheral
dive_and_rise,49.0,2,153.0,60.0,51.5625,0.0,relay_anchor
dive_and_rise,49.0,3,-61.5,79.5,51.5625,0.0,peripheral
dive_and_rise,49.0,4,-61.5,40.5,51.5625,0.0,peripheral
dive_and_rise,49.25,0,252.5,94.625,51.9688,0.0,peripheral
dive_and_rise,49.25,1,252.5,25.375,51.9688,0.0,peripheral
dive_and_rise,49.25,2,153.5,60.0,51.9688,0.0,relay_anchor
dive_and_rise,49.25,3,-62.5,79.625,51.9688,0.0,peripheral
dive_and_rise,49.25,4,-62.5,40.375,51.9688,0.0,peripheral
dive_and_rise,49.5,0,253.5,94.75,52.375,0.0,peripheral
dive_and_rise,49.5,1,253.5,25.25,52.375,0.0,peripheral
dive_and_rise,49.5,2,154.0,60.0,52.375,0.0,relay_anchor
dive_and_rise,49.5,3,-63.5,79.75,52.375,0.0,peripheral
dive_and_rise,49.5,4,-63.5,40.25,52.375,0.0,peripheral
dive_and_rise,49.75,0,254.5,94.875,52.7812,0.0,peripheral
dive_and_rise,49.75,1,254.5,25.125,52.7812,0.0,peripheral
dive_and_rise,49.75,2,154.5,60.0,52.7812,0.0,relay_anchor
dive_and_rise,49.75,3,-64.5,79.875,52.7812,0.0,peripheral
dive_and_rise,49.75,4,-64.5,40.125,52.7812,0.0,peripheral
dive_and_rise,50.0,0,255.5,95.0,53.1875,0.0,peripheral
dive_and_rise,50.0,1,255.5,25.0,53.1875,0.0,peripheral
dive_and_rise,50.0,2,155.0,60.0,53.1875,0.0,relay_anchor
dive_and_rise,50.0,3,-65.5,80.0,53.1875,0.0,peripheral
dive_and_rise,50.0,4,-65.5,40.0,53.1875,0.0,peripheral
dive_and_rise,50.25,0,256.5,95.125,53.5938,0.0,peripheral
dive_and_rise,50.25,1,256.5,24.875,53.5938,0.0,peripheral
dive_and_rise,50.25,2,155.5,60.0,53.5938,0.0,relay_anchor
dive_and_rise,50.25,3,-66.5,80.125,53.5938,0.0,peripheral
dive_and_rise,50.25,4,-66.5,39.875,53.5938,0.0,peripheral
dive_and_rise,50.5,0,257.5,95.25,54.0,0.0,peripheral
dive_and_rise,50.5,1,257.5,24.75,54.0,0.0,peripheral
dive_and_rise,50.5,2,156.0,60.0,54.0,0.0,relay_anchor
dive_and_rise,50.5,3,-67.5,80.25,54.0,0.0,peripheral
dive_and_rise,50.5,4,-67.5,39.75,54.0,0.0,peripheral
dive_and_rise,50.75,0,258.5,95.375,54.4062,0.0,peripheral
dive_and_rise,50.75,1,258.5,24.625,54.4062,0.0,peripheral
dive_and_rise,50.75,2,156.5,60.0,54.4062,0.0,relay_anchor
dive_and_rise,50.75,3,-68.5,80.375,54.4062,0.0,peripheral
dive_and_rise,50.75,4,-68.5,39.625,54.4062,0.0,peripheral
dive_and_rise,51.0,0,259.5,95.5,54.8125,0.0,peripheral
dive_and_rise,51.0,1,259.5,24.5,54.8125,0.0,peripheral
dive_and_rise,51.0,2,157.0,60.0,54.8125,0.0,relay_anchor
dive_and_rise,51.0,3,-69.5,80.5,54.8125,0.0,peripheral
dive_and_rise,51.0,4,-69.5,39.5,54.8125,0.0,peripheral
dive_and_rise,51.25,0,260.5,95.625,55.2188,0.0,peripheral
dive_and_rise,51.25,1,260.5,24.375,55.2188,0.0,peripheral
dive_and_rise,51.25,2,157.5,60.0,55.2188,0.0,relay_anchor
dive_and_rise,51.25,3,-70.5,80.625,55.2188,0.0,peripheral
dive_and_rise,51.25,4,-70.5,39.375,55.2188,0.0,peripheral
dive_and_rise,51.5,0,261.5,95.75,55.625,0.0,peripheral
dive_and_rise,51.5,1,261.5,24.25,55.625,0.0,peripheral
dive_and_rise,51.5,2,158.0,60.0,55.625,0.0,relay_anchor
dive_and_rise,51.5,3,-71.5,80.75,55.625,0.0,peripheral
dive_and_rise,51.5,4,-71.5,39.25,55.625,0.0,peripheral
dive_and_rise,51.75,0,262.5,95.875,56.0312,0.0,peripheral
dive_and_rise,51.75,1,262.5,24.125,56.0312,0.0,peripheral
dive_and_rise,51.75,2,158.5,60.0,56.0312,0.0,relay_anchor
dive_and_rise,51.75,3,-72.5,80.875,56.0312,0.0,peripheral
dive_and_rise,51.75,4,-72.5,39.125,56.0312,0.0,peripheral
dive_and_rise,52.0,0,263.5,96.0,56.4375,0.0,peripheral
dive_and_rise,52.0,1,263.5,24.0,56.4375,0.0,peripheral
dive_and_rise,52.0,2,159.0,60.0,56.4375,0.0,relay_anchor
dive_and_rise,52.0,3,-73.5,81.0,56.4375,0.0,peripheral
dive_and_rise,52.0,4,-73.5,39.0,56.4375,0.0,peripheral
dive_and_rise,52.25,0,264.5,96.125,56.8438,0.0,peripheral
dive_and_rise,52.25,1,264.5,23.875,56.8438,0.0,peripheral
dive_and_rise,52.25,2,159.5,60.0,56.8438,0.0,relay_anchor
dive_and_rise,52.25,3,-74.5,81.125,56.8438,0.0,peripheral
dive_and_rise,52.25,4,-74.5,38.875,56.8438,0.0,peripheral
dive_and_rise,52.5,0,265.5,96.25,57.25,0.0,peripheral
dive_and_rise,52.5,1,265.5,23.75,57.25,0.0,peripheral
dive_and_rise,52.5,2,160.0,60.0,57.25,0.0,relay_anchor
dive_and_rise,52.5,3,-75.5,81.25,57.25,0.0,peripheral
dive_and_rise,52.5,4,-75.5,38.75,57.25,0.0,peripheral
dive_and_rise,52.75,0,266.5,96.375,57.6562,0.0,peripheral
dive_and_rise,52.75,1,266.5,23.625,57.6562,0.0,peripheral
dive_and_rise,52.75,2,160.5,60.0,57.6562,0.0,relay_anchor
dive_and_rise,52.75,3,-76.5,81.375,57.6562,0.0,peripheral
dive_and_rise,52.75,4,-76.5,38.625,57.6562,0.0,peripheral
dive_and_rise,53.0,0,267.5,96.5,58.0625,0.0,peripheral
dive_and_rise,53.0,1,267.5,23.5,58.0625,0.0,peripheral
dive_and_rise,53.0,2,161.0,60.0,58.0625,0.0,relay_anchor
dive_and_rise,53.0,3,-77.5,81.5,58.0625,0.0,peripheral
dive_and_rise,53.0,4,-77.5,38.5,58.0625,0.0,peripheral
dive_and_rise,53.25,0,268.5,96.625,58.4688,0.0,peripheral
dive_and_rise,53.25,1,268.5,23.375,58.4688,0.0,peripheral
dive_and_rise,53.25,2,161.5,60.0,58.4688,0.0,relay_anchor
dive_and_rise,53.25,3,-78.5,81.625,58.4688,0.0,peripheral
dive_and_rise,53.25,4,-78.5,38.375,58.4688,0.0,peripheral
dive_and_rise,53.5,0,269.5,96.75,58.875,0.0,peripheral
dive_and_rise,53.5,1,269.5,23.25,58.875,0.0,peripheral
dive_and_rise,53.5,2,162.0,60.0,58.875,0.0,relay_anchor
dive_and_rise,53.5,3,-79.5,81.75,58.875,0.0,peripheral
dive_and_rise,53.5,4,-79.5,38.25,58.875,0.0,peripheral
dive_and_rise,53.75,0,270.5,96.875,59.2812,0.0,peripheral
dive_and_rise,53.75,1,270.5,23.125,59.2812,0.0,peripheral
dive_and_rise,53.75,2,162.5,60.0,59.2812,0.0,relay_anchor
dive_and_rise,53.75,3,-80.5,81.875,59.2812,0.0,peripheral
dive_and_rise,53.75,4,-80.5,38.125,59.2812,0.0,peripheral
dive_and_rise,54.0,0,271.5,97.0,59.6875,0.0,peripheral
dive_and_rise,54.0,1,271.5,23.0,59.6875,0.0,peripheral
dive_and_rise,54.0,2,163.0,60.0,59.6875,0.0,relay_anchor
dive_and_rise,54.0,3,-81.5,82.0,59.6875,0.0,peripheral
dive_and_rise,54.0,4,-81.5,38.0,59.6875,0.0,peripheral
dive_and_rise,54.25,0,272.5,97.125,60.0938,0.0,peripheral
dive_and_rise,54.25,1,272.5,22.875,60.0938,0.0,peripheral
dive_and_rise,54.25,2,163.5,60.0,60.0938,0.0,relay_anchor
dive_and_rise,54.25,3,-82.5,82.125,60.0938,0.0,peripheral
dive_and_rise,54.25,4,-82.5,37.875,60.0938,0.0,peripheral
dive_and_rise,54.5,0,273.5,97.25,60.5,0.0,peripheral
dive_and_rise,54.5,1,273.5,22.75,60.5,0.0,peripheral
dive_and_rise,54.5,2,164.0,60.0,60.5,0.0,relay_anchor
dive_and_rise,54.5,3,-83.5,82.25,60.5,0.0,peripheral
dive_and_rise,54.5,4,-83.5,37.75,60.5,0.0,peripheral
dive_and_rise,54.75,0,274.5,97.375,60.9062,0.0,peripheral
dive_and_rise,54.75,1,274.5,22.625,60.9062,0.0,peripheral
dive_and_rise,54.75,2,164.5,60.0,60.9062,0.0,relay_anchor
dive_and_rise,54.75,3,-84.5,82.375,60.9062,0.0,peripheral
dive_and_rise,54.75,4,-84.5,37.625,60.9062,0.0,peripheral
dive_and_rise,55.0,0,275.5,97.5,61.3125,0.0,peripheral
dive_and_rise,55.0,1,275.5,22.5,61.3125,0.0,peripheral
dive_and_rise,55.0,2,165.0,60.0,61.3125,0.0,relay_anchor
dive_and_rise,55.0,3,-85.5,82.5,61.3125,0.0,peripheral
dive_and_rise,55.0,4,-85.5,37.5,61.3125,0.0,peripheral
dive_and_rise,55.25,0,276.5,97.625,61.7188,0.0,peripheral
dive_and_rise,55.25,1,276.5,22.375,61.7188,0.0,peripheral
dive_and_rise,55.25,2,165.5,60.0,61.7188,0.0,relay_anchor
dive_and_rise,55.25,3,-86.5,82.625,61.7188,0.0,peripheral
dive_and_rise,55.25,4,-86.5,37.375,61.7188,0.0,peripheral
dive_and_rise,55.5,0,277.5,97.75,62.125,0.0,peripheral
dive_and_rise,55.5,1,277.5,22.25,62.125,0.0,peripheral
dive_and_rise,55.5,2,166.0,60.0,62.125,0.0,relay_anchor
dive_and_rise,55.5,3,-87.5,82.75,62.125,0.0,peripheral
dive_and_rise,55.5,4,-87.5,37.25,62.125,0.0,peripheral
dive_and_rise,55.75,0,278.5,97.875,62.5312,0.0,peripheral
dive_and_rise,55.75,1,278.5,22.125,62.5312,0.0,peripheral
dive_and_rise,55.75,2,166.5,60.0,62.5312,0.0,relay_anchor
dive_and_rise,55.75,3,-88.5,82.875,62.5312,0.0,peripheral
dive_and_rise,55.75,4,-88.5,37.125,62.5312,0.0,peripheral
dive_and_rise,56.0,0,279.5,98.0,62.9375,0.0,peripheral
dive_and_rise,56.0,1,279.5,22.0,62.9375,0.0,peripheral
dive_and_rise,56.0,2,167.0,60.0,62.9375,0.0,relay_anchor
dive_and_rise,56.0,3,-89.5,83.0,62.9375,0.0,peripheral
dive_and_rise,56.0,4,-89.5,37.0,62.9375,0.0,peripheral
dive_and_rise,56.25,0,280.5,98.125,63.3438,0.0,peripheral
dive_and_rise,56.25,1,280.5,21.875,63.3438,0.0,peripheral
dive_and_rise,56.25,2,167.5,60.0,63.3438,0.0,relay_anchor
dive_and_rise,56.25,3,-90.5,83.125,63.3438,0.0,peripheral
dive_and_rise,56.25,4,-90.5,36.875,63.3438,0.0,peripheral
dive_and_rise,56.5,0,281.5,98.25,63.75,0.0,peripheral
dive_and_rise,56.5,1,281.5,21.75,63.75,0.0,peripheral
dive_and_rise,56.5,2,168.0,60.0,63.75,0.0,relay_anchor
dive_and_rise,56.5,3,-91.5,83.25,63.75,0.0,peripheral
dive_and_rise,56.5,4,-91.5,36.75,63.75,0.0,peripheral
dive_and_rise,56.75,0,282.5,98.375,64.1562,0.0,peripheral
dive_and_rise,56.75,1,282.5,21.625,64.1562,0.0,peripheral
dive_and_rise,56.75,2,168.5,60.0,64.1562,0.0,relay_anchor
dive_and_rise,56.75,3,-92.5,83.375,64.1562,0.0,peripheral
dive_and_rise,56.75,4,-92.5,36.625,64.1562,0.0,peripheral
dive_and_rise,57.0,0,283.5,98.5,64.5625,0.0,peripheral
dive_and_rise,57.0,1,283.5,21.5,64.5625,0.0,peripheral
dive_and_rise,57.0,2,169.0,60.0,64.5625,0.0,relay_anchor
dive_and_rise,57.0,3,-93.5,83.5,64.5625,0.0,peripheral
dive_and_rise,57.0,4,-93.5,36.5,64.5625,0.0,peripheral
dive_and_rise,57.25,0,284.5,98.625,64.9688,0.0,peripheral
dive_and_rise,57.25,1,284.5,21.375,64.9688,0.0,peripheral
dive_and_rise,57.25,2,169.5,60.0,64.9688,0.0,relay_anchor
dive_and_rise,57.25,3,-94.5,83.625,64.9688,0.0,peripheral
dive_and_rise,57.25,4,-94.5,36.375,64.9688,0.0,peripheral
dive_and_rise,57.5,0,285.5,98.75,65.375,0.0,peripheral
dive_and_rise,57.5,1,285.5,21.25,65.375,0.0,peripheral
dive_and_rise,57.5,2,170.0,60.0,65.375,0.0,relay_anchor
dive_and_rise,57.5,3,-95.5,83.75,65.375,0.0,peripheral
dive_and_rise,57.5,4,-95.5,36.25,65.375,0.0,peripheral
dive_and_rise,57.75,0,286.5,98.875,65.7812,0.0,peripheral
dive_and_rise,57.75,1,286.5,21.125,65.7812,0.0,peripheral
dive_and_rise,57.75,2,170.5,60.0,65.7812,0.0,relay_anchor
dive_and_rise,57.75,3,-96.5,83.875,65.7812,0.0,peripheral
dive_and_rise,57.75,4,-96.5,36.125,65.7812,0.0,peripheral
dive_and_rise,58.0,0,287.5,99.0,66.1875,0.0,peripheral
dive_and_rise,58.0,1,287.5,21.0,66.1875,0.0,peripheral
dive_and_rise,58.0,2,171.0,60.0,66.1875,0.0,relay_anchor
dive_and_rise,58.0,3,-97.5,84.0,66.1875,0.0,peripheral
dive_and_rise,58.0,4,-97.5,36.0,66.1875,0.0,peripheral
dive_and_rise,58.25,0,288.5,99.125,66.5938,0.0,peripheral
dive_and_rise,58.25,1,288.5,20.875,66.5938,0.0,peripheral
dive_and_rise,58.25,2,171.5,60.0,66.5938,0.0,relay_anchor
dive_and_rise,58.25,3,-98.5,84.125,66.5938,0.0,peripheral
dive_and_rise,58.25,4,-98.5,35.875,66.5938,0.0,peripheral
dive_and_rise,58.5,0,289.5,99.25,67.0,0.0,peripheral
dive_and_rise,58.5,1,289.5,20.75,67.0,0.0,peripheral
dive_and_rise,58.5,2,172.0,60.0,67.0,0.0,relay_anchor
dive_and_rise,58.5,3,-99.5,84.25,67.0,0.0,peripheral
dive_and_rise,58.5,4,-99.5,35.75,67.0,0.0,peripheral
dive_and_rise,58.75,0,290.5,99.375,67.4062,0.0,peripheral
dive_and_rise,58.75,1,290.5,20.625,67.4062,0.0,peripheral
dive_and_rise,58.75,2,172.5,60.0,67.4062,0.0,relay_anchor
dive_and_rise,58.75,3,-100.5,84.375,67.4062,0.0,peripheral
dive_and_rise,58.75,4,-100.5,35.625,67.4062,0.0,peripheral
dive_and_rise,59.0,0,291.5,99.5,67.8125,0.0,peripheral
dive_and_rise,59.0,1,291.5,20.5,67.8125,0.0,peripheral
dive_and_rise,59.0,2,173.0,60.0,67.8125,0.0,relay_anchor
dive_and_rise,59.0,3,-101.5,84.5,67.8125,0.0,peripheral
dive_and_rise,59.0,4,-101.5,35.5,67.8125,0.0,peripheral
dive_and_rise,59.25,0,292.5,99.625,68.2188,0.0,peripheral
dive_and_rise,59.25,1,292.5,20.375,68.2188,0.0,peripheral
dive_and_rise,59.25,2,173.5,60.0,68.2188,0.0,relay_anchor
dive_and_rise,59.25,3,-102.5,84.625,68.2188,0.0,peripheral
dive_and_rise,59.25,4,-102.5,35.375,68.2188,0.0,peripheral
dive_and_rise,59.5,0,293.5,99.75,68.625,0.0,peripheral
dive_and_rise,59.5,1,293.5,20.25,68.625,0.0,peripheral
dive_and_rise,59.5,2,174.0,60.0,68.625,0.0,relay_anchor
dive_and_rise,59.5,3,-103.5,84.75,68.625,0.0,peripheral
dive_and_rise,59.5,4,-103.5,35.25,68.625,0.0,peripheral
dive_and_rise,59.75,0,294.5,99.875,69.0312,0.0,peripheral
dive_and_rise,59.75,1,294.5,20.125,69.0312,0.0,peripheral
dive_and_rise,59.75,2,174.5,60.0,69.0312,0.0,relay_anchor
dive_and_rise,59.75,3,-104.5,84.875,69.0312,0.0,peripheral
dive_and_rise,59.75,4,-104.5,35.125,69.0312,0.0,peripheral
dive_and_rise,60.0,0,295.5,100.0,69.4375,0.0,peripheral
dive_and_rise,60.0,1,295.5,20.0,69.4375,0.0,peripheral
dive_and_rise,60.0,2,175.0,60.0,69.4375,0.0,relay_anchor
dive_and_rise,60.0,3,-105.5,85.0,69.4375,0.0,peripheral
dive_and_rise,60.0,4,-105.5,35.0,69.4375,0.0,peripheral
layered_corridor,0.0,0,45.0,75.0,15.0,5.0249,peripheral
layered_corridor,0.0,1,45.0,45.0,15.0,5.0249,peripheral
layered_corridor,0.0,2,60.0,60.0,45.0,5.0,relay_anchor
layered_corridor,0.0,3,75.0,45.0,15.0,5.0249,peripheral
layered_corridor,0.0,4,75.0,75.0,15.0,5.0249,peripheral
layered_corridor,0.25,0,46.25,74.875,15.0,5.0249,peripheral
layered_corridor,0.25,1,46.25,45.125,15.0,5.0249,peripheral
layered_corridor,0.25,2,61.25,60.0,45.0,5.0,relay_anchor
layered_corridor,0.25,3,76.25,44.875,15.0,5.0249,peripheral
layered_corridor,0.25,4,76.25,75.125,15.0,5.0249,peripheral
layered_corridor,0.5,0,47.5,74.75,15.0,5.0249,peripheral
layered_corridor,0.5,1,47.5,45.25,15.0,5.0249,peripheral
layered_corridor,0.5,2,62.5,60.0,45.0,5.0,relay_anchor
layered_corridor,0.5,3,77.5,44.75,15.0,5.0249,peripheral
layered_corridor,0.5,4,77.5,75.25,15.0,5.0249,peripheral
layered_corridor,0.75,0,48.75,74.625,15.0,5.0249,peripheral
layered_corridor,0.75,1,48.75,45.375,15.0,5.0249,peripheral
layered_corridor,0.75,2,63.75,60.0,45.0,5.0,relay_anchor
layered_corridor,0.75,3,78.75,44.625,15.0,5.0249,peripheral
layered_corridor,0.75,4,78.75,75.375,15.0,5.0249,peripheral
layered_corridor,1.0,0,50.0,74.5,15.0,5.0249,peripheral
layered_corridor,1.0,1,50.0,45.5,15.0,5.0249,peripheral
layered_corridor,1.0,2,65.0,60.0,45.0,5.0,relay_anchor
layered_corridor,1.0,3,80.0,44.5,15.0,5.0249,peripheral
layered_corridor,1.0,4,80.0,75.5,15.0,5.0249,peripheral
layered_corridor,1.25,0,51.25,74.375,15.0,5.0249,peripheral
layered_corridor,1.25,1,51.25,45.625,15.0,5.0249,peripheral
layered_corridor,1.25,2,66.25,60.0,45.0,5.0,relay_anchor
layered_corridor,1.25,3,81.25,44.375,15.0,5.0249,peripheral
layered_corridor,1.25,4,81.25,75.625,15.0,5.0249,peripheral
layered_corridor,1.5,0,52.5,74.25,15.0,5.0249,peripheral
layered_corridor,1.5,1,52.5,45.75,15.0,5.0249,peripheral
layered_corridor,1.5,2,67.5,60.0,45.0,5.0,relay_anchor
layered_corridor,1.5,3,82.5,44.25,15.0,5.0249,peripheral
layered_corridor,1.5,4,82.5,75.75,15.0,5.0249,peripheral
layered_corridor,1.75,0,53.75,74.125,15.0,5.0249,peripheral
layered_corridor,1.75,1,53.75,45.875,15.0,5.0249,peripheral
layered_corridor,1.75,2,68.75,60.0,45.0,5.0,relay_anchor
layered_corridor,1.75,3,83.75,44.125,15.0,5.0249,peripheral
layered_corridor,1.75,4,83.75,75.875,15.0,5.0249,peripheral
layered_corridor,2.0,0,55.0,74.0,15.0,5.0249,peripheral
layered_corridor,2.0,1,55.0,46.0,15.0,5.0249,peripheral
layered_corridor,2.0,2,70.0,60.0,45.0,5.0,relay_anchor
layered_corridor,2.0,3,85.0,44.0,15.0,5.0249,peripheral
layered_corridor,2.0,4,85.0,76.0,15.0,5.0249,peripheral
layered_corridor,2.25,0,56.25,73.875,15.0,5.0249,peripheral
layered_corridor,2.25,1,56.25,46.125,15.0,5.0249,peripheral
layered_corridor,2.25,2,71.25,60.0,45.0,5.0,relay_anchor
layered_corridor,2.25,3,86.25,43.875,15.0,5.0249,peripheral
layered_corridor,2.25,4,86.25,76.125,15.0,5.0249,peripheral
layered_corridor,2.5,0,57.5,73.75,15.0,5.0249,peripheral
layered_corridor,2.5,1,57.5,46.25,15.0,5.0249,peripheral
layered_corridor,2.5,2,72.5,60.0,45.0,5.0,relay_anchor
layered_corridor,2.5,3,87.5,43.75,15.0,5.0249,peripheral
layered_corridor,2.5,4,87.5,76.25,15.0,5.0249,peripheral
layered_corridor,2.75,0,58.75,73.625,15.0,5.0249,peripheral
layered_corridor,2.75,1,58.75,46.375,15.0,5.0249,peripheral
layered_corridor,2.75,2,73.75,60.0,45.0,5.0,relay_anchor
layered_corridor,2.75,3,88.75,43.625,15.0,5.0249,peripheral
layered_corridor,2.75,4,88.75,76.375,15.0,5.0249,peripheral
layered_corridor,3.0,0,60.0,73.5,15.0,5.0249,peripheral
layered_corridor,3.0,1,60.0,46.5,15.0,5.0249,peripheral
layered_corridor,3.0,2,75.0,60.0,45.0,5.0,relay_anchor
layered_corridor,3.0,3,90.0,43.5,15.0,5.0249,peripheral
layered_corridor,3.0,4,90.0,76.5,15.0,5.0249,peripheral
layered_corridor,3.25,0,61.25,73.375,15.0,5.0249,peripheral
layered_corridor,3.25,1,61.25,46.625,15.0,5.0249,peripheral
layered_corridor,3.25,2,76.25,60.0,45.0,5.0,relay_anchor
layered_corridor,3.25,3,91.25,43.375,15.0,5.0249,peripheral
layered_corridor,3.25,4,91.25,76.625,15.0,5.0249,peripheral
layered_corridor,3.5,0,62.5,73.25,15.0,5.0249,peripheral
layered_corridor,3.5,1,62.5,46.75,15.0,5.0249,peripheral
layered_corridor,3.5,2,77.5,60.0,45.0,5.0,relay_anchor
layered_corridor,3.5,3,92.5,43.25,15.0,5.0249,peripheral
layered_corridor,3.5,4,92.5,76.75,15.0,5.0249,peripheral
layered_corridor,3.75,0,63.75,73.125,15.0,5.0249,peripheral
layered_corridor,3.75,1,63.75,46.875,15.0,5.0249,peripheral
layered_corridor,3.75,2,78.75,60.0,45.0,5.0,relay_anchor
layered_corridor,3.75,3,93.75,43.125,15.0,5.0249,peripheral
layered_corridor,3.75,4,93.75,76.875,15.0,5.0249,peripheral
layered_corridor,4.0,0,65.0,73.0,15.0,5.0249,peripheral
layered_corridor,4.0,1,65.0,47.0,15.0,5.0249,peripheral
layered_corridor,4.0,2,80.0,60.0,45.0,5.0,relay_anchor
layered_corridor,4.0,3,95.0,43.0,15.0,5.0249,peripheral
layered_corridor,4.0,4,95.0,77.0,15.0,5.0249,peripheral
layered_corridor,4.25,0,66.25,72.875,15.0,5.0249,peripheral
layered_corridor,4.25,1,66.25,47.125,15.0,5.0249,peripheral
layered_corridor,4.25,2,81.25,60.0,45.0,5.0,relay_anchor
layered_corridor,4.25,3,96.25,42.875,15.0,5.0249,peripheral
layered_corridor,4.25,4,96.25,77.125,15.0,5.0249,peripheral
layered_corridor,4.5,0,67.5,72.75,15.0,5.0249,peripheral
layered_corridor,4.5,1,67.5,47.25,15.0,5.0249,peripheral
layered_corridor,4.5,2,82.5,60.0,45.0,5.0,relay_anchor
layered_corridor,4.5,3,97.5,42.75,15.0,5.0249,peripheral
layered_corridor,4.5,4,97.5,77.25,15.0,5.0249,peripheral
layered_corridor,4.75,0,68.75,72.625,15.0,5.0249,peripheral
layered_corridor,4.75,1,68.75,47.375,15.0,5.0249,peripheral
layered_corridor,4.75,2,83.75,60.0,45.0,5.0,relay_anchor
layered_corridor,4.75,3,98.75,42.625,15.0,5.0249,peripheral
layered_corridor,4.75,4,98.75,77.375,15.0,5.0249,peripheral
layered_corridor,5.0,0,70.0,72.5,15.0,5.0249,peripheral
layered_corridor,5.0,1,70.0,47.5,15.0,5.0249,peripheral
layered_corridor,5.0,2,85.0,60.0,45.0,5.0,relay_anchor
layered_corridor,5.0,3,100.0,42.5,15.0,5.0249,peripheral
layered_corridor,5.0,4,100.0,77.5,15.0,5.0249,peripheral
layered_corridor,5.25,0,71.25,72.375,15.0,5.0249,peripheral
layered_corridor,5.25,1,71.25,47.625,15.0,5.0249,peripheral
layered_corridor,5.25,2,86.25,60.0,45.0,5.0,relay_anchor
layered_corridor,5.25,3,101.25,42.375,15.0,5.0249,peripheral
layered_corridor,5.25,4,101.25,77.625,15.0,5.0249,peripheral
layered_corridor,5.5,0,72.5,72.25,15.0,5.0249,peripheral
layered_corridor,5.5,1,72.5,47.75,15.0,5.0249,peripheral
layered_corridor,5.5,2,87.5,60.0,45.0,5.0,relay_anchor
layered_corridor,5.5,3,102.5,42.25,15.0,5.0249,peripheral
layered_corridor,5.5,4,102.5,77.75,15.0,5.0249,peripheral
layered_corridor,5.75,0,73.75,72.125,15.0,5.0249,peripheral
layered_corridor,5.75,1,73.75,47.875,15.0,5.0249,peripheral
layered_corridor,5.75,2,88.75,60.0,45.0,5.0,relay_anchor
layered_corridor,5.75,3,103.75,42.125,15.0,5.0249,peripheral
layered_corridor,5.75,4,103.75,77.875,15.0,5.0249,peripheral
layered_corridor,6.0,0,75.0,72.0,15.0,5.0249,peripheral
layered_corridor,6.0,1,75.0,48.0,15.0,5.0249,peripheral
layered_corridor,6.0,2,90.0,60.0,45.0,5.0,relay_anchor
layered_corridor,6.0,3,105.0,42.0,15.0,5.0249,peripheral
layered_corridor,6.0,4,105.0,78.0,15.0,5.0249,peripheral
layered_corridor,6.25,0,76.25,71.875,15.0,5.0249,peripheral
layered_corridor,6.25,1,76.25,48.125,15.0,5.0249,peripheral
layered_corridor,6.25,2,91.25,60.0,45.0,5.0,relay_anchor
layered_corridor,6.25,3,106.25,41.875,15.0,5.0249,peripheral
layered_corridor,6.25,4,106.25,78.125,15.0,5.0249,peripheral
layered_corridor,6.5,0,77.5,71.75,15.0,5.0249,peripheral
layered_corridor,6.5,1,77.5,48.25,15.0,5.0249,peripheral
layered_corridor,6.5,2,92.5,60.0,45.0,5.0,relay_anchor
layered_corridor,6.5,3,107.5,41.75,15.0,5.0249,peripheral
layered_corridor,6.5,4,107.5,78.25,15.0,5.0249,peripheral
layered_corridor,6.75,0,78.75,71.625,15.0,5.0249,peripheral
layered_corridor,6.75,1,78.75,48.375,15.0,5.0249,peripheral
layered_corridor,6.75,2,93.75,60.0,45.0,5.0,relay_anchor
layered_corridor,6.75,3,108.75,41.625,15.0,5.0249,peripheral
layered_corridor,6.75,4,108.75,78.375,15.0,5.0249,peripheral
layered_corridor,7.0,0,80.0,71.5,15.0,5.0249,peripheral
layered_corridor,7.0,1,80.0,48.5,15.0,5.0249,peripheral
layered_corridor,7.0,2,95.0,60.0,45.0,5.0,relay_anchor
layered_corridor,7.0,3,110.0,41.5,15.0,5.0249,peripheral
layered_corridor,7.0,4,110.0,78.5,15.0,5.0249,peripheral
layered_corridor,7.25,0,81.25,71.375,15.0,5.0249,peripheral
layered_corridor,7.25,1,81.25,48.625,15.0,5.0249,peripheral
layered_corridor,7.25,2,96.25,60.0,45.0,5.0,relay_anchor
layered_corridor,7.25,3,111.25,41.375,15.0,5.0249,peripheral
layered_corridor,7.25,4,111.25,78.625,15.0,5.0249,peripheral
layered_corridor,7.5,0,82.5,71.25,15.0,5.0249,peripheral
layered_corridor,7.5,1,82.5,48.75,15.0,5.0249,peripheral
layered_corridor,7.5,2,97.5,60.0,45.0,5.0,relay_anchor
layered_corridor,7.5,3,112.5,41.25,15.0,5.0249,peripheral
layered_corridor,7.5,4,112.5,78.75,15.0,5.0249,peripheral
layered_corridor,7.75,0,83.75,71.125,15.0,5.0249,peripheral
layered_corridor,7.75,1,83.75,48.875,15.0,5.0249,peripheral
layered_corridor,7.75,2,98.75,60.0,45.0,5.0,relay_anchor
layered_corridor,7.75,3,113.75,41.125,15.0,5.0249,peripheral
layered_corridor,7.75,4,113.75,78.875,15.0,5.0249,peripheral
layered_corridor,8.0,0,85.0,71.0,15.0,5.0249,peripheral
layered_corridor,8.0,1,85.0,49.0,15.0,5.0249,peripheral
layered_corridor,8.0,2,100.0,60.0,45.0,5.0,relay_anchor
layered_corridor,8.0,3,115.0,41.0,15.0,5.0249,peripheral
layered_corridor,8.0,4,115.0,79.0,15.0,5.0249,peripheral
layered_corridor,8.25,0,86.25,70.875,15.0,5.0249,peripheral
layered_corridor,8.25,1,86.25,49.125,15.0,5.0249,peripheral
layered_corridor,8.25,2,101.25,60.0,45.0,5.0,relay_anchor
layered_corridor,8.25,3,116.25,40.875,15.0,5.0249,peripheral
layered_corridor,8.25,4,116.25,79.125,15.0,5.0249,peripheral
layered_corridor,8.5,0,87.5,70.75,15.0,5.0249,peripheral
layered_corridor,8.5,1,87.5,49.25,15.0,5.0249,peripheral
layered_corridor,8.5,2,102.5,60.0,45.0,5.0,relay_anchor
layered_corridor,8.5,3,117.5,40.75,15.0,5.0249,peripheral
layered_corridor,8.5,4,117.5,79.25,15.0,5.0249,peripheral
layered_corridor,8.75,0,88.75,70.625,15.0,5.0249,peripheral
layered_corridor,8.75,1,88.75,49.375,15.0,5.0249,peripheral
layered_corridor,8.75,2,103.75,60.0,45.0,5.0,relay_anchor
layered_corridor,8.75,3,118.75,40.625,15.0,5.0249,peripheral
layered_corridor,8.75,4,118.75,79.375,15.0,5.0249,peripheral
layered_corridor,9.0,0,90.0,70.5,15.0,5.0249,peripheral
layered_corridor,9.0,1,90.0,49.5,15.0,5.0249,peripheral
layered_corridor,9.0,2,105.0,60.0,45.0,5.0,relay_anchor
layered_corridor,9.0,3,120.0,40.5,15.0,5.0249,peripheral
layered_corridor,9.0,4,120.0,79.5,15.0,5.0249,peripheral
layered_corridor,9.25,0,91.25,70.375,15.0,5.0249,peripheral
layered_corridor,9.25,1,91.25,49.625,15.0,5.0249,peripheral
layered_corridor,9.25,2,106.25,60.0,45.0,5.0,relay_anchor
layered_corridor,9.25,3,121.25,40.375,15.0,5.0249,peripheral
layered_corridor,9.25,4,121.25,79.625,15.0,5.0249,peripheral
layered_corridor,9.5,0,92.5,70.25,15.0,5.0249,peripheral
layered_corridor,9.5,1,92.5,49.75,15.0,5.0249,peripheral
layered_corridor,9.5,2,107.5,60.0,45.0,5.0,relay_anchor
layered_corridor,9.5,3,122.5,40.25,15.0,5.0249,peripheral
layered_corridor,9.5,4,122.5,79.75,15.0,5.0249,peripheral
layered_corridor,9.75,0,93.75,70.125,15.0,5.0249,peripheral
layered_corridor,9.75,1,93.75,49.875,15.0,5.0249,peripheral
layered_corridor,9.75,2,108.75,60.0,45.0,5.0,relay_anchor
layered_corridor,9.75,3,123.75,40.125,15.0,5.0249,peripheral
layered_corridor,9.75,4,123.75,79.875,15.0,5.0249,peripheral
layered_corridor,10.0,0,95.0,70.0,15.0,5.0249,peripheral
layered_corridor,10.0,1,95.0,50.0,15.0,5.0249,peripheral
layered_corridor,10.0,2,110.0,60.0,45.0,5.0,relay_anchor
layered_corridor,10.0,3,125.0,40.0,15.0,5.0249,peripheral
layered_corridor,10.0,4,125.0,80.0,15.0,5.0249,peripheral
layered_corridor,10.25,0,96.25,69.875,15.0,5.0249,peripheral
layered_corridor,10.25,1,96.25,50.125,15.0,5.0249,peripheral
layered_corridor,10.25,2,111.25,60.0,45.0,5.0,relay_anchor
layered_corridor,10.25,3,126.25,39.875,15.0,5.0249,peripheral
layered_corridor,10.25,4,126.25,80.125,15.0,5.0249,peripheral
layered_corridor,10.5,0,97.5,69.75,15.0,5.0249,peripheral
layered_corridor,10.5,1,97.5,50.25,15.0,5.0249,peripheral
layered_corridor,10.5,2,112.5,60.0,45.0,5.0,relay_anchor
layered_corridor,10.5,3,127.5,39.75,15.0,5.0249,peripheral
layered_corridor,10.5,4,127.5,80.25,15.0,5.0249,peripheral
layered_corridor,10.75,0,98.75,69.625,15.0,5.0249,peripheral
layered_corridor,10.75,1,98.75,50.375,15.0,5.0249,peripheral
layered_corridor,10.75,2,113.75,60.0,45.0,5.0,relay_anchor
layered_corridor,10.75,3,128.75,39.625,15.0,5.0249,peripheral
layered_corridor,10.75,4,128.75,80.375,15.0,5.0249,peripheral
layered_corridor,11.0,0,100.0,69.5,15.0,5.0249,peripheral
layered_corridor,11.0,1,100.0,50.5,15.0,5.0249,peripheral
layered_corridor,11.0,2,115.0,60.0,45.0,5.0,relay_anchor
layered_corridor,11.0,3,130.0,39.5,15.0,5.0249,peripheral
layered_corridor,11.0,4,130.0,80.5,15.0,5.0249,peripheral
layered_corridor,11.25,0,101.25,69.375,15.0,5.0249,peripheral
layered_corridor,11.25,1,101.25,50.625,15.0,5.0249,peripheral
layered_corridor,11.25,2,116.25,60.0,45.0,5.0,relay_anchor
layered_corridor,11.25,3,131.25,39.375,15.0,5.0249,peripheral
layered_corridor,11.25,4,131.25,80.625,15.0,5.0249,peripheral
layered_corridor,11.5,0,102.5,69.25,15.0,5.0249,peripheral
layered_corridor,11.5,1,102.5,50.75,15.0,5.0249,peripheral
layered_corridor,11.5,2,117.5,60.0,45.0,5.0,relay_anchor
layered_corridor,11.5,3,132.5,39.25,15.0,5.0249,peripheral
layered_corridor,11.5,4,132.5,80.75,15.0,5.0249,peripheral
layered_corridor,11.75,0,103.75,69.125,15.0,5.0249,peripheral
layered_corridor,11.75,1,103.75,50.875,15.0,5.0249,peripheral
layered_corridor,11.75,2,118.75,60.0,45.0,5.0,relay_anchor
layered_corridor,11.75,3,133.75,39.125,15.0,5.0249,peripheral
layered_corridor,11.75,4,133.75,80.875,15.0,5.0249,peripheral
layered_corridor,12.0,0,105.0,69.0,15.0,5.0249,peripheral
layered_corridor,12.0,1,105.0,51.0,15.0,5.0249,peripheral
layered_corridor,12.0,2,120.0,60.0,45.0,5.0,relay_anchor
layered_corridor,12.0,3,135.0,39.0,15.0,5.0249,peripheral
layered_corridor,12.0,4,135.0,81.0,15.0,5.0249,peripheral
layered_corridor,12.25,0,106.25,68.875,15.0,5.0249,peripheral
layered_corridor,12.25,1,106.25,51.125,15.0,5.0249,peripheral
layered_corridor,12.25,2,121.25,60.0,45.0,5.0,relay_anchor
layered_corridor,12.25,3,136.25,38.875,15.0,5.0249,peripheral
layered_corridor,12.25,4,136.25,81.125,15.0,5.0249,peripheral
layered_corridor,12.5,0,107.5,68.75,15.0,5.0249,peripheral
layered_corridor,12.5,1,107.5,51.25,15.0,5.0249,peripheral
layered_corridor,12.5,2,122.5,60.0,45.0,5.0,relay_anchor
layered_corridor,12.5,3,137.5,38.75,15.0,5.0249,peripheral
layered_corridor,12.5,4,137.5,81.25,15.0,5.0249,peripheral
layered_corridor,12.75,0,108.75,68.625,15.0,5.0249,peripheral
layered_corridor,12.75,1,108.75,51.375,15.0,5.0249,peripheral
layered_corridor,12.75,2,123.75,60.0,45.0,5.0,relay_anchor
layered_corridor,12.75,3,138.75,38.625,15.0,5.0249,peripheral
layered_corridor,12.75,4,138.75,81.375,15.0,5.0249,peripheral
layered_corridor,13.0,0,110.0,68.5,15.0,5.0249,peripheral
layered_corridor,13.0,1,110.0,51.5,15.0,5.0249,peripheral
layered_corridor,13.0,2,125.0,60.0,45.0,5.0,relay_anchor
layered_corridor,13.0,3,140.0,38.5,15.0,5.0249,peripheral
layered_corridor,13.0,4,140.0,81.5,15.0,5.0249,peripheral
layered_corridor,13.25,0,111.25,68.375,15.0,5.0249,peripheral
layered_corridor,13.25,1,111.25,51.625,15.0,5.0249,peripheral
layered_corridor,13.25,2,126.25,60.0,45.0,5.0,relay_anchor
layered_corridor,13.25,3,141.25,38.375,15.0,5.0249,peripheral
layered_corridor,13.25,4,141.25,81.625,15.0,5.0249,peripheral
layered_corridor,13.5,0,112.5,68.25,15.0,5.0249,peripheral
layered_corridor,13.5,1,112.5,51.75,15.0,5.0249,peripheral
layered_corridor,13.5,2,127.5,60.0,45.0,5.0,relay_anchor
layered_corridor,13.5,3,142.5,38.25,15.0,5.0249,peripheral
layered_corridor,13.5,4,142.5,81.75,15.0,5.0249,peripheral
layered_corridor,13.75,0,113.75,68.125,15.0,5.0249,peripheral
layered_corridor,13.75,1,113.75,51.875,15.0,5.0249,peripheral
layered_corridor,13.75,2,128.75,60.0,45.0,5.0,relay_anchor
layered_corridor,13.75,3,143.75,38.125,15.0,5.0249,peripheral
layered_corridor,13.75,4,143.75,81.875,15.0,5.0249,peripheral
layered_corridor,14.0,0,115.0,68.0,15.0,5.0249,peripheral
layered_corridor,14.0,1,115.0,52.0,15.0,5.0249,peripheral
layered_corridor,14.0,2,130.0,60.0,45.0,5.0,relay_anchor
layered_corridor,14.0,3,145.0,38.0,15.0,5.0249,peripheral
layered_corridor,14.0,4,145.0,82.0,15.0,5.0249,peripheral
layered_corridor,14.25,0,116.25,67.875,15.0,5.0249,peripheral
layered_corridor,14.25,1,116.25,52.125,15.0,5.0249,peripheral
layered_corridor,14.25,2,131.25,60.0,45.0,5.0,relay_anchor
layered_corridor,14.25,3,146.25,37.875,15.0,5.0249,peripheral
layered_corridor,14.25,4,146.25,82.125,15.0,5.0249,peripheral
layered_corridor,14.5,0,117.5,67.75,15.0,5.0249,peripheral
layered_corridor,14.5,1,117.5,52.25,15.0,5.0249,peripheral
layered_corridor,14.5,2,132.5,60.0,45.0,5.0,relay_anchor
layered_corridor,14.5,3,147.5,37.75,15.0,5.0249,peripheral
layered_corridor,14.5,4,147.5,82.25,15.0,5.0249,peripheral
layered_corridor,14.75,0,118.75,67.625,15.0,5.0249,peripheral
layered_corridor,14.75,1,118.75,52.375,15.0,5.0249,peripheral
layered_corridor,14.75,2,133.75,60.0,45.0,5.0,relay_anchor
layered_corridor,14.75,3,148.75,37.625,15.0,5.0249,peripheral
layered_corridor,14.75,4,148.75,82.375,15.0,5.0249,peripheral
layered_corridor,15.0,0,120.0,67.5,15.0,5.0249,peripheral
layered_corridor,15.0,1,120.0,52.5,15.0,5.0249,peripheral
layered_corridor,15.0,2,135.0,60.0,45.0,5.0,relay_anchor
layered_corridor,15.0,3,150.0,37.5,15.0,5.0249,peripheral
layered_corridor,15.0,4,150.0,82.5,15.0,5.0249,peripheral
layered_corridor,15.25,0,121.25,67.375,15.0,5.0249,peripheral
layered_corridor,15.25,1,121.25,52.625,15.0,5.0249,peripheral
layered_corridor,15.25,2,136.25,60.0,45.0,5.0,relay_anchor
layered_corridor,15.25,3,151.25,37.375,15.0,5.0249,peripheral
layered_corridor,15.25,4,151.25,82.625,15.0,5.0249,peripheral
layered_corridor,15.5,0,122.5,67.25,15.0,5.0249,peripheral
layered_corridor,15.5,1,122.5,52.75,15.0,5.0249,peripheral
layered_corridor,15.5,2,137.5,60.0,45.0,5.0,relay_anchor
layered_corridor,15.5,3,152.5,37.25,15.0,5.0249,peripheral
layered_corridor,15.5,4,152.5,82.75,15.0,5.0249,peripheral
layered_corridor,15.75,0,123.75,67.125,15.0,5.0249,peripheral
layered_corridor,15.75,1,123.75,52.875,15.0,5.0249,peripheral
layered_corridor,15.75,2,138.75,60.0,45.0,5.0,relay_anchor
layered_corridor,15.75,3,153.75,37.125,15.0,5.0249,peripheral
layered_corridor,15.75,4,153.75,82.875,15.0,5.0249,peripheral
layered_corridor,16.0,0,125.0,67.0,15.0,5.0249,peripheral
layered_corridor,16.0,1,125.0,53.0,15.0,5.0249,peripheral
layered_corridor,16.0,2,140.0,60.0,45.0,5.0,relay_anchor
layered_corridor,16.0,3,155.0,37.0,15.0,5.0249,peripheral
layered_corridor,16.0,4,155.0,83.0,15.0,5.0249,peripheral
layered_corridor,16.25,0,126.25,66.875,15.0,5.0249,peripheral
layered_corridor,16.25,1,126.25,53.125,15.0,5.0249,peripheral
layered_corridor,16.25,2,141.25,60.0,45.0,5.0,relay_anchor
layered_corridor,16.25,3,156.25,36.875,15.0,5.0249,peripheral
layered_corridor,16.25,4,156.25,83.125,15.0,5.0249,peripheral
layered_corridor,16.5,0,127.5,66.75,15.0,5.0249,peripheral
layered_corridor,16.5,1,127.5,53.25,15.0,5.0249,peripheral
layered_corridor,16.5,2,142.5,60.0,45.0,5.0,relay_anchor
layered_corridor,16.5,3,157.5,36.75,15.0,5.0249,peripheral
layered_corridor,16.5,4,157.5,83.25,15.0,5.0249,peripheral
layered_corridor,16.75,0,128.75,66.625,15.0,5.0249,peripheral
layered_corridor,16.75,1,128.75,53.375,15.0,5.0249,peripheral
layered_corridor,16.75,2,143.75,60.0,45.0,5.0,relay_anchor
layered_corridor,16.75,3,158.75,36.625,15.0,5.0249,peripheral
layered_corridor,16.75,4,158.75,83.375,15.0,5.0249,peripheral
layered_corridor,17.0,0,130.0,66.5,15.0,5.0249,peripheral
layered_corridor,17.0,1,130.0,53.5,15.0,5.0249,peripheral
layered_corridor,17.0,2,145.0,60.0,45.0,5.0,relay_anchor
layered_corridor,17.0,3,160.0,36.5,15.0,5.0249,peripheral
layered_corridor,17.0,4,160.0,83.5,15.0,5.0249,peripheral
layered_corridor,17.25,0,131.25,66.375,15.0,5.0249,peripheral
layered_corridor,17.25,1,131.25,53.625,15.0,5.0249,peripheral
layered_corridor,17.25,2,146.25,60.0,45.0,5.0,relay_anchor
layered_corridor,17.25,3,161.25,36.375,15.0,5.0249,peripheral
layered_corridor,17.25,4,161.25,83.625,15.0,5.0249,peripheral
layered_corridor,17.5,0,132.5,66.25,15.0,5.0249,peripheral
layered_corridor,17.5,1,132.5,53.75,15.0,5.0249,peripheral
layered_corridor,17.5,2,147.5,60.0,45.0,5.0,relay_anchor
layered_corridor,17.5,3,162.5,36.25,15.0,5.0249,peripheral
layered_corridor,17.5,4,162.5,83.75,15.0,5.0249,peripheral
layered_corridor,17.75,0,133.75,66.125,15.0,5.0249,peripheral
layered_corridor,17.75,1,133.75,53.875,15.0,5.0249,peripheral
layered_corridor,17.75,2,148.75,60.0,45.0,5.0,relay_anchor
layered_corridor,17.75,3,163.75,36.125,15.0,5.0249,peripheral
layered_corridor,17.75,4,163.75,83.875,15.0,5.0249,peripheral
layered_corridor,18.0,0,135.0,66.0,15.0,5.0249,peripheral
layered_corridor,18.0,1,135.0,54.0,15.0,5.0249,peripheral
layered_corridor,18.0,2,150.0,60.0,45.0,5.0,relay_anchor
layered_corridor,18.0,3,165.0,36.0,15.0,5.0249,peripheral
layered_corridor,18.0,4,165.0,84.0,15.0,5.0249,peripheral
layered_corridor,18.25,0,136.25,65.875,15.0,5.0249,peripheral
layered_corridor,18.25,1,136.25,54.125,15.0,5.0249,peripheral
layered_corridor,18.25,2,151.25,60.0,45.0,5.0,relay_anchor
layered_corridor,18.25,3,166.25,35.875,15.0,5.0249,peripheral
layered_corridor,18.25,4,166.25,84.125,15.0,5.0249,peripheral
layered_corridor,18.5,0,137.5,65.75,15.0,5.0249,peripheral
layered_corridor,18.5,1,137.5,54.25,15.0,5.0249,peripheral
layered_corridor,18.5,2,152.5,60.0,45.0,5.0,relay_anchor
layered_corridor,18.5,3,167.5,35.75,15.0,5.0249,peripheral
layered_corridor,18.5,4,167.5,84.25,15.0,5.0249,peripheral
layered_corridor,18.75,0,138.75,65.625,15.0,5.0249,peripheral
layered_corridor,18.75,1,138.75,54.375,15.0,5.0249,peripheral
layered_corridor,18.75,2,153.75,60.0,45.0,5.0,relay_anchor
layered_corridor,18.75,3,168.75,35.625,15.0,5.0249,peripheral
layered_corridor,18.75,4,168.75,84.375,15.0,5.0249,peripheral
layered_corridor,19.0,0,140.0,65.5,15.0,5.0249,peripheral
layered_corridor,19.0,1,140.0,54.5,15.0,5.0249,peripheral
layered_corridor,19.0,2,155.0,60.0,45.0,5.0,relay_anchor
layered_corridor,19.0,3,170.0,35.5,15.0,5.0249,peripheral
layered_corridor,19.0,4,170.0,84.5,15.0,5.0249,peripheral
layered_corridor,19.25,0,141.25,65.375,15.0,5.0249,peripheral
layered_corridor,19.25,1,141.25,54.625,15.0,5.0249,peripheral
layered_corridor,19.25,2,156.25,60.0,45.0,5.0,relay_anchor
layered_corridor,19.25,3,171.25,35.375,15.0,5.0249,peripheral
layered_corridor,19.25,4,171.25,84.625,15.0,5.0249,peripheral
layered_corridor,19.5,0,142.5,65.25,15.0,5.0249,peripheral
layered_corridor,19.5,1,142.5,54.75,15.0,5.0249,peripheral
layered_corridor,19.5,2,157.5,60.0,45.0,5.0,relay_anchor
layered_corridor,19.5,3,172.5,35.25,15.0,5.0249,peripheral
layered_corridor,19.5,4,172.5,84.75,15.0,5.0249,peripheral
layered_corridor,19.75,0,143.75,65.125,15.0,5.0249,peripheral
layered_corridor,19.75,1,143.75,54.875,15.0,5.0249,peripheral
layered_corridor,19.75,2,158.75,60.0,45.0,5.0,relay_anchor
layered_corridor,19.75,3,173.75,35.125,15.0,5.0249,peripheral
layered_corridor,19.75,4,173.75,84.875,15.0,5.0249,peripheral
layered_corridor,20.0,0,145.0,65.0,15.0,5.0249,peripheral
layered_corridor,20.0,1,145.0,55.0,15.0,5.0249,peripheral
layered_corridor,20.0,2,160.0,60.0,45.0,5.0,relay_anchor
layered_corridor,20.0,3,175.0,35.0,15.0,5.0249,peripheral
layered_corridor,20.0,4,175.0,85.0,15.0,5.0249,peripheral
layered_corridor,20.25,0,146.25,64.875,15.0,5.0249,peripheral
layered_corridor,20.25,1,146.25,55.125,15.0,5.0249,peripheral
layered_corridor,20.25,2,161.25,60.0,45.0,5.0,relay_anchor
layered_corridor,20.25,3,176.25,34.875,15.0,5.0249,peripheral
layered_corridor,20.25,4,176.25,85.125,15.0,5.0249,peripheral
layered_corridor,20.5,0,147.5,64.75,15.0,5.0249,peripheral
layered_corridor,20.5,1,147.5,55.25,15.0,5.0249,peripheral
layered_corridor,20.5,2,162.5,60.0,45.0,5.0,relay_anchor
layered_corridor,20.5,3,177.5,34.75,15.0,5.0249,peripheral
layered_corridor,20.5,4,177.5,85.25,15.0,5.0249,peripheral
layered_corridor,20.75,0,148.75,64.625,15.0,5.0249,peripheral
layered_corridor,20.75,1,148.75,55.375,15.0,5.0249,peripheral
layered_corridor,20.75,2,163.75,60.0,45.0,5.0,relay_anchor
layered_corridor,20.75,3,178.75,34.625,15.0,5.0249,peripheral
layered_corridor,20.75,4,178.75,85.375,15.0,5.0249,peripheral
layered_corridor,21.0,0,150.0,64.5,15.0,5.0249,peripheral
layered_corridor,21.0,1,150.0,55.5,15.0,5.0249,peripheral
layered_corridor,21.0,2,165.0,60.0,45.0,5.0,relay_anchor
layered_corridor,21.0,3,180.0,34.5,15.0,5.0249,peripheral
layered_corridor,21.0,4,180.0,85.5,15.0,5.0249,peripheral
layered_corridor,21.25,0,151.25,64.375,15.0,5.0249,peripheral
layered_corridor,21.25,1,151.25,55.625,15.0,5.0249,peripheral
layered_corridor,21.25,2,166.25,60.0,45.0,5.0,relay_anchor
layered_corridor,21.25,3,181.25,34.375,15.0,5.0249,peripheral
layered_corridor,21.25,4,181.25,85.625,15.0,5.0249,peripheral
layered_corridor,21.5,0,152.5,64.25,15.0,5.0249,peripheral
layered_corridor,21.5,1,152.5,55.75,15.0,5.0249,peripheral
layered_corridor,21.5,2,167.5,60.0,45.0,5.0,relay_anchor
layered_corridor,21.5,3,182.5,34.25,15.0,5.0249,peripheral
layered_corridor,21.5,4,182.5,85.75,15.0,5.0249,peripheral
layered_corridor,21.75,0,153.75,64.125,15.0,5.0249,peripheral
layered_corridor,21.75,1,153.75,55.875,15.0,5.0249,peripheral
layered_corridor,21.75,2,168.75,60.0,45.0,5.0,relay_anchor
layered_corridor,21.75,3,183.75,34.125,15.0,5.0249,peripheral
layered_corridor,21.75,4,183.75,85.875,15.0,5.0249,peripheral
layered_corridor,22.0,0,155.0,64.0,15.0,5.0249,peripheral
layered_corridor,22.0,1,155.0,56.0,15.0,5.0249,peripheral
layered_corridor,22.0,2,170.0,60.0,45.0,5.0,relay_anchor
layered_corridor,22.0,3,185.0,34.0,15.0,5.0249,peripheral
layered_corridor,22.0,4,185.0,86.0,15.0,5.0249,peripheral
layered_corridor,22.25,0,156.25,63.875,15.0,5.0249,peripheral
layered_corridor,22.25,1,156.25,56.125,15.0,5.0249,peripheral
layered_corridor,22.25,2,171.25,60.0,45.0,5.0,relay_anchor
layered_corridor,22.25,3,186.25,33.875,15.0,5.0249,peripheral
layered_corridor,22.25,4,186.25,86.125,15.0,5.0249,peripheral
layered_corridor,22.5,0,157.5,63.75,15.0,5.0249,peripheral
layered_corridor,22.5,1,157.5,56.25,15.0,5.0249,peripheral
layered_corridor,22.5,2,172.5,60.0,45.0,5.0,relay_anchor
layered_corridor,22.5,3,187.5,33.75,15.0,5.0249,peripheral
layered_corridor,22.5,4,187.5,86.25,15.0,5.0249,peripheral
layered_corridor,22.75,0,158.75,63.625,15.0,5.0249,peripheral
layered_corridor,22.75,1,158.75,56.375,15.0,5.0249,peripheral
layered_corridor,22.75,2,173.75,60.0,45.0,5.0,relay_anchor
layered_corridor,22.75,3,188.75,33.625,15.0,5.0249,peripheral
layered_corridor,22.75,4,188.75,86.375,15.0,5.0249,peripheral
layered_corridor,23.0,0,160.0,63.5,15.0,5.0249,peripheral
layered_corridor,23.0,1,160.0,56.5,15.0,5.0249,peripheral
layered_corridor,23.0,2,175.0,60.0,45.0,5.0,relay_anchor
layered_corridor,23.0,3,190.0,33.5,15.0,5.0249,peripheral
layered_corridor,23.0,4,190.0,86.5,15.0,5.0249,peripheral
layered_corridor,23.25,0,161.25,63.375,15.0,5.0249,peripheral
layered_corridor,23.25,1,161.25,56.625,15.0,5.0249,peripheral
layered_corridor,23.25,2,176.25,60.0,45.0,5.0,relay_anchor
layered_corridor,23.25,3,191.25,33.375,15.0,5.0249,peripheral
layered_corridor,23.25,4,191.25,86.625,15.0,5.0249,peripheral
layered_corridor,23.5,0,162.5,63.25,15.0,5.0249,peripheral
layered_corridor,23.5,1,162.5,56.75,15.0,5.0249,peripheral
layered_corridor,23.5,2,177.5,60.0,45.0,5.0,relay_anchor
layered_corridor,23.5,3,192.5,33.25,15.0,5.0249,peripheral
layered_corridor,23.5,4,192.5,86.75,15.0,5.0249,peripheral
layered_corridor,23.75,0,163.75,63.125,15.0,5.0249,peripheral
layered_corridor,23.75,1,163.75,56.875,15.0,5.0249,peripheral
layered_corridor,23.75,2,178.75,60.0,45.0,5.0,relay_anchor
layered_corridor,23.75,3,193.75,33.125,15.0,5.0249,peripheral
layered_corridor,23.75,4,193.75,86.875,15.0,5.0249,peripheral
layered_corridor,24.0,0,165.0,63.0,15.0,5.0249,peripheral
layered_corridor,24.0,1,165.0,57.0,15.0,5.0249,peripheral
layered_corridor,24.0,2,180.0,60.0,45.0,5.0,relay_anchor
layered_corridor,24.0,3,195.0,33.0,15.0,5.0249,peripheral
layered_corridor,24.0,4,195.0,87.0,15.0,5.0249,peripheral
layered_corridor,24.25,0,166.25,62.875,15.0,5.0249,peripheral
layered_corridor,24.25,1,166.25,57.125,15.0,5.0249,peripheral
layered_corridor,24.25,2,181.25,60.0,45.0,5.0,relay_anchor
layered_corridor,24.25,3,196.25,32.875,15.0,5.0249,peripheral
layered_corridor,24.25,4,196.25,87.125,15.0,5.0249,peripheral
layered_corridor,24.5,0,167.5,62.75,15.0,5.0249,peripheral
layered_corridor,24.5,1,167.5,57.25,15.0,5.0249,peripheral
layered_corridor,24.5,2,182.5,60.0,45.0,5.0,relay_anchor
layered_corridor,24.5,3,197.5,32.75,15.0,5.0249,peripheral
layered_corridor,24.5,4,197.5,87.25,15.0,5.0249,peripheral
layered_corridor,24.75,0,168.75,62.625,15.0,5.0249,peripheral
layered_corridor,24.75,1,168.75,57.375,15.0,5.0249,peripheral
layered_corridor,24.75,2,183.75,60.0,45.0,5.0,relay_anchor
layered_corridor,24.75,3,198.75,32.625,15.0,5.0249,peripheral
layered_corridor,24.75,4,198.75,87.375,15.0,5.0249,peripheral
layered_corridor,25.0,0,170.0,62.5,15.0,5.0249,peripheral
layered_corridor,25.0,1,170.0,57.5,15.0,5.0249,peripheral
layered_corridor,25.0,2,185.0,60.0,45.0,5.0,relay_anchor
layered_corridor,25.0,3,200.0,32.5,15.0,5.0249,peripheral
layered_corridor,25.0,4,200.0,87.5,15.0,5.0249,peripheral
layered_corridor,25.25,0,171.25,62.375,15.0,5.0249,peripheral
layered_corridor,25.25,1,171.25,57.625,15.0,5.0249,peripheral
layered_corridor,25.25,2,186.25,60.0,45.0,5.0,relay_anchor
layered_corridor,25.25,3,201.25,32.375,15.0,5.0249,peripheral
layered_corridor,25.25,4,201.25,87.625,15.0,5.0249,peripheral
layered_corridor,25.5,0,172.5,62.25,15.0,5.0249,peripheral
layered_corridor,25.5,1,172.5,57.75,15.0,5.0249,peripheral
layered_corridor,25.5,2,187.5,60.0,45.0,5.0,relay_anchor
layered_corridor,25.5,3,202.5,32.25,15.0,5.0249,peripheral
layered_corridor,25.5,4,202.5,87.75,15.0,5.0249,peripheral
layered_corridor,25.75,0,173.75,62.125,15.0,5.0249,peripheral
layered_corridor,25.75,1,173.75,57.875,15.0,5.0249,peripheral
layered_corridor,25.75,2,188.75,60.0,45.0,5.0,relay_anchor
layered_corridor,25.75,3,203.75,32.125,15.0,5.0249,peripheral
layered_corridor,25.75,4,203.75,87.875,15.0,5.0249,peripheral
layered_corridor,26.0,0,175.0,62.0,15.0,5.0249,peripheral
layered_corridor,26.0,1,175.0,58.0,15.0,5.0249,peripheral
layered_corridor,26.0,2,190.0,60.0,45.0,5.0,relay_anchor
layered_corridor,26.0,3,205.0,32.0,15.0,5.0249,peripheral
layered_corridor,26.0,4,205.0,88.0,15.0,5.0249,peripheral
layered_corridor,26.25,0,176.25,61.875,15.0,5.0249,peripheral
layered_corridor,26.25,1,176.25,58.125,15.0,5.0249,peripheral
layered_corridor,26.25,2,191.25,60.0,45.0,5.0,relay_anchor
layered_corridor,26.25,3,206.25,31.875,15.0,5.0249,peripheral
layered_corridor,26.25,4,206.25,88.125,15.0,5.0249,peripheral
layered_corridor,26.5,0,177.5,61.75,15.0,5.0249,peripheral
layered_corridor,26.5,1,177.5,58.25,15.0,5.0249,peripheral
layered_corridor,26.5,2,192.5,60.0,45.0,5.0,relay_anchor
layered_corridor,26.5,3,207.5,31.75,15.0,5.0249,peripheral
layered_corridor,26.5,4,207.5,88.25,15.0,5.0249,peripheral
layered_corridor,26.75,0,178.75,61.625,15.0,5.0249,peripheral
layered_corridor,26.75,1,178.75,58.375,15.0,5.0249,peripheral
layered_corridor,26.75,2,193.75,60.0,45.0,5.0,relay_anchor
layered_corridor,26.75,3,208.75,31.625,15.0,5.0249,peripheral
layered_corridor,26.75,4,208.75,88.375,15.0,5.0249,peripheral
layered_corridor,27.0,0,180.0,61.5,15.0,5.0249,peripheral
layered_corridor,27.0,1,180.0,58.5,15.0,5.0249,peripheral
layered_corridor,27.0,2,195.0,60.0,45.0,5.0,relay_anchor
layered_corridor,27.0,3,210.0,31.5,15.0,5.0249,peripheral
layered_corridor,27.0,4,210.0,88.5,15.0,5.0249,peripheral
layered_corridor,27.25,0,181.25,61.375,15.0,5.0249,peripheral
layered_corridor,27.25,1,181.25,58.625,15.0,5.0249,peripheral
layered_corridor,27.25,2,196.25,60.0,45.0,5.0,relay_anchor
layered_corridor,27.25,3,211.25,31.375,15.0,5.0249,peripheral
layered_corridor,27.25,4,211.25,88.625,15.0,5.0249,peripheral
layered_corridor,27.5,0,182.5,61.25,15.0,5.0249,peripheral
layered_corridor,27.5,1,182.5,58.75,15.0,5.0249,peripheral
layered_corridor,27.5,2,197.5,60.0,45.0,5.0,relay_anchor
layered_corridor,27.5,3,212.5,31.25,15.0,5.0249,peripheral
layered_corridor,27.5,4,212.5,88.75,15.0,5.0249,peripheral
layered_corridor,27.75,0,183.75,61.125,15.0,5.0249,peripheral
layered_corridor,27.75,1,183.75,58.875,15.0,5.0249,peripheral
layered_corridor,27.75,2,198.75,60.0,45.0,5.0,relay_anchor
layered_corridor,27.75,3,213.75,31.125,15.0,5.0249,peripheral
layered_corridor,27.75,4,213.75,88.875,15.0,5.0249,peripheral
layered_corridor,28.0,0,185.0,61.0,15.0,5.0249,peripheral
layered_corridor,28.0,1,185.0,59.0,15.0,5.0249,peripheral
layered_corridor,28.0,2,200.0,60.0,45.0,5.0,relay_anchor
layered_corridor,28.0,3,215.0,31.0,15.0,5.0249,peripheral
layered_corridor,28.0,4,215.0,89.0,15.0,5.0249,peripheral
layered_corridor,28.25,0,186.25,60.875,15.0,5.0249,peripheral
layered_corridor,28.25,1,186.25,59.125,15.0,5.0249,peripheral
layered_corridor,28.25,2,201.25,60.0,45.0,5.0,relay_anchor
layered_corridor,28.25,3,216.25,30.875,15.0,5.0249,peripheral
layered_corridor,28.25,4,216.25,89.125,15.0,5.0249,peripheral
layered_corridor,28.5,0,187.5,60.75,15.0,5.0249,peripheral
layered_corridor,28.5,1,187.5,59.25,15.0,5.0249,peripheral
layered_corridor,28.5,2,202.5,60.0,45.0,5.0,relay_anchor
layered_corridor,28.5,3,217.5,30.75,15.0,5.0249,peripheral
layered_corridor,28.5,4,217.5,89.25,15.0,5.0249,peripheral
layered_corridor,28.75,0,188.75,60.625,15.0,5.0249,peripheral
layered_corridor,28.75,1,188.75,59.375,15.0,5.0249,peripheral
layered_corridor,28.75,2,203.75,60.0,45.0,5.0,relay_anchor
layered_corridor,28.75,3,218.75,30.625,15.0,5.0249,peripheral
layered_corridor,28.75,4,218.75,89.375,15.0,5.0249,peripheral
layered_corridor,29.0,0,190.0,60.5,15.0,5.0249,peripheral
layered_corridor,29.0,1,190.0,59.5,15.0,5.0249,peripheral
layered_corridor,29.0,2,205.0,60.0,45.0,5.0,relay_anchor
layered_corridor,29.0,3,220.0,30.5,15.0,5.0249,peripheral
layered_corridor,29.0,4,220.0,89.5,15.0,5.0249,peripheral
layered_corridor,29.25,0,191.25,60.375,15.0,5.0249,peripheral
layered_corridor,29.25,1,191.25,59.625,15.0,5.0249,peripheral
layered_corridor,29.25,2,206.25,60.0,45.0,5.0,relay_anchor
layered_corridor,29.25,3,221.25,30.375,15.0,5.0249,peripheral
layered_corridor,29.25,4,221.25,89.625,15.0,5.0249,peripheral
layered_corridor,29.5,0,192.5,60.25,15.0,5.0249,peripheral
layered_corridor,29.5,1,192.5,59.75,15.0,5.0249,peripheral
layered_corridor,29.5,2,207.5,60.0,45.0,5.0,relay_anchor
layered_corridor,29.5,3,222.5,30.25,15.0,5.0249,peripheral
layered_corridor,29.5,4,222.5,89.75,15.0,5.0249,peripheral
layered_corridor,29.75,0,193.75,60.125,15.0,5.0249,peripheral
layered_corridor,29.75,1,193.75,59.875,15.0,5.0249,peripheral
layered_corridor,29.75,2,208.75,60.0,45.0,5.0,relay_anchor
layered_corridor,29.75,3,223.75,30.125,15.0,5.0249,peripheral
layered_corridor,29.75,4,223.75,89.875,15.0,5.0249,peripheral
layered_corridor,30.0,0,195.0,60.0,15.0,5.0249,peripheral
layered_corridor,30.0,1,195.0,60.0,15.0,5.0249,peripheral
layered_corridor,30.0,2,210.0,60.0,45.0,5.0,relay_anchor
layered_corridor,30.0,3,225.0,30.0,15.0,5.0249,peripheral
layered_corridor,30.0,4,225.0,90.0,15.0,5.0249,peripheral
layered_corridor,30.25,0,196.25,59.875,15.0,5.0249,peripheral
layered_corridor,30.25,1,196.25,60.125,15.0,5.0249,peripheral
layered_corridor,30.25,2,211.25,60.0,45.0,5.0,relay_anchor
layered_corridor,30.25,3,226.25,29.875,15.0,5.0249,peripheral
layered_corridor,30.25,4,226.25,90.125,15.0,5.0249,peripheral
layered_corridor,30.5,0,197.5,59.75,15.0,5.0249,peripheral
layered_corridor,30.5,1,197.5,60.25,15.0,5.0249,peripheral
layered_corridor,30.5,2,212.5,60.0,45.0,5.0,relay_anchor
layered_corridor,30.5,3,227.5,29.75,15.0,5.0249,peripheral
layered_corridor,30.5,4,227.5,90.25,15.0,5.0249,peripheral
layered_corridor,30.75,0,198.75,59.625,15.0,5.0249,peripheral
layered_corridor,30.75,1,198.75,60.375,15.0,5.0249,peripheral
layered_corridor,30.75,2,213.75,60.0,45.0,5.0,relay_anchor
layered_corridor,30.75,3,228.75,29.625,15.0,5.0249,peripheral
layered_corridor,30.75,4,228.75,90.375,15.0,5.0249,peripheral
layered_corridor,31.0,0,200.0,59.5,15.0,5.0249,peripheral
layered_corridor,31.0,1,200.0,60.5,15.0,5.0249,peripheral
layered_corridor,31.0,2,215.0,60.0,45.0,5.0,relay_anchor
layered_corridor,31.0,3,230.0,29.5,15.0,5.0249,peripheral
layered_corridor,31.0,4,230.0,90.5,15.0,5.0249,peripheral
layered_corridor,31.25,0,201.25,59.375,15.0,5.0249,peripheral
layered_corridor,31.25,1,201.25,60.625,15.0,5.0249,peripheral
layered_corridor,31.25,2,216.25,60.0,45.0,5.0,relay_anchor
layered_corridor,31.25,3,231.25,29.375,15.0,5.0249,peripheral
layered_corridor,31.25,4,231.25,90.625,15.0,5.0249,peripheral
layered_corridor,31.5,0,202.5,59.25,15.0,5.0249,peripheral
layered_corridor,31.5,1,202.5,60.75,15.0,5.0249,peripheral
layered_corridor,31.5,2,217.5,60.0,45.0,5.0,relay_anchor
layered_corridor,31.5,3,232.5,29.25,15.0,5.0249,peripheral
layered_corridor,31.5,4,232.5,90.75,15.0,5.0249,peripheral
layered_corridor,31.75,0,203.75,59.125,15.0,5.0249,peripheral
layered_corridor,31.75,1,203.75,60.875,15.0,5.0249,peripheral
layered_corridor,31.75,2,218.75,60.0,45.0,5.0,relay_anchor
layered_corridor,31.75,3,233.75,29.125,15.0,5.0249,peripheral
layered_corridor,31.75,4,233.75,90.875,15.0,5.0249,peripheral
layered_corridor,32.0,0,205.0,59.0,15.0,5.0249,peripheral
layered_corridor,32.0,1,205.0,61.0,15.0,5.0249,peripheral
layered_corridor,32.0,2,220.0,60.0,45.0,5.0,relay_anchor
layered_corridor,32.0,3,235.0,29.0,15.0,5.0249,peripheral
layered_corridor,32.0,4,235.0,91.0,15.0,5.0249,peripheral
layered_corridor,32.25,0,206.25,58.875,15.0,5.0249,peripheral
layered_corridor,32.25,1,206.25,61.125,15.0,5.0249,peripheral
layered_corridor,32.25,2,221.25,60.0,45.0,5.0,relay_anchor
layered_corridor,32.25,3,236.25,28.875,15.0,5.0249,peripheral
layered_corridor,32.25,4,236.25,91.125,15.0,5.0249,peripheral
layered_corridor,32.5,0,207.5,58.75,15.0,5.0249,peripheral
layered_corridor,32.5,1,207.5,61.25,15.0,5.0249,peripheral
layered_corridor,32.5,2,222.5,60.0,45.0,5.0,relay_anchor
layered_corridor,32.5,3,237.5,28.75,15.0,5.0249,peripheral
layered_corridor,32.5,4,237.5,91.25,15.0,5.0249,peripheral
layered_corridor,32.75,0,208.75,58.625,15.0,5.0249,peripheral
layered_corridor,32.75,1,208.75,61.375,15.0,5.0249,peripheral
layered_corridor,32.75,2,223.75,60.0,45.0,5.0,relay_anchor
layered_corridor,32.75,3,238.75,28.625,15.0,5.0249,peripheral
layered_corridor,32.75,4,238.75,91.375,15.0,5.0249,peripheral
layered_corridor,33.0,0,210.0,58.5,15.0,5.0249,peripheral
layered_corridor,33.0,1,210.0,61.5,15.0,5.0249,peripheral
layered_corridor,33.0,2,225.0,60.0,45.0,5.0,relay_anchor
layered_corridor,33.0,3,240.0,28.5,15.0,5.0249,peripheral
layered_corridor,33.0,4,240.0,91.5,15.0,5.0249,peripheral
layered_corridor,33.25,0,211.25,58.375,15.0,5.0249,peripheral
layered_corridor,33.25,1,211.25,61.625,15.0,5.0249,peripheral
layered_corridor,33.25,2,226.25,60.0,45.0,5.0,relay_anchor
layered_corridor,33.25,3,241.25,28.375,15.0,5.0249,peripheral
layered_corridor,33.25,4,241.25,91.625,15.0,5.0249,peripheral
layered_corridor,33.5,0,212.5,58.25,15.0,5.0249,peripheral
layered_corridor,33.5,1,212.5,61.75,15.0,5.0249,peripheral
layered_corridor,33.5,2,227.5,60.0,45.0,5.0,relay_anchor
layered_corridor,33.5,3,242.5,28.25,15.0,5.0249,peripheral
layered_corridor,33.5,4,242.5,91.75,15.0,5.0249,peripheral
layered_corridor,33.75,0,213.75,58.125,15.0,5.0249,peripheral
layered_corridor,33.75,1,213.75,61.875,15.0,5.0249,peripheral
layered_corridor,33.75,2,228.75,60.0,45.0,5.0,relay_anchor
layered_corridor,33.75,3,243.75,28.125,15.0,5.0249,peripheral
layered_corridor,33.75,4,243.75,91.875,15.0,5.0249,peripheral
layered_corridor,34.0,0,215.0,58.0,15.0,5.0249,peripheral
layered_corridor,34.0,1,215.0,62.0,15.0,5.0249,peripheral
layered_corridor,34.0,2,230.0,60.0,45.0,5.0,relay_anchor
layered_corridor,34.0,3,245.0,28.0,15.0,5.0249,peripheral
layered_corridor,34.0,4,245.0,92.0,15.0,5.0249,peripheral
layered_corridor,34.25,0,216.25,57.875,15.0,5.0249,peripheral
layered_corridor,34.25,1,216.25,62.125,15.0,5.0249,peripheral
layered_corridor,34.25,2,231.25,60.0,45.0,5.0,relay_anchor
layered_corridor,34.25,3,246.25,27.875,15.0,5.0249,peripheral
layered_corridor,34.25,4,246.25,92.125,15.0,5.0249,peripheral
layered_corridor,34.5,0,217.5,57.75,15.0,5.0249,peripheral
layered_corridor,34.5,1,217.5,62.25,15.0,5.0249,peripheral
layered_corridor,34.5,2,232.5,60.0,45.0,5.0,relay_anchor
layered_corridor,34.5,3,247.5,27.75,15.0,5.0249,peripheral
layered_corridor,34.5,4,247.5,92.25,15.0,5.0249,peripheral
layered_corridor,34.75,0,218.75,57.625,15.0,5.0249,peripheral
layered_corridor,34.75,1,218.75,62.375,15.0,5.0249,peripheral
layered_corridor,34.75,2,233.75,60.0,45.0,5.0,relay_anchor
layered_corridor,34.75,3,248.75,27.625,15.0,5.0249,peripheral
layered_corridor,34.75,4,248.75,92.375,15.0,5.0249,peripheral
layered_corridor,35.0,0,220.0,57.5,15.0,5.0249,peripheral
layered_corridor,35.0,1,220.0,62.5,15.0,5.0249,peripheral
layered_corridor,35.0,2,235.0,60.0,45.0,5.0,relay_anchor
layered_corridor,35.0,3,250.0,27.5,15.0,5.0249,peripheral
layered_corridor,35.0,4,250.0,92.5,15.0,5.0249,peripheral
layered_corridor,35.25,0,221.25,57.375,15.0,5.0249,peripheral
layered_corridor,35.25,1,221.25,62.625,15.0,5.0249,peripheral
layered_corridor,35.25,2,236.25,60.0,45.0,5.0,relay_anchor
layered_corridor,35.25,3,251.25,27.375,15.0,5.0249,peripheral
layered_corridor,35.25,4,251.25,92.625,15.0,5.0249,peripheral
layered_corridor,35.5,0,222.5,57.25,15.0,5.0249,peripheral
layered_corridor,35.5,1,222.5,62.75,15.0,5.0249,peripheral
layered_corridor,35.5,2,237.5,60.0,45.0,5.0,relay_anchor
layered_corridor,35.5,3,252.5,27.25,15.0,5.0249,peripheral
layered_corridor,35.5,4,252.5,92.75,15.0,5.0249,peripheral
layered_corridor,35.75,0,223.75,57.125,15.0,5.0249,peripheral
layered_corridor,35.75,1,223.75,62.875,15.0,5.0249,peripheral
layered_corridor,35.75,2,238.75,60.0,45.0,5.0,relay_anchor
layered_corridor,35.75,3,253.75,27.125,15.0,5.0249,peripheral
layered_corridor,35.75,4,253.75,92.875,15.0,5.0249,peripheral
layered_corridor,36.0,0,225.0,57.0,15.0,5.0249,peripheral
layered_corridor,36.0,1,225.0,63.0,15.0,5.0249,peripheral
layered_corridor,36.0,2,240.0,60.0,45.0,5.0,relay_anchor
layered_corridor,36.0,3,255.0,27.0,15.0,5.0249,peripheral
layered_corridor,36.0,4,255.0,93.0,15.0,5.0249,peripheral
layered_corridor,36.25,0,226.25,56.875,15.0,5.0249,peripheral
layered_corridor,36.25,1,226.25,63.125,15.0,5.0249,peripheral
layered_corridor,36.25,2,241.25,60.0,45.0,5.0,relay_anchor
layered_corridor,36.25,3,256.25,26.875,15.0,5.0249,peripheral
layered_corridor,36.25,4,256.25,93.125,15.0,5.0249,peripheral
layered_corridor,36.5,0,227.5,56.75,15.0,5.0249,peripheral
layered_corridor,36.5,1,227.5,63.25,15.0,5.0249,peripheral
layered_corridor,36.5,2,242.5,60.0,45.0,5.0,relay_anchor
layered_corridor,36.5,3,257.5,26.75,15.0,5.0249,peripheral
layered_corridor,36.5,4,257.5,93.25,15.0,5.0249,peripheral
layered_corridor,36.75,0,228.75,56.625,15.0,5.0249,peripheral
layered_corridor,36.75,1,228.75,63.375,15.0,5.0249,peripheral
layered_corridor,36.75,2,243.75,60.0,45.0,5.0,relay_anchor
layered_corridor,36.75,3,258.75,26.625,15.0,5.0249,peripheral
layered_corridor,36.75,4,258.75,93.375,15.0,5.0249,peripheral
layered_corridor,37.0,0,230.0,56.5,15.0,5.0249,peripheral
layered_corridor,37.0,1,230.0,63.5,15.0,5.0249,peripheral
layered_corridor,37.0,2,245.0,60.0,45.0,5.0,relay_anchor
layered_corridor,37.0,3,260.0,26.5,15.0,5.0249,peripheral
layered_corridor,37.0,4,260.0,93.5,15.0,5.0249,peripheral
layered_corridor,37.25,0,231.25,56.375,15.0,5.0249,peripheral
layered_corridor,37.25,1,231.25,63.625,15.0,5.0249,peripheral
layered_corridor,37.25,2,246.25,60.0,45.0,5.0,relay_anchor
layered_corridor,37.25,3,261.25,26.375,15.0,5.0249,peripheral
layered_corridor,37.25,4,261.25,93.625,15.0,5.0249,peripheral
layered_corridor,37.5,0,232.5,56.25,15.0,5.0249,peripheral
layered_corridor,37.5,1,232.5,63.75,15.0,5.0249,peripheral
layered_corridor,37.5,2,247.5,60.0,45.0,5.0,relay_anchor
layered_corridor,37.5,3,262.5,26.25,15.0,5.0249,peripheral
layered_corridor,37.5,4,262.5,93.75,15.0,5.0249,peripheral
layered_corridor,37.75,0,233.75,56.125,15.0,5.0249,peripheral
layered_corridor,37.75,1,233.75,63.875,15.0,5.0249,peripheral
layered_corridor,37.75,2,248.75,60.0,45.0,5.0,relay_anchor
layered_corridor,37.75,3,263.75,26.125,15.0,5.0249,peripheral
layered_corridor,37.75,4,263.75,93.875,15.0,5.0249,peripheral
layered_corridor,38.0,0,235.0,56.0,15.0,5.0249,peripheral
layered_corridor,38.0,1,235.0,64.0,15.0,5.0249,peripheral
layered_corridor,38.0,2,250.0,60.0,45.0,5.0,relay_anchor
layered_corridor,38.0,3,265.0,26.0,15.0,5.0249,peripheral
layered_corridor,38.0,4,265.0,94.0,15.0,5.0249,peripheral
layered_corridor,38.25,0,236.25,55.875,15.0,5.0249,peripheral
layered_corridor,38.25,1,236.25,64.125,15.0,5.0249,peripheral
layered_corridor,38.25,2,251.25,60.0,45.0,5.0,relay_anchor
layered_corridor,38.25,3,266.25,25.875,15.0,5.0249,peripheral
layered_corridor,38.25,4,266.25,94.125,15.0,5.0249,peripheral
layered_corridor,38.5,0,237.5,55.75,15.0,5.0249,peripheral
layered_corridor,38.5,1,237.5,64.25,15.0,5.0249,peripheral
layered_corridor,38.5,2,252.5,60.0,45.0,5.0,relay_anchor
layered_corridor,38.5,3,267.5,25.75,15.0,5.0249,peripheral
layered_corridor,38.5,4,267.5,94.25,15.0,5.0249,peripheral
layered_corridor,38.75,0,238.75,55.625,15.0,5.0249,peripheral
layered_corridor,38.75,1,238.75,64.375,15.0,5.0249,peripheral
layered_corridor,38.75,2,253.75,60.0,45.0,5.0,relay_anchor
layered_corridor,38.75,3,268.75,25.625,15.0,5.0249,peripheral
layered_corridor,38.75,4,268.75,94.375,15.0,5.0249,peripheral
layered_corridor,39.0,0,240.0,55.5,15.0,5.0249,peripheral
layered_corridor,39.0,1,240.0,64.5,15.0,5.0249,peripheral
layered_corridor,39.0,2,255.0,60.0,45.0,5.0,relay_anchor
layered_corridor,39.0,3,270.0,25.5,15.0,5.0249,peripheral
layered_corridor,39.0,4,270.0,94.5,15.0,5.0249,peripheral
layered_corridor,39.25,0,241.25,55.375,15.0,5.0249,peripheral
layered_corridor,39.25,1,241.25,64.625,15.0,5.0249,peripheral
layered_corridor,39.25,2,256.25,60.0,45.0,5.0,relay_anchor
layered_corridor,39.25,3,271.25,25.375,15.0,5.0249,peripheral
layered_corridor,39.25,4,271.25,94.625,15.0,5.0249,peripheral
layered_corridor,39.5,0,242.5,55.25,15.0,5.0249,peripheral
layered_corridor,39.5,1,242.5,64.75,15.0,5.0249,peripheral
layered_corridor,39.5,2,257.5,60.0,45.0,5.0,relay_anchor
layered_corridor,39.5,3,272.5,25.25,15.0,5.0249,peripheral
layered_corridor,39.5,4,272.5,94.75,15.0,5.0249,peripheral
layered_corridor,39.75,0,243.75,55.125,15.0,5.0249,peripheral
layered_corridor,39.75,1,243.75,64.875,15.0,5.0249,peripheral
layered_corridor,39.75,2,258.75,60.0,45.0,5.0,relay_anchor
layered_corridor,39.75,3,273.75,25.125,15.0,5.0249,peripheral
layered_corridor,39.75,4,273.75,94.875,15.0,5.0249,peripheral
layered_corridor,40.0,0,245.0,55.0,15.0,5.0249,peripheral
layered_corridor,40.0,1,245.0,65.0,15.0,5.0249,peripheral
layered_corridor,40.0,2,260.0,60.0,45.0,5.0,relay_anchor
layered_corridor,40.0,3,275.0,25.0,15.0,5.0249,peripheral
layered_corridor,40.0,4,275.0,95.0,15.0,5.0249,peripheral
layered_corridor,40.25,0,246.25,54.875,15.0,5.0249,peripheral
layered_corridor,40.25,1,246.25,65.125,15.0,5.0249,peripheral
layered_corridor,40.25,2,261.25,60.0,45.0,5.0,relay_anchor
layered_corridor,40.25,3,276.25,24.875,15.0,5.0249,peripheral
layered_corridor,40.25,4,276.25,95.125,15.0,5.0249,peripheral
layered_corridor,40.5,0,247.5,54.75,15.0,5.0249,peripheral
layered_corridor,40.5,1,247.5,65.25,15.0,5.0249,peripheral
layered_corridor,40.5,2,262.5,60.0,45.0,5.0,relay_anchor
layered_corridor,40.5,3,277.5,24.75,15.0,5.0249,peripheral
layered_corridor,40.5,4,277.5,95.25,15.0,5.0249,peripheral
layered_corridor,40.75,0,248.75,54.625,15.0,5.0249,peripheral
layered_corridor,40.75,1,248.75,65.375,15.0,5.0249,peripheral
layered_corridor,40.75,2,263.75,60.0,45.0,5.0,relay_anchor
layered_corridor,40.75,3,278.75,24.625,15.0,5.0249,peripheral
layered_corridor,40.75,4,278.75,95.375,15.0,5.0249,peripheral
layered_corridor,41.0,0,250.0,54.5,15.0,5.0249,peripheral
layered_corridor,41.0,1,250.0,65.5,15.0,5.0249,peripheral
layered_corridor,41.0,2,265.0,60.0,45.0,5.0,relay_anchor
layered_corridor,41.0,3,280.0,24.5,15.0,5.0249,peripheral
layered_corridor,41.0,4,280.0,95.5,15.0,5.0249,peripheral
layered_corridor,41.25,0,251.25,54.375,15.0,5.0249,peripheral
layered_corridor,41.25,1,251.25,65.625,15.0,5.0249,peripheral
layered_corridor,41.25,2,266.25,60.0,45.0,5.0,relay_anchor
layered_corridor,41.25,3,281.25,24.375,15.0,5.0249,peripheral
layered_corridor,41.25,4,281.25,95.625,15.0,5.0249,peripheral
layered_corridor,41.5,0,252.5,54.25,15.0,5.0249,peripheral
layered_corridor,41.5,1,252.5,65.75,15.0,5.0249,peripheral
layered_corridor,41.5,2,267.5,60.0,45.0,5.0,relay_anchor
layered_corridor,41.5,3,282.5,24.25,15.0,5.0249,peripheral
layered_corridor,41.5,4,282.5,95.75,15.0,5.0249,peripheral
layered_corridor,41.75,0,253.75,54.125,15.0,5.0249,peripheral
layered_corridor,41.75,1,253.75,65.875,15.0,5.0249,peripheral
layered_corridor,41.75,2,268.75,60.0,45.0,5.0,relay_anchor
layered_corridor,41.75,3,283.75,24.125,15.0,5.0249,peripheral
layered_corridor,41.75,4,283.75,95.875,15.0,5.0249,peripheral
layered_corridor,42.0,0,255.0,54.0,15.0,5.0249,peripheral
layered_corridor,42.0,1,255.0,66.0,15.0,5.0249,peripheral
layered_corridor,42.0,2,270.0,60.0,45.0,5.0,relay_anchor
layered_corridor,42.0,3,285.0,24.0,15.0,5.0249,peripheral
layered_corridor,42.0,4,285.0,96.0,15.0,5.0249,peripheral
layered_corridor,42.25,0,256.25,53.875,15.0,5.0249,peripheral
layered_corridor,42.25,1,256.25,66.125,15.0,5.0249,peripheral
layered_corridor,42.25,2,271.25,60.0,45.0,5.0,relay_anchor
layered_corridor,42.25,3,286.25,23.875,15.0,5.0249,peripheral
layered_corridor,42.25,4,286.25,96.125,15.0,5.0249,peripheral
layered_corridor,42.5,0,257.5,53.75,15.0,5.0249,peripheral
layered_corridor,42.5,1,257.5,66.25,15.0,5.0249,peripheral
layered_corridor,42.5,2,272.5,60.0,45.0,5.0,relay_anchor
layered_corridor,42.5,3,287.5,23.75,15.0,5.0249,peripheral
layered_corridor,42.5,4,287.5,96.25,15.0,5.0249,peripheral
layered_corridor,42.75,0,258.75,53.625,15.0,5.0249,peripheral
layered_corridor,42.75,1,258.75,66.375,15.0,5.0249,peripheral
layered_corridor,42.75,2,273.75,60.0,45.0,5.0,relay_anchor
layered_corridor,42.75,3,288.75,23.625,15.0,5.0249,peripheral
layered_corridor,42.75,4,288.75,96.375,15.0,5.0249,peripheral
layered_corridor,43.0,0,260.0,53.5,15.0,5.0249,peripheral
layered_corridor,43.0,1,260.0,66.5,15.0,5.0249,peripheral
layered_corridor,43.0,2,275.0,60.0,45.0,5.0,relay_anchor
layered_corridor,43.0,3,290.0,23.5,15.0,5.0249,peripheral
layered_corridor,43.0,4,290.0,96.5,15.0,5.0249,peripheral
layered_corridor,43.25,0,261.25,53.375,15.0,5.0249,peripheral
layered_corridor,43.25,1,261.25,66.625,15.0,5.0249,peripheral
layered_corridor,43.25,2,276.25,60.0,45.0,5.0,relay_anchor
layered_corridor,43.25,3,291.25,23.375,15.0,5.0249,peripheral
layered_corridor,43.25,4,291.25,96.625,15.0,5.0249,peripheral
layered_corridor,43.5,0,262.5,53.25,15.0,5.0249,peripheral
layered_corridor,43.5,1,262.5,66.75,15.0,5.0249,peripheral
layered_corridor,43.5,2,277.5,60.0,45.0,5.0,relay_anchor
layered_corridor,43.5,3,292.5,23.25,15.0,5.0249,peripheral
layered_corridor,43.5,4,292.5,96.75,15.0,5.0249,peripheral
layered_corridor,43.75,0,263.75,53.125,15.0,5.0249,peripheral
layered_corridor,43.75,1,263.75,66.875,15.0,5.0249,peripheral
layered_corridor,43.75,2,278.75,60.0,45.0,5.0,relay_anchor
layered_corridor,43.75,3,293.75,23.125,15.0,5.0249,peripheral
layered_corridor,43.75,4,293.75,96.875,15.0,5.0249,peripheral
layered_corridor,44.0,0,265.0,53.0,15.0,5.0249,peripheral
layered_corridor,44.0,1,265.0,67.0,15.0,5.0249,peripheral
layered_corridor,44.0,2,280.0,60.0,45.0,5.0,relay_anchor
layered_corridor,44.0,3,295.0,23.0,15.0,5.0249,peripheral
layered_corridor,44.0,4,295.0,97.0,15.0,5.0249,peripheral
layered_corridor,44.25,0,266.25,52.875,15.0,5.0249,peripheral
layered_corridor,44.25,1,266.25,67.125,15.0,5.0249,peripheral
layered_corridor,44.25,2,281.25,60.0,45.0,5.0,relay_anchor
layered_corridor,44.25,3,296.25,22.875,15.0,5.0249,peripheral
layered_corridor,44.25,4,296.25,97.125,15.0,5.0249,peripheral
layered_corridor,44.5,0,267.5,52.75,15.0,5.0249,peripheral
layered_corridor,44.5,1,267.5,67.25,15.0,5.0249,peripheral
layered_corridor,44.5,2,282.5,60.0,45.0,5.0,relay_anchor
layered_corridor,44.5,3,297.5,22.75,15.0,5.0249,peripheral
layered_corridor,44.5,4,297.5,97.25,15.0,5.0249,peripheral
layered_corridor,44.75,0,268.75,52.625,15.0,5.0249,peripheral
layered_corridor,44.75,1,268.75,67.375,15.0,5.0249,peripheral
layered_corridor,44.75,2,283.75,60.0,45.0,5.0,relay_anchor
layered_corridor,44.75,3,298.75,22.625,15.0,5.0249,peripheral
layered_corridor,44.75,4,298.75,97.375,15.0,5.0249,peripheral
layered_corridor,45.0,0,270.0,52.5,15.0,5.0249,peripheral
layered_corridor,45.0,1,270.0,67.5,15.0,5.0249,peripheral
layered_corridor,45.0,2,285.0,60.0,45.0,5.0,relay_anchor
layered_corridor,45.0,3,300.0,22.5,15.0,5.0249,peripheral
layered_corridor,45.0,4,300.0,97.5,15.0,5.0249,peripheral
layered_corridor,45.25,0,271.25,52.375,15.0,5.0249,peripheral
layered_corridor,45.25,1,271.25,67.625,15.0,5.0249,peripheral
layered_corridor,45.25,2,286.25,60.0,45.0,5.0,relay_anchor
layered_corridor,45.25,3,301.25,22.375,15.0,5.0249,peripheral
layered_corridor,45.25,4,301.25,97.625,15.0,5.0249,peripheral
layered_corridor,45.5,0,272.5,52.25,15.0,5.0249,peripheral
layered_corridor,45.5,1,272.5,67.75,15.0,5.0249,peripheral
layered_corridor,45.5,2,287.5,60.0,45.0,5.0,relay_anchor
layered_corridor,45.5,3,302.5,22.25,15.0,5.0249,peripheral
layered_corridor,45.5,4,302.5,97.75,15.0,5.0249,peripheral
layered_corridor,45.75,0,273.75,52.125,15.0,5.0249,peripheral
layered_corridor,45.75,1,273.75,67.875,15.0,5.0249,peripheral
layered_corridor,45.75,2,288.75,60.0,45.0,5.0,relay_anchor
layered_corridor,45.75,3,303.75,22.125,15.0,5.0249,peripheral
layered_corridor,45.75,4,303.75,97.875,15.0,5.0249,peripheral
layered_corridor,46.0,0,275.0,52.0,15.0,5.0249,peripheral
layered_corridor,46.0,1,275.0,68.0,15.0,5.0249,peripheral
layered_corridor,46.0,2,290.0,60.0,45.0,5.0,relay_anchor
layered_corridor,46.0,3,305.0,22.0,15.0,5.0249,peripheral
layered_corridor,46.0,4,305.0,98.0,15.0,5.0249,peripheral
layered_corridor,46.25,0,276.25,51.875,15.0,5.0249,peripheral
layered_corridor,46.25,1,276.25,68.125,15.0,5.0249,peripheral
layered_corridor,46.25,2,291.25,60.0,45.0,5.0,relay_anchor
layered_corridor,46.25,3,306.25,21.875,15.0,5.0249,peripheral
layered_corridor,46.25,4,306.25,98.125,15.0,5.0249,peripheral
layered_corridor,46.5,0,277.5,51.75,15.0,5.0249,peripheral
layered_corridor,46.5,1,277.5,68.25,15.0,5.0249,peripheral
layered_corridor,46.5,2,292.5,60.0,45.0,5.0,relay_anchor
layered_corridor,46.5,3,307.5,21.75,15.0,5.0249,peripheral
layered_corridor,46.5,4,307.5,98.25,15.0,5.0249,peripheral
layered_corridor,46.75,0,278.75,51.625,15.0,5.0249,peripheral
layered_corridor,46.75,1,278.75,68.375,15.0,5.0249,peripheral
layered_corridor,46.75,2,293.75,60.0,45.0,5.0,relay_anchor
layered_corridor,46.75,3,308.75,21.625,15.0,5.0249,peripheral
layered_corridor,46.75,4,308.75,98.375,15.0,5.0249,peripheral
layered_corridor,47.0,0,280.0,51.5,15.0,5.0249,peripheral
layered_corridor,47.0,1,280.0,68.5,15.0,5.0249,peripheral
layered_corridor,47.0,2,295.0,60.0,45.0,5.0,relay_anchor
layered_corridor,47.0,3,310.0,21.5,15.0,5.0249,peripheral
layered_corridor,47.0,4,310.0,98.5,15.0,5.0249,peripheral
layered_corridor,47.25,0,281.25,51.375,15.0,5.0249,peripheral
layered_corridor,47.25,1,281.25,68.625,15.0,5.0249,peripheral
layered_corridor,47.25,2,296.25,60.0,45.0,5.0,relay_anchor
layered_corridor,47.25,3,311.25,21.375,15.0,5.0249,peripheral
layered_corridor,47.25,4,311.25,98.625,15.0,5.0249,peripheral
layered_corridor,47.5,0,282.5,51.25,15.0,5.0249,peripheral
layered_corridor,47.5,1,282.5,68.75,15.0,5.0249,peripheral
layered_corridor,47.5,2,297.5,60.0,45.0,5.0,relay_anchor
layered_corridor,47.5,3,312.5,21.25,15.0,5.0249,peripheral
layered_corridor,47.5,4,312.5,98.75,15.0,5.0249,peripheral
layered_corridor,47.75,0,283.75,51.125,15.0,5.0249,peripheral
layered_corridor,47.75,1,283.75,68.875,15.0,5.0249,peripheral
layered_corridor,47.75,2,298.75,60.0,45.0,5.0,relay_anchor
layered_corridor,47.75,3,313.75,21.125,15.0,5.0249,peripheral
layered_corridor,47.75,4,313.75,98.875,15.0,5.0249,peripheral
layered_corridor,48.0,0,285.0,51.0,15.0,5.0249,peripheral
layered_corridor,48.0,1,285.0,69.0,15.0,5.0249,peripheral
layered_corridor,48.0,2,300.0,60.0,45.0,5.0,relay_anchor
layered_corridor,48.0,3,315.0,21.0,15.0,5.0249,peripheral
layered_corridor,48.0,4,315.0,99.0,15.0,5.0249,peripheral
layered_corridor,48.25,0,286.25,50.875,15.0,5.0249,peripheral
layered_corridor,48.25,1,286.25,69.125,15.0,5.0249,peripheral
layered_corridor,48.25,2,301.25,60.0,45.0,5.0,relay_anchor
layered_corridor,48.25,3,316.25,20.875,15.0,5.0249,peripheral
layered_corridor,48.25,4,316.25,99.125,15.0,5.0249,peripheral
layered_corridor,48.5,0,287.5,50.75,15.0,5.0249,peripheral
layered_corridor,48.5,1,287.5,69.25,15.0,5.0249,peripheral
layered_corridor,48.5,2,302.5,60.0,45.0,5.0,relay_anchor
layered_corridor,48.5,3,317.5,20.75,15.0,5.0249,peripheral
layered_corridor,48.5,4,317.5,99.25,15.0,5.0249,peripheral
layered_corridor,48.75,0,288.75,50.625,15.0,5.0249,peripheral
layered_corridor,48.75,1,288.75,69.375,15.0,5.0249,peripheral
layered_corridor,48.75,2,303.75,60.0,45.0,5.0,relay_anchor
layered_corridor,48.75,3,318.75,20.625,15.0,5.0249,peripheral
layered_corridor,48.75,4,318.75,99.375,15.0,5.0249,peripheral
layered_corridor,49.0,0,290.0,50.5,15.0,5.0249,peripheral
layered_corridor,49.0,1,290.0,69.5,15.0,5.0249,peripheral
layered_corridor,49.0,2,305.0,60.0,45.0,5.0,relay_anchor
layered_corridor,49.0,3,320.0,20.5,15.0,5.0249,peripheral
layered_corridor,49.0,4,320.0,99.5,15.0,5.0249,peripheral
layered_corridor,49.25,0,291.25,50.375,15.0,5.0249,peripheral
layered_corridor,49.25,1,291.25,69.625,15.0,5.0249,peripheral
layered_corridor,49.25,2,306.25,60.0,45.0,5.0,relay_anchor
layered_corridor,49.25,3,321.25,20.375,15.0,5.0249,peripheral
layered_corridor,49.25,4,321.25,99.625,15.0,5.0249,peripheral
layered_corridor,49.5,0,292.5,50.25,15.0,5.0249,peripheral
layered_corridor,49.5,1,292.5,69.75,15.0,5.0249,peripheral
layered_corridor,49.5,2,307.5,60.0,45.0,5.0,relay_anchor
layered_corridor,49.5,3,322.5,20.25,15.0,5.0249,peripheral
layered_corridor,49.5,4,322.5,99.75,15.0,5.0249,peripheral
layered_corridor,49.75,0,293.75,50.125,15.0,5.0249,peripheral
layered_corridor,49.75,1,293.75,69.875,15.0,5.0249,peripheral
layered_corridor,49.75,2,308.75,60.0,45.0,5.0,relay_anchor
layered_corridor,49.75,3,323.75,20.125,15.0,5.0249,peripheral
layered_corridor,49.75,4,323.75,99.875,15.0,5.0249,peripheral
layered_corridor,50.0,0,295.0,50.0,15.0,5.0249,peripheral
layered_corridor,50.0,1,295.0,70.0,15.0,5.0249,peripheral
layered_corridor,50.0,2,310.0,60.0,45.0,5.0,relay_anchor
layered_corridor,50.0,3,325.0,20.0,15.0,5.0249,peripheral
layered_corridor,50.0,4,325.0,100.0,15.0,5.0249,peripheral
layered_corridor,50.25,0,296.25,49.875,15.0,5.0249,peripheral
layered_corridor,50.25,1,296.25,70.125,15.0,5.0249,peripheral
layered_corridor,50.25,2,311.25,60.0,45.0,5.0,relay_anchor
layered_corridor,50.25,3,326.25,19.875,15.0,5.0249,peripheral
layered_corridor,50.25,4,326.25,100.125,15.0,5.0249,peripheral
layered_corridor,50.5,0,297.5,49.75,15.0,5.0249,peripheral
layered_corridor,50.5,1,297.5,70.25,15.0,5.0249,peripheral
layered_corridor,50.5,2,312.5,60.0,45.0,5.0,relay_anchor
layered_corridor,50.5,3,327.5,19.75,15.0,5.0249,peripheral
layered_corridor,50.5,4,327.5,100.25,15.0,5.0249,peripheral
layered_corridor,50.75,0,298.75,49.625,15.0,5.0249,peripheral
layered_corridor,50.75,1,298.75,70.375,15.0,5.0249,peripheral
layered_corridor,50.75,2,313.75,60.0,45.0,5.0,relay_anchor
layered_corridor,50.75,3,328.75,19.625,15.0,5.0249,peripheral
layered_corridor,50.75,4,328.75,100.375,15.0,5.0249,peripheral
layered_corridor,51.0,0,300.0,49.5,15.0,5.0249,peripheral
layered_corridor,51.0,1,300.0,70.5,15.0,5.0249,peripheral
layered_corridor,51.0,2,315.0,60.0,45.0,5.0,relay_anchor
layered_corridor,51.0,3,330.0,19.5,15.0,5.0249,peripheral
layered_corridor,51.0,4,330.0,100.5,15.0,5.0249,peripheral
layered_corridor,51.25,0,301.25,49.375,15.0,5.0249,peripheral
layered_corridor,51.25,1,301.25,70.625,15.0,5.0249,peripheral
layered_corridor,51.25,2,316.25,60.0,45.0,5.0,relay_anchor
layered_corridor,51.25,3,331.25,19.375,15.0,5.0249,peripheral
layered_corridor,51.25,4,331.25,100.625,15.0,5.0249,peripheral
layered_corridor,51.5,0,302.5,49.25,15.0,5.0249,peripheral
layered_corridor,51.5,1,302.5,70.75,15.0,5.0249,peripheral
layered_corridor,51.5,2,317.5,60.0,45.0,5.0,relay_anchor
layered_corridor,51.5,3,332.5,19.25,15.0,5.0249,peripheral
layered_corridor,51.5,4,332.5,100.75,15.0,5.0249,peripheral
layered_corridor,51.75,0,303.75,49.125,15.0,5.0249,peripheral
layered_corridor,51.75,1,303.75,70.875,15.0,5.0249,peripheral
layered_corridor,51.75,2,318.75,60.0,45.0,5.0,relay_anchor
layered_corridor,51.75,3,333.75,19.125,15.0,5.0249,peripheral
layered_corridor,51.75,4,333.75,100.875,15.0,5.0249,peripheral
layered_corridor,52.0,0,305.0,49.0,15.0,5.0249,peripheral
layered_corridor,52.0,1,305.0,71.0,15.0,5.0249,peripheral
layered_corridor,52.0,2,320.0,60.0,45.0,5.0,relay_anchor
layered_corridor,52.0,3,335.0,19.0,15.0,5.0249,peripheral
layered_corridor,52.0,4,335.0,101.0,15.0,5.0249,peripheral
layered_corridor,52.25,0,306.25,48.875,15.0,5.0249,peripheral
layered_corridor,52.25,1,306.25,71.125,15.0,5.0249,peripheral
layered_corridor,52.25,2,321.25,60.0,45.0,5.0,relay_anchor
layered_corridor,52.25,3,336.25,18.875,15.0,5.0249,peripheral
layered_corridor,52.25,4,336.25,101.125,15.0,5.0249,peripheral
layered_corridor,52.5,0,307.5,48.75,15.0,5.0249,peripheral
layered_corridor,52.5,1,307.5,71.25,15.0,5.0249,peripheral
layered_corridor,52.5,2,322.5,60.0,45.0,5.0,relay_anchor
layered_corridor,52.5,3,337.5,18.75,15.0,5.0249,peripheral
layered_corridor,52.5,4,337.5,101.25,15.0,5.0249,peripheral
layered_corridor,52.75,0,308.75,48.625,15.0,5.0249,peripheral
layered_corridor,52.75,1,308.75,71.375,15.0,5.0249,peripheral
layered_corridor,52.75,2,323.75,60.0,45.0,5.0,relay_anchor
layered_corridor,52.75,3,338.75,18.625,15.0,5.0249,peripheral
layered_corridor,52.75,4,338.75,101.375,15.0,5.0249,peripheral
layered_corridor,53.0,0,310.0,48.5,15.0,5.0249,peripheral
layered_corridor,53.0,1,310.0,71.5,15.0,5.0249,peripheral
layered_corridor,53.0,2,325.0,60.0,45.0,5.0,relay_anchor
layered_corridor,53.0,3,340.0,18.5,15.0,5.0249,peripheral
layered_corridor,53.0,4,340.0,101.5,15.0,5.0249,peripheral
layered_corridor,53.25,0,311.25,48.375,15.0,5.0249,peripheral
layered_corridor,53.25,1,311.25,71.625,15.0,5.0249,peripheral
layered_corridor,53.25,2,326.25,60.0,45.0,5.0,relay_anchor
layered_corridor,53.25,3,341.25,18.375,15.0,5.0249,peripheral
layered_corridor,53.25,4,341.25,101.625,15.0,5.0249,peripheral
layered_corridor,53.5,0,312.5,48.25,15.0,5.0249,peripheral
layered_corridor,53.5,1,312.5,71.75,15.0,5.0249,peripheral
layered_corridor,53.5,2,327.5,60.0,45.0,5.0,relay_anchor
layered_corridor,53.5,3,342.5,18.25,15.0,5.0249,peripheral
layered_corridor,53.5,4,342.5,101.75,15.0,5.0249,peripheral
layered_corridor,53.75,0,313.75,48.125,15.0,5.0249,peripheral
layered_corridor,53.75,1,313.75,71.875,15.0,5.0249,peripheral
layered_corridor,53.75,2,328.75,60.0,45.0,5.0,relay_anchor
layered_corridor,53.75,3,343.75,18.125,15.0,5.0249,peripheral
layered_corridor,53.75,4,343.75,101.875,15.0,5.0249,peripheral
layered_corridor,54.0,0,315.0,48.0,15.0,5.0249,peripheral
layered_corridor,54.0,1,315.0,72.0,15.0,5.0249,peripheral
layered_corridor,54.0,2,330.0,60.0,45.0,5.0,relay_anchor
layered_corridor,54.0,3,345.0,18.0,15.0,5.0249,peripheral
layered_corridor,54.0,4,345.0,102.0,15.0,5.0249,peripheral
layered_corridor,54.25,0,316.25,47.875,15.0,5.0249,peripheral
layered_corridor,54.25,1,316.25,72.125,15.0,5.0249,peripheral
layered_corridor,54.25,2,331.25,60.0,45.0,5.0,relay_anchor
layered_corridor,54.25,3,346.25,17.875,15.0,5.0249,peripheral
layered_corridor,54.25,4,346.25,102.125,15.0,5.0249,peripheral
layered_corridor,54.5,0,317.5,47.75,15.0,5.0249,peripheral
layered_corridor,54.5,1,317.5,72.25,15.0,5.0249,peripheral
layered_corridor,54.5,2,332.5,60.0,45.0,5.0,relay_anchor
layered_corridor,54.5,3,347.5,17.75,15.0,5.0249,peripheral
layered_corridor,54.5,4,347.5,102.25,15.0,5.0249,peripheral
layered_corridor,54.75,0,318.75,47.625,15.0,5.0249,peripheral
layered_corridor,54.75,1,318.75,72.375,15.0,5.0249,peripheral
layered_corridor,54.75,2,333.75,60.0,45.0,5.0,relay_anchor
layered_corridor,54.75,3,348.75,17.625,15.0,5.0249,peripheral
layered_corridor,54.75,4,348.75,102.375,15.0,5.0249,peripheral
layered_corridor,55.0,0,320.0,47.5,15.0,5.0249,peripheral
layered_corridor,55.0,1,320.0,72.5,15.0,5.0249,peripheral
layered_corridor,55.0,2,335.0,60.0,45.0,5.0,relay_anchor
layered_corridor,55.0,3,350.0,17.5,15.0,5.0249,peripheral
layered_corridor,55.0,4,350.0,102.5,15.0,5.0249,peripheral
layered_corridor,55.25,0,321.25,47.375,15.0,5.0249,peripheral
layered_corridor,55.25,1,321.25,72.625,15.0,5.0249,peripheral
layered_corridor,55.25,2,336.25,60.0,45.0,5.0,relay_anchor
layered_corridor,55.25,3,351.25,17.375,15.0,5.0249,peripheral
layered_corridor,55.25,4,351.25,102.625,15.0,5.0249,peripheral
layered_corridor,55.5,0,322.5,47.25,15.0,5.0249,peripheral
layered_corridor,55.5,1,322.5,72.75,15.0,5.0249,peripheral
layered_corridor,55.5,2,337.5,60.0,45.0,5.0,relay_anchor
layered_corridor,55.5,3,352.5,17.25,15.0,5.0249,peripheral
layered_corridor,55.5,4,352.5,102.75,15.0,5.0249,peripheral
layered_corridor,55.75,0,323.75,47.125,15.0,5.0249,peripheral
layered_corridor,55.75,1,323.75,72.875,15.0,5.0249,peripheral
layered_corridor,55.75,2,338.75,60.0,45.0,5.0,relay_anchor
layered_corridor,55.75,3,353.75,17.125,15.0,5.0249,peripheral
layered_corridor,55.75,4,353.75,102.875,15.0,5.0249,peripheral
layered_corridor,56.0,0,325.0,47.0,15.0,5.0249,peripheral
layered_corridor,56.0,1,325.0,73.0,15.0,5.0249,peripheral
layered_corridor,56.0,2,340.0,60.0,45.0,5.0,relay_anchor
layered_corridor,56.0,3,355.0,17.0,15.0,5.0249,peripheral
layered_corridor,56.0,4,355.0,103.0,15.0,5.0249,peripheral
layered_corridor,56.25,0,326.25,46.875,15.0,5.0249,peripheral
layered_corridor,56.25,1,326.25,73.125,15.0,5.0249,peripheral
layered_corridor,56.25,2,341.25,60.0,45.0,5.0,relay_anchor
layered_corridor,56.25,3,356.25,16.875,15.0,5.0249,peripheral
layered_corridor,56.25,4,356.25,103.125,15.0,5.0249,peripheral
layered_corridor,56.5,0,327.5,46.75,15.0,5.0249,peripheral
layered_corridor,56.5,1,327.5,73.25,15.0,5.0249,peripheral
layered_corridor,56.5,2,342.5,60.0,45.0,5.0,relay_anchor
layered_corridor,56.5,3,357.5,16.75,15.0,5.0249,peripheral
layered_corridor,56.5,4,357.5,103.25,15.0,5.0249,peripheral
layered_corridor,56.75,0,328.75,46.625,15.0,5.0249,peripheral
layered_corridor,56.75,1,328.75,73.375,15.0,5.0249,peripheral
layered_corridor,56.75,2,343.75,60.0,45.0,5.0,relay_anchor
layered_corridor,56.75,3,358.75,16.625,15.0,5.0249,peripheral
layered_corridor,56.75,4,358.75,103.375,15.0,5.0249,peripheral
layered_corridor,57.0,0,330.0,46.5,15.0,5.0249,peripheral
layered_corridor,57.0,1,330.0,73.5,15.0,5.0249,peripheral
layered_corridor,57.0,2,345.0,60.0,45.0,5.0,relay_anchor
layered_corridor,57.0,3,360.0,16.5,15.0,5.0249,peripheral
layered_corridor,57.0,4,360.0,103.5,15.0,5.0249,peripheral
layered_corridor,57.25,0,331.25,46.375,15.0,5.0249,peripheral
layered_corridor,57.25,1,331.25,73.625,15.0,5.0249,peripheral
layered_corridor,57.25,2,346.25,60.0,45.0,5.0,relay_anchor
layered_corridor,57.25,3,361.25,16.375,15.0,5.0249,peripheral
layered_corridor,57.25,4,361.25,103.625,15.0,5.0249,peripheral
layered_corridor,57.5,0,332.5,46.25,15.0,5.0249,peripheral
layered_corridor,57.5,1,332.5,73.75,15.0,5.0249,peripheral
layered_corridor,57.5,2,347.5,60.0,45.0,5.0,relay_anchor
layered_corridor,57.5,3,362.5,16.25,15.0,5.0249,peripheral
layered_corridor,57.5,4,362.5,103.75,15.0,5.0249,peripheral
layered_corridor,57.75,0,333.75,46.125,15.0,5.0249,peripheral
layered_corridor,57.75,1,333.75,73.875,15.0,5.0249,peripheral
layered_corridor,57.75,2,348.75,60.0,45.0,5.0,relay_anchor
layered_corridor,57.75,3,363.75,16.125,15.0,5.0249,peripheral
layered_corridor,57.75,4,363.75,103.875,15.0,5.0249,peripheral
layered_corridor,58.0,0,335.0,46.0,15.0,5.0249,peripheral
layered_corridor,58.0,1,335.0,74.0,15.0,5.0249,peripheral
layered_corridor,58.0,2,350.0,60.0,45.0,5.0,relay_anchor
layered_corridor,58.0,3,365.0,16.0,15.0,5.0249,peripheral
layered_corridor,58.0,4,365.0,104.0,15.0,5.0249,peripheral
layered_corridor,58.25,0,336.25,45.875,15.0,5.0249,peripheral
layered_corridor,58.25,1,336.25,74.125,15.0,5.0249,peripheral
layered_corridor,58.25,2,351.25,60.0,45.0,5.0,relay_anchor
layered_corridor,58.25,3,366.25,15.875,15.0,5.0249,peripheral
layered_corridor,58.25,4,366.25,104.125,15.0,5.0249,peripheral
layered_corridor,58.5,0,337.5,45.75,15.0,5.0249,peripheral
layered_corridor,58.5,1,337.5,74.25,15.0,5.0249,peripheral
layered_corridor,58.5,2,352.5,60.0,45.0,5.0,relay_anchor
layered_corridor,58.5,3,367.5,15.75,15.0,5.0249,peripheral
layered_corridor,58.5,4,367.5,104.25,15.0,5.0249,peripheral
layered_corridor,58.75,0,338.75,45.625,15.0,5.0249,peripheral
layered_corridor,58.75,1,338.75,74.375,15.0,5.0249,peripheral
layered_corridor,58.75,2,353.75,60.0,45.0,5.0,relay_anchor
layered_corridor,58.75,3,368.75,15.625,15.0,5.0249,peripheral
layered_corridor,58.75,4,368.75,104.375,15.0,5.0249,peripheral
layered_corridor,59.0,0,340.0,45.5,15.0,5.0249,peripheral
layered_corridor,59.0,1,340.0,74.5,15.0,5.0249,peripheral
layered_corridor,59.0,2,355.0,60.0,45.0,5.0,relay_anchor
layered_corridor,59.0,3,370.0,15.5,15.0,5.0249,peripheral
layered_corridor,59.0,4,370.0,104.5,15.0,5.0249,peripheral
layered_corridor,59.25,0,341.25,45.375,15.0,5.0249,peripheral
layered_corridor,59.25,1,341.25,74.625,15.0,5.0249,peripheral
layered_corridor,59.25,2,356.25,60.0,45.0,5.0,relay_anchor
layered_corridor,59.25,3,371.25,15.375,15.0,5.0249,peripheral
layered_corridor,59.25,4,371.25,104.625,15.0,5.0249,peripheral
layered_corridor,59.5,0,342.5,45.25,15.0,5.0249,peripheral
layered_corridor,59.5,1,342.5,74.75,15.0,5.0249,peripheral
layered_corridor,59.5,2,357.5,60.0,45.0,5.0,relay_anchor
layered_corridor,59.5,3,372.5,15.25,15.0,5.0249,peripheral
layered_corridor,59.5,4,372.5,104.75,15.0,5.0249,peripheral
layered_corridor,59.75,0,343.75,45.125,15.0,5.0249,peripheral
layered_corridor,59.75,1,343.75,74.875,15.0,5.0249,peripheral
layered_corridor,59.75,2,358.75,60.0,45.0,5.0,relay_anchor
layered_corridor,59.75,3,373.75,15.125,15.0,5.0249,peripheral
layered_corridor,59.75,4,373.75,104.875,15.0,5.0249,peripheral
layered_corridor,60.0,0,345.0,45.0,15.0,5.0249,peripheral
layered_corridor,60.0,1,345.0,75.0,15.0,5.0249,peripheral
layered_corridor,60.0,2,360.0,60.0,45.0,5.0,relay_anchor
layered_corridor,60.0,3,375.0,15.0,15.0,5.0249,peripheral
layered_corridor,60.0,4,375.0,105.0,15.0,5.0249,peripheral
spiral_ascent,0.0,0,100.0,110.0,15.0,0.0,peripheral
spiral_ascent,0.0,1,100.0,10.0,15.0,0.0,peripheral
spiral_ascent,0.0,2,100.0,60.0,15.0,0.0,relay_anchor
spiral_ascent,0.0,3,150.0,60.0,15.0,0.0,peripheral
spiral_ascent,0.0,4,50.0,60.0,15.0,0.0,peripheral
spiral_ascent,0.25,0,97.501,109.9375,15.3125,0.0,peripheral
spiral_ascent,0.25,1,102.499,10.0625,15.3125,0.0,peripheral
spiral_ascent,0.25,2,100.0,60.0,15.3125,0.0,relay_anchor
spiral_ascent,0.25,3,149.9375,62.499,15.3125,0.0,peripheral
spiral_ascent,0.25,4,50.0625,57.501,15.3125,0.0,peripheral
spiral_ascent,0.5,0,95.0083,109.7502,15.625,0.0,peripheral
spiral_ascent,0.5,1,104.9917,10.2498,15.625,0.0,peripheral
spiral_ascent,0.5,2,100.0,60.0,15.625,0.0,relay_anchor
spiral_ascent,0.5,3,149.7502,64.9917,15.625,0.0,peripheral
spiral_ascent,0.5,4,50.2498,55.0083,15.625,0.0,peripheral
spiral_ascent,0.75,0,92.5281,109.4386,15.9375,0.0,peripheral
spiral_ascent,0.75,1,107.4719,10.5614,15.9375,0.0,peripheral
spiral_ascent,0.75,2,100.0,60.0,15.9375,0.0,relay_anchor
spiral_ascent,0.75,3,149.4386,67.4719,15.9375,0.0,peripheral
spiral_ascent,0.75,4,50.5614,52.5281,15.9375,0.0,peripheral
spiral_ascent,1.0,0,90.0665,109.0033,16.25,0.0,peripheral
spiral_ascent,1.0,1,109.9335,10.9967,16.25,0.0,peripheral
spiral_ascent,1.0,2,100.0,60.0,16.25,0.0,relay_anchor
spiral_ascent,1.0,3,149.0033,69.9335,16.25,0.0,peripheral
spiral_ascent,1.0,4,50.9967,50.0665,16.25,0.0,peripheral
spiral_ascent,1.25,0,87.6298,108.4456,16.5625,0.0,peripheral
spiral_ascent,1.25,1,112.3702,11.5544,16.5625,0.0,peripheral
spiral_ascent,1.25,2,100.0,60.0,16.5625,0.0,relay_anchor
spiral_ascent,1.25,3,148.4456,72.3702,16.5625,0.0,peripheral
spiral_ascent,1.25,4,51.5544,47.6298,16.5625,0.0,peripheral
spiral_ascent,1.5,0,85.224,107.7668,16.875,0.0,peripheral
spiral_ascent,1.5,1,114.776,12.2332,16.875,0.0,peripheral
spiral_ascent,1.5,2,100.0,60.0,16.875,0.0,relay_anchor
spiral_ascent,1.5,3,147.7668,74.776,16.875,0.0,peripheral
spiral_ascent,1.5,4,52.2332,45.224,16.875,0.0,peripheral
spiral_ascent,1.75,0,82.8551,106.9686,17.1875,0.0,peripheral
spiral_ascent,1.75,1,117.1449,13.0314,17.1875,0.0,peripheral
spiral_ascent,1.75,2,100.0,60.0,17.1875,0.0,relay_anchor
spiral_ascent,1.75,3,146.9686,77.1449,17.1875,0.0,peripheral
spiral_ascent,1.75,4,53.0314,42.8551,17.1875,0.0,peripheral
spiral_ascent,2.0,0,80.5291,106.053,17.5,0.0,peripheral
spiral_ascent,2.0,1,119.4709,13.947,17.5,0.0,peripheral
spiral_ascent,2.0,2,100.0,60.0,17.5,0.0,relay_anchor
spiral_ascent,2.0,3,146.053,79.4709,17.5,0.0,peripheral
spiral_ascent,2.0,4,53.947,40.5291,17.5,0.0,peripheral
spiral_ascent,2.25,0,78.2517,105.0224,17.8125,0.0,peripheral
spiral_ascent,2.25,1,121.7483,14.9776,17.8125,0.0,peripheral
spiral_ascent,2.25,2,100.0,60.0,17.8125,0.0,relay_anchor
spiral_ascent,2.25,3,145.0224,81.7483,17.8125,0.0,peripheral
spiral_ascent,2.25,4,54.9776,38.2517,17.8125,0.0,peripheral
spiral_ascent,2.5,0,76.0287,103.8791,18.125,0.0,peripheral
spiral_ascent,2.5,1,123.9713,16.1209,18.125,0.0,peripheral
spiral_ascent,2.5,2,100.0,60.0,18.125,0.0,relay_anchor
spiral_ascent,2.5,3,143.8791,83.9713,18.125,0.0,peripheral
spiral_ascent,2.5,4,56.1209,36.0287,18.125,0.0,peripheral
spiral_ascent,2.75,0,73.8656,102.6262,18.4375,0.0,peripheral
spiral_ascent,2.75,1,126.1344,17.3738,18.4375,0.0,peripheral
spiral_ascent,2.75,2,100.0,60.0,18.4375,0.0,relay_anchor
spiral_ascent,2.75,3,142.6262,86.1344,18.4375,0.0,peripheral
spiral_ascent,2.75,4,57.3738,33.8656,18.4375,0.0,peripheral
spiral_ascent,3.0,0,71.7679,101.2668,18.75,0.0,peripheral
spiral_ascent,3.0,1,128.2321,18.7332,18.75,0.0,peripheral
spiral_ascent,3.0,2,100.0,60.0,18.75,0.0,relay_anchor
spiral_ascent,3.0,3,141.2668,88.2321,18.75,0.0,peripheral
spiral_ascent,3.0,4,58.7332,31.7679,18.75,0.0,peripheral
spiral_ascent,3.25,0,69.7407,99.8042,19.0625,0.0,peripheral
spiral_ascent,3.25,1,130.2593,20.1958,19.0625,0.0,peripheral
spiral_ascent,3.25,2,100.0,60.0,19.0625,0.0,relay_anchor
spiral_ascent,3.25,3,139.8042,90.2593,19.0625,0.0,peripheral
spiral_ascent,3.25,4,60.1958,29.7407,19.0625,0.0,peripheral
spiral_ascent,3.5,0,67.7891,98.2421,19.375,0.0,peripheral
spiral_ascent,3.5,1,132.2109,21.7579,19.375,0.0,peripheral
spiral_ascent,3.5,2,100.0,60.0,19.375,0.0,relay_anchor
spiral_ascent,3.5,3,138.2421,92.2109,19.375,0.0,peripheral
spiral_ascent,3.5,4,61.7579,27.7891,19.375,0.0,peripheral
spiral_ascent,3.75,0,65.9181,96.5844,19.6875,0.0,peripheral
spiral_ascent,3.75,1,134.0819,23.4156,19.6875,0.0,peripheral
spiral_ascent,3.75,2,100.0,60.0,19.6875,0.0,relay_anchor
spiral_ascent,3.75,3,136.5844,94.0819,19.6875,0.0,peripheral
spiral_ascent,3.75,4,63.4156,25.9181,19.6875,0.0,peripheral
spiral_ascent,4.0,0,64.1322,94.8353,20.0,0.0,peripheral
spiral_ascent,4.0,1,135.8678,25.1647,20.0,0.0,peripheral
spiral_ascent,4.0,2,100.0,60.0,20.0,0.0,relay_anchor
spiral_ascent,4.0,3,134.8353,95.8678,20.0,0.0,peripheral
spiral_ascent,4.0,4,65.1647,24.1322,20.0,0.0,peripheral
spiral_ascent,4.25,0,62.436,92.9992,20.3125,0.0,peripheral
spiral_ascent,4.25,1,137.564,27.0008,20.3125,0.0,peripheral
spiral_ascent,4.25,2,100.0,60.0,20.3125,0.0,relay_anchor
spiral_ascent,4.25,3,132.9992,97.564,20.3125,0.0,peripheral
spiral_ascent,4.25,4,67.0008,22.436,20.3125,0.0,peripheral
spiral_ascent,4.5,0,60.8337,91.0805,20.625,0.0,peripheral
spiral_ascent,4.5,1,139.1663,28.9195,20.625,0.0,peripheral
spiral_ascent,4.5,2,100.0,60.0,20.625,0.0,relay_anchor
spiral_ascent,4.5,3,131.0805,99.1663,20.625,0.0,peripheral
spiral_ascent,4.5,4,68.9195,20.8337,20.625,0.0,peripheral
spiral_ascent,4.75,0,59.3292,89.0842,20.9375,0.0,peripheral
spiral_ascent,4.75,1,140.6708,30.9158,20.9375,0.0,peripheral
spiral_ascent,4.75,2,100.0,60.0,20.9375,0.0,relay_anchor
spiral_ascent,4.75,3,129.0842,100.6708,20.9375,0.0,peripheral
spiral_ascent,4.75,4,70.9158,19.3292,20.9375,0.0,peripheral
spiral_ascent,5.0,0,57.9265,87.0151,21.25,0.0,peripheral
spiral_ascent,5.0,1,142.0735,32.9849,21.25,0.0,peripheral
spiral_ascent,5.0,2,100.0,60.0,21.25,0.0,relay_anchor
spiral_ascent,5.0,3,127.0151,102.0735,21.25,0.0,peripheral
spiral_ascent,5.0,4,72.9849,17.9265,21.25,0.0,peripheral
spiral_ascent,5.25,0,56.6288,84.8786,21.5625,0.0,peripheral
spiral_ascent,5.25,1,143.3712,35.1214,21.5625,0.0,peripheral
spiral_ascent,5.25,2,100.0,60.0,21.5625,0.0,relay_anchor
spiral_ascent,5.25,3,124.8786,103.3712,21.5625,0.0,peripheral
spiral_ascent,5.25,4,75.1214,16.6288,21.5625,0.0,peripheral
spiral_ascent,5.5,0,55.4396,82.6798,21.875,0.0,peripheral
spiral_ascent,5.5,1,144.5604,37.3202,21.875,0.0,peripheral
spiral_ascent,5.5,2,100.0,60.0,21.875,0.0,relay_anchor
spiral_ascent,5.5,3,122.6798,104.5604,21.875,0.0,peripheral
spiral_ascent,5.5,4,77.3202,15.4396,21.875,0.0,peripheral
spiral_ascent,5.75,0,54.3618,80.4244,22.1875,0.0,peripheral
spiral_ascent,5.75,1,145.6382,39.5756,22.1875,0.0,peripheral
spiral_ascent,5.75,2,100.0,60.0,22.1875,0.0,relay_anchor
spiral_ascent,5.75,3,120.4244,105.6382,22.1875,0.0,peripheral
spiral_ascent,5.75,4,79.5756,14.3618,22.1875,0.0,peripheral
spiral_ascent,6.0,0,53.398,78.1179,22.5,0.0,peripheral
spiral_ascent,6.0,1,146.602,41.8821,22.5,0.0,peripheral
spiral_ascent,6.0,2,100.0,60.0,22.5,0.0,relay_anchor
spiral_ascent,6.0,3,118.1179,106.602,22.5,0.0,peripheral
spiral_ascent,6.0,4,81.8821,13.398,22.5,0.0,peripheral
spiral_ascent,6.25,0,52.5508,75.7661,22.8125,0.0,peripheral
spiral_ascent,6.25,1,147.4492,44.2339,22.8125,0.0,peripheral
spiral_ascent,6.25,2,100.0,60.0,22.8125,0.0,relay_anchor
spiral_ascent,6.25,3,115.7661,107.4492,22.8125,0.0,peripheral
spiral_ascent,6.25,4,84.2339,12.5508,22.8125,0.0,peripheral
spiral_ascent,6.5,0,51.8221,73.3749,23.125,0.0,peripheral
spiral_ascent,6.5,1,148.1779,46.6251,23.125,0.0,peripheral
spiral_ascent,6.5,2,100.0,60.0,23.125,0.0,relay_anchor
spiral_ascent,6.5,3,113.3749,108.1779,23.125,0.0,peripheral
spiral_ascent,6.5,4,86.6251,11.8221,23.125,0.0,peripheral
spiral_ascent,6.75,0,51.2138,70.9503,23.4375,0.0,peripheral
spiral_ascent,6.75,1,148.7862,49.0497,23.4375,0.0,peripheral
spiral_ascent,6.75,2,100.0,60.0,23.4375,0.0,relay_anchor
spiral_ascent,6.75,3,110.9503,108.7862,23.4375,0.0,peripheral
spiral_ascent,6.75,4,89.0497,11.2138,23.4375,0.0,peripheral
spiral_ascent,7.0,0,50.7275,68.4984,23.75,0.0,peripheral
spiral_ascent,7.0,1,149.2725,51.5016,23.75,0.0,peripheral
spiral_ascent,7.0,2,100.0,60.0,23.75,0.0,relay_anchor
spiral_ascent,7.0,3,108.4984,109.2725,23.75,0.0,peripheral
spiral_ascent,7.0,4,91.5016,10.7275,23.75,0.0,peripheral
spiral_ascent,7.25,0,50.3644,66.0251,24.0625,0.0,peripheral
spiral_ascent,7.25,1,149.6356,53.9749,24.0625,0.0,peripheral
spiral_ascent,7.25,2,100.0,60.0,24.0625,0.0,relay_anchor
spiral_ascent,7.25,3,106.0251,109.6356,24.0625,0.0,peripheral
spiral_ascent,7.25,4,93.9749,10.3644,24.0625,0.0,peripheral
spiral_ascent,7.5,0,50.1253,63.5369,24.375,0.0,peripheral
spiral_ascent,7.5,1,149.8747,56.4631,24.375,0.0,peripheral
spiral_ascent,7.5,2,100.0,60.0,24.375,0.0,relay_anchor
spiral_ascent,7.5,3,103.5369,109.8747,24.375,0.0,peripheral
spiral_ascent,7.5,4,96.4631,10.1253,24.375,0.0,peripheral
spiral_ascent,7.75,0,50.0108,61.0397,24.6875,0.0,peripheral
spiral_ascent,7.75,1,149.9892,58.9603,24.6875,0.0,peripheral
spiral_ascent,7.75,2,100.0,60.0,24.6875,0.0,relay_anchor
spiral_ascent,7.75,3,101.0397,109.9892,24.6875,0.0,peripheral
spiral_ascent,7.75,4,98.9603,10.0108,24.6875,0.0,peripheral
spiral_ascent,8.0,0,50.0213,58.54,25.0,0.0,peripheral
spiral_ascent,8.0,1,149.9787,61.46,25.0,0.0,peripheral
spiral_ascent,8.0,2,100.0,60.0,25.0,0.0,relay_anchor
spiral_ascent,8.0,3,98.54,109.9787,25.0,0.0,peripheral
spiral_ascent,8.0,4,101.46,10.0213,25.0,0.0,peripheral
spiral_ascent,8.25,0,50.1567,56.044,25.3125,0.0,peripheral
spiral_ascent,8.25,1,149.8433,63.956,25.3125,0.0,peripheral
spiral_ascent,8.25,2,100.0,60.0,25.3125,0.0,relay_anchor
spiral_ascent,8.25,3,96.044,109.8433,25.3125,0.0,peripheral
spiral_ascent,8.25,4,103.956,10.1567,25.3125,0.0,peripheral
spiral_ascent,8.5,0,50.4168,53.5578,25.625,0.0,peripheral
spiral_ascent,8.5,1,149.5832,66.4422,25.625,0.0,peripheral
spiral_ascent,8.5,2,100.0,60.0,25.625,0.0,relay_anchor
spiral_ascent,8.5,3,93.5578,109.5832,25.625,0.0,peripheral
spiral_ascent,8.5,4,106.4422,10.4168,25.625,0.0,peripheral
spiral_ascent,8.75,0,50.8007,51.0877,25.9375,0.0,peripheral
spiral_ascent,8.75,1,149.1993,68.9123,25.9375,0.0,peripheral
spiral_ascent,8.75,2,100.0,60.0,25.9375,0.0,relay_anchor
spiral_ascent,8.75,3,91.0877,109.1993,25.9375,0.0,peripheral
spiral_ascent,8.75,4,108.9123,10.8007,25.9375,0.0,peripheral
spiral_ascent,9.0,0,51.3076,48.6399,26.25,0.0,peripheral
spiral_ascent,9.0,1,148.6924,71.3601,26.25,0.0,peripheral
spiral_ascent,9.0,2,100.0,60.0,26.25,0.0,relay_anchor
spiral_ascent,9.0,3,88.6399,108.6924,26.25,0.0,peripheral
spiral_ascent,9.0,4,111.3601,11.3076,26.25,0.0,peripheral
spiral_ascent,9.25,0,51.9362,46.2205,26.5625,0.0,peripheral
spiral_ascent,9.25,1,148.0638,73.7795,26.5625,0.0,peripheral
spiral_ascent,9.25,2,100.0,60.0,26.5625,0.0,relay_anchor
spiral_ascent,9.25,3,86.2205,108.0638,26.5625,0.0,peripheral
spiral_ascent,9.25,4,113.7795,11.9362,26.5625,0.0,peripheral
spiral_ascent,9.5,0,52.685,43.8355,26.875,0.0,peripheral
spiral_ascent,9.5,1,147.315,76.1645,26.875,0.0,peripheral
spiral_ascent,9.5,2,100.0,60.0,26.875,0.0,relay_anchor
spiral_ascent,9.5,3,83.8355,107.315,26.875,0.0,peripheral
spiral_ascent,9.5,4,116.1645,12.685,26.875,0.0,peripheral
spiral_ascent,9.75,0,53.552,41.491,27.1875,0.0,peripheral
spiral_ascent,9.75,1,146.448,78.509,27.1875,0.0,peripheral
spiral_ascent,9.75,2,100.0,60.0,27.1875,0.0,relay_anchor
spiral_ascent,9.75,3,81.491,106.448,27.1875,0.0,peripheral
spiral_ascent,9.75,4,118.509,13.552,27.1875,0.0,peripheral
spiral_ascent,10.0,0,54.5351,39.1927,27.5,0.0,peripheral
spiral_ascent,10.0,1,145.4649,80.8073,27.5,0.0,peripheral
spiral_ascent,10.0,2,100.0,60.0,27.5,0.0,relay_anchor
spiral_ascent,10.0,3,79.1927,105.4649,27.5,0.0,peripheral
spiral_ascent,10.0,4,120.8073,14.5351,27.5,0.0,peripheral
spiral_ascent,10.25,0,55.6319,36.9464,27.8125,0.0,peripheral
spiral_ascent,10.25,1,144.3681,83.0536,27.8125,0.0,peripheral
spiral_ascent,10.25,2,100.0,60.0,27.8125,0.0,relay_anchor
spiral_ascent,10.25,3,76.9464,104.3681,27.8125,0.0,peripheral
spiral_ascent,10.25,4,123.0536,15.6319,27.8125,0.0,peripheral
spiral_ascent,10.5,0,56.8395,34.7577,28.125,0.0,peripheral
spiral_ascent,10.5,1,143.1605,85.2423,28.125,0.0,peripheral
spiral_ascent,10.5,2,100.0,60.0,28.125,0.0,relay_anchor
spiral_ascent,10.5,3,74.7577,103.1605,28.125,0.0,peripheral
spiral_ascent,10.5,4,125.2423,16.8395,28.125,0.0,peripheral
spiral_ascent,10.75,0,58.1551,32.6321,28.4375,0.0,peripheral
spiral_ascent,10.75,1,141.8449,87.3679,28.4375,0.0,peripheral
spiral_ascent,10.75,2,100.0,60.0,28.4375,0.0,relay_anchor
spiral_ascent,10.75,3,72.6321,101.8449,28.4375,0.0,peripheral
spiral_ascent,10.75,4,127.3679,18.1551,28.4375,0.0,peripheral
spiral_ascent,11.0,0,59.5752,30.5749,28.75,0.0,peripheral
spiral_ascent,11.0,1,140.4248,89.4251,28.75,0.0,peripheral
spiral_ascent,11.0,2,100.0,60.0,28.75,0.0,relay_anchor
spiral_ascent,11.0,3,70.5749,100.4248,28.75,0.0,peripheral
spiral_ascent,11.0,4,129.4251,19.5752,28.75,0.0,peripheral
spiral_ascent,11.25,0,61.0963,28.5913,29.0625,0.0,peripheral
spiral_ascent,11.25,1,138.9037,91.4087,29.0625,0.0,peripheral
spiral_ascent,11.25,2,100.0,60.0,29.0625,0.0,relay_anchor
spiral_ascent,11.25,3,68.5913,98.9037,29.0625,0.0,peripheral
spiral_ascent,11.25,4,131.4087,21.0963,29.0625,0.0,peripheral
spiral_ascent,11.5,0,62.7147,26.6862,29.375,0.0,peripheral
spiral_ascent,11.5,1,137.2853,93.3138,29.375,0.0,peripheral
spiral_ascent,11.5,2,100.0,60.0,29.375,0.0,relay_anchor
spiral_ascent,11.5,3,66.6862,97.2853,29.375,0.0,peripheral
spiral_ascent,11.5,4,133.3138,22.7147,29.375,0.0,peripheral
spiral_ascent,11.75,0,64.4263,24.8643,29.6875,0.0,peripheral
spiral_ascent,11.75,1,135.5737,95.1357,29.6875,0.0,peripheral
spiral_ascent,11.75,2,100.0,60.0,29.6875,0.0,relay_anchor
spiral_ascent,11.75,3,64.8643,95.5737,29.6875,0.0,peripheral
spiral_ascent,11.75,4,135.1357,24.4263,29.6875,0.0,peripheral
spiral_ascent,12.0,0,66.2268,23.1303,30.0,0.0,peripheral
spiral_ascent,12.0,1,133.7732,96.8697,30.0,0.0,peripheral
spiral_ascent,12.0,2,100.0,60.0,30.0,0.0,relay_anchor
spiral_ascent,12.0,3,63.1303,93.7732,30.0,0.0,peripheral
spiral_ascent,12.0,4,136.8697,26.2268,30.0,0.0,peripheral
spiral_ascent,12.25,0,68.1118,21.4884,30.3125,0.0,peripheral
spiral_ascent,12.25,1,131.8882,98.5116,30.3125,0.0,peripheral
spiral_ascent,12.25,2,100.0,60.0,30.3125,0.0,relay_anchor
spiral_ascent,12.25,3,61.4884,91.8882,30.3125,0.0,peripheral
spiral_ascent,12.25,4,138.5116,28.1118,30.3125,0.0,peripheral
spiral_ascent,12.5,0,70.0764,19.9428,30.625,0.0,peripheral
spiral_ascent,12.5,1,129.9236,100.0572,30.625,0.0,peripheral
spiral_ascent,12.5,2,100.0,60.0,30.625,0.0,relay_anchor
spiral_ascent,12.5,3,59.9428,89.9236,30.625,0.0,peripheral
spiral_ascent,12.5,4,140.0572,30.0764,30.625,0.0,peripheral
spiral_ascent,12.75,0,72.1158,18.4973,30.9375,0.0,peripheral
spiral_ascent,12.75,1,127.8842,101.5027,30.9375,0.0,peripheral
spiral_ascent,12.75,2,100.0,60.0,30.9375,0.0,relay_anchor
spiral_ascent,12.75,3,58.4973,87.8842,30.9375,0.0,peripheral
spiral_ascent,12.75,4,141.5027,32.1158,30.9375,0.0,peripheral
spiral_ascent,13.0,0,74.2249,17.1556,31.25,0.0,peripheral
spiral_ascent,13.0,1,125.7751,102.8444,31.25,0.0,peripheral
spiral_ascent,13.0,2,100.0,60.0,31.25,0.0,relay_anchor
spiral_ascent,13.0,3,57.1556,85.7751,31.25,0.0,peripheral
spiral_ascent,13.0,4,142.8444,34.2249,31.25,0.0,peripheral
spiral_ascent,13.25,0,76.3985,15.9209,31.5625,0.0,peripheral
spiral_ascent,13.25,1,123.6015,104.0791,31.5625,0.0,peripheral
spiral_ascent,13.25,2,100.0,60.0,31.5625,0.0,relay_anchor
spiral_ascent,13.25,3,55.9209,83.6015,31.5625,0.0,peripheral
spiral_ascent,13.25,4,144.0791,36.3985,31.5625,0.0,peripheral
spiral_ascent,13.5,0,78.631,14.7964,31.875,0.0,peripheral
spiral_ascent,13.5,1,121.369,105.2036,31.875,0.0,peripheral
spiral_ascent,13.5,2,100.0,60.0,31.875,0.0,relay_anchor
spiral_ascent,13.5,3,54.7964,81.369,31.875,0.0,peripheral
spiral_ascent,13.5,4,145.2036,38.631,31.875,0.0,peripheral
spiral_ascent,13.75,0,80.917,13.7849,32.1875,0.0,peripheral
spiral_ascent,13.75,1,119.083,106.2151,32.1875,0.0,peripheral
spiral_ascent,13.75,2,100.0,60.0,32.1875,0.0,relay_anchor
spiral_ascent,13.75,3,53.7849,79.083,32.1875,0.0,peripheral
spiral_ascent,13.75,4,146.2151,40.917,32.1875,0.0,peripheral
spiral_ascent,14.0,0,83.2506,12.8889,32.5,0.0,peripheral
spiral_ascent,14.0,1,116.7494,107.1111,32.5,0.0,peripheral
spiral_ascent,14.0,2,100.0,60.0,32.5,0.0,relay_anchor
spiral_ascent,14.0,3,52.8889,76.7494,32.5,0.0,peripheral
spiral_ascent,14.0,4,147.1111,43.2506,32.5,0.0,peripheral
spiral_ascent,14.25,0,85.6261,12.1106,32.8125,0.0,peripheral
spiral_ascent,14.25,1,114.3739,107.8894,32.8125,0.0,peripheral
spiral_ascent,14.25,2,100.0,60.0,32.8125,0.0,relay_anchor
spiral_ascent,14.25,3,52.1106,74.3739,32.8125,0.0,peripheral
spiral_ascent,14.25,4,147.8894,45.6261,32.8125,0.0,peripheral
spiral_ascent,14.5,0,88.0375,11.4521,33.125,0.0,peripheral
spiral_ascent,14.5,1,111.9625,108.5479,33.125,0.0,peripheral
spiral_ascent,14.5,2,100.0,60.0,33.125,0.0,relay_anchor
spiral_ascent,14.5,3,51.4521,71.9625,33.125,0.0,peripheral
spiral_ascent,14.5,4,148.5479,48.0375,33.125,0.0,peripheral
spiral_ascent,14.75,0,90.4789,10.9149,33.4375,0.0,peripheral
spiral_ascent,14.75,1,109.5211,109.0851,33.4375,0.0,peripheral
spiral_ascent,14.75,2,100.0,60.0,33.4375,0.0,relay_anchor
spiral_ascent,14.75,3,50.9149,69.5211,33.4375,0.0,peripheral
spiral_ascent,14.75,4,149.0851,50.4789,33.4375,0.0,peripheral
spiral_ascent,15.0,0,92.944,10.5004,33.75,0.0,peripheral
spiral_ascent,15.0,1,107.056,109.4996,33.75,0.0,peripheral
spiral_ascent,15.0,2,100.0,60.0,33.75,0.0,relay_anchor
spiral_ascent,15.0,3,50.5004,67.056,33.75,0.0,peripheral
spiral_ascent,15.0,4,149.4996,52.944,33.75,0.0,peripheral
spiral_ascent,15.25,0,95.4268,10.2096,34.0625,0.0,peripheral
spiral_ascent,15.25,1,104.5732,109.7904,34.0625,0.0,peripheral
spiral_ascent,15.25,2,100.0,60.0,34.0625,0.0,relay_anchor
spiral_ascent,15.25,3,50.2096,64.5732,34.0625,0.0,peripheral
spiral_ascent,15.25,4,149.7904,55.4268,34.0625,0.0,peripheral
spiral_ascent,15.5,0,97.921,10.0432,34.375,0.0,peripheral
spiral_ascent,15.5,1,102.079,109.9568,34.375,0.0,peripheral
spiral_ascent,15.5,2,100.0,60.0,34.375,0.0,relay_anchor
spiral_ascent,15.5,3,50.0432,62.079,34.375,0.0,peripheral
spiral_ascent,15.5,4,149.9568,57.921,34.375,0.0,peripheral
spiral_ascent,15.75,0,100.4204,10.0018,34.6875,0.0,peripheral
spiral_ascent,15.75,1,99.5796,109.9982,34.6875,0.0,peripheral
spiral_ascent,15.75,2,100.0,60.0,34.6875,0.0,relay_anchor
spiral_ascent,15.75,3,50.0018,59.5796,34.6875,0.0,peripheral
spiral_ascent,15.75,4,149.9982,60.4204,34.6875,0.0,peripheral
spiral_ascent,16.0,0,102.9187,10.0853,35.0,0.0,peripheral
spiral_ascent,16.0,1,97.0813,109.9147,35.0,0.0,peripheral
spiral_ascent,16.0,2,100.0,60.0,35.0,0.0,relay_anchor
spiral_ascent,16.0,3,50.0853,57.0813,35.0,0.0,peripheral
spiral_ascent,16.0,4,149.9147,62.9187,35.0,0.0,peripheral
spiral_ascent,16.25,0,105.4098,10.2935,35.3125,0.0,peripheral
spiral_ascent,16.25,1,94.5902,109.7065,35.3125,0.0,peripheral
spiral_ascent,16.25,2,100.0,60.0,35.3125,0.0,relay_anchor
spiral_ascent,16.25,3,50.2935,54.5902,35.3125,0.0,peripheral
spiral_ascent,16.25,4,149.7065,65.4098,35.3125,0.0,peripheral
spiral_ascent,16.5,0,107.8873,10.626,35.625,0.0,peripheral
spiral_ascent,16.5,1,92.1127,109.374,35.625,0.0,peripheral
spiral_ascent,16.5,2,100.0,60.0,35.625,0.0,relay_anchor
spiral_ascent,16.5,3,50.626,52.1127,35.625,0.0,peripheral
spiral_ascent,16.5,4,149.374,67.8873,35.625,0.0,peripheral
spiral_ascent,16.75,0,110.3451,11.0819,35.9375,0.0,peripheral
spiral_ascent,16.75,1,89.6549,108.9181,35.9375,0.0,peripheral
spiral_ascent,16.75,2,100.0,60.0,35.9375,0.0,relay_anchor
spiral_ascent,16.75,3,51.0819,49.6549,35.9375,0.0,peripheral
spiral_ascent,16.75,4,148.9181,70.3451,35.9375,0.0,peripheral
spiral_ascent,17.0,0,112.7771,11.6601,36.25,0.0,peripheral
spiral_ascent,17.0,1,87.2229,108.3399,36.25,0.0,peripheral
spiral_ascent,17.0,2,100.0,60.0,36.25,0.0,relay_anchor
spiral_ascent,17.0,3,51.6601,47.2229,36.25,0.0,peripheral
spiral_ascent,17.0,4,148.3399,72.7771,36.25,0.0,peripheral
spiral_ascent,17.25,0,115.1771,12.3591,36.5625,0.0,peripheral
spiral_ascent,17.25,1,84.8229,107.6409,36.5625,0.0,peripheral
spiral_ascent,17.25,2,100.0,60.0,36.5625,0.0,relay_anchor
spiral_ascent,17.25,3,52.3591,44.8229,36.5625,0.0,peripheral
spiral_ascent,17.25,4,147.6409,75.1771,36.5625,0.0,peripheral
spiral_ascent,17.5,0,117.5392,13.1772,36.875,0.0,peripheral
spiral_ascent,17.5,1,82.4608,106.8228,36.875,0.0,peripheral
spiral_ascent,17.5,2,100.0,60.0,36.875,0.0,relay_anchor
spiral_ascent,17.5,3,53.1772,42.4608,36.875,0.0,peripheral
spiral_ascent,17.5,4,146.8228,77.5392,36.875,0.0,peripheral
spiral_ascent,17.75,0,119.8574,14.1123,37.1875,0.0,peripheral
spiral_ascent,17.75,1,80.1426,105.8877,37.1875,0.0,peripheral
spiral_ascent,17.75,2,100.0,60.0,37.1875,0.0,relay_anchor
spiral_ascent,17.75,3,54.1123,40.1426,37.1875,0.0,peripheral
spiral_ascent,17.75,4,145.8877,79.8574,37.1875,0.0,peripheral
spiral_ascent,18.0,0,122.126,15.1621,37.5,0.0,peripheral
spiral_ascent,18.0,1,77.874,104.8379,37.5,0.0,peripheral
spiral_ascent,18.0,2,100.0,60.0,37.5,0.0,relay_anchor
spiral_ascent,18.0,3,55.1621,37.874,37.5,0.0,peripheral
spiral_ascent,18.0,4,144.8379,82.126,37.5,0.0,peripheral
spiral_ascent,18.25,0,124.3393,16.324,37.8125,0.0,peripheral
spiral_ascent,18.25,1,75.6607,103.676,37.8125,0.0,peripheral
spiral_ascent,18.25,2,100.0,60.0,37.8125,0.0,relay_anchor
spiral_ascent,18.25,3,56.324,35.6607,37.8125,0.0,peripheral
spiral_ascent,18.25,4,143.676,84.3393,37.8125,0.0,peripheral
spiral_ascent,18.5,0,126.4918,17.595,38.125,0.0,peripheral
spiral_ascent,18.5,1,73.5082,102.405,38.125,0.0,peripheral
spiral_ascent,18.5,2,100.0,60.0,38.125,0.0,relay_anchor
spiral_ascent,18.5,3,57.595,33.5082,38.125,0.0,peripheral
spiral_ascent,18.5,4,142.405,86.4918,38.125,0.0,peripheral
spiral_ascent,18.75,0,128.5781,18.972,38.4375,0.0,peripheral
spiral_ascent,18.75,1,71.4219,101.028,38.4375,0.0,peripheral
spiral_ascent,18.75,2,100.0,60.0,38.4375,0.0,relay_anchor
spiral_ascent,18.75,3,58.972,31.4219,38.4375,0.0,peripheral
spiral_ascent,18.75,4,141.028,88.5781,38.4375,0.0,peripheral
spiral_ascent,19.0,0,130.5929,20.4516,38.75,0.0,peripheral
spiral_ascent,19.0,1,69.4071,99.5484,38.75,0.0,peripheral
spiral_ascent,19.0,2,100.0,60.0,38.75,0.0,relay_anchor
spiral_ascent,19.0,3,60.4516,29.4071,38.75,0.0,peripheral
spiral_ascent,19.0,4,139.5484,90.5929,38.75,0.0,peripheral
spiral_ascent,19.25,0,132.5313,22.03,39.0625,0.0,peripheral
spiral_ascent,19.25,1,67.4687,97.97,39.0625,0.0,peripheral
spiral_ascent,19.25,2,100.0,60.0,39.0625,0.0,relay_anchor
spiral_ascent,19.25,3,62.03,27.4687,39.0625,0.0,peripheral
spiral_ascent,19.25,4,137.97,92.5313,39.0625,0.0,peripheral
spiral_ascent,19.5,0,134.3883,23.7034,39.375,0.0,peripheral
spiral_ascent,19.5,1,65.6117,96.2966,39.375,0.0,peripheral
spiral_ascent,19.5,2,100.0,60.0,39.375,0.0,relay_anchor
spiral_ascent,19.5,3,63.7034,25.6117,39.375,0.0,peripheral
spiral_ascent,19.5,4,136.2966,94.3883,39.375,0.0,peripheral
spiral_ascent,19.75,0,136.1594,25.4674,39.6875,0.0,peripheral
spiral_ascent,19.75,1,63.8406,94.5326,39.6875,0.0,peripheral
spiral_ascent,19.75,2,100.0,60.0,39.6875,0.0,relay_anchor
spiral_ascent,19.75,3,65.4674,23.8406,39.6875,0.0,peripheral
spiral_ascent,19.75,4,134.5326,96.1594,39.6875,0.0,peripheral
spiral_ascent,20.0,0,137.8401,27.3178,40.0,0.0,peripheral
spiral_ascent,20.0,1,62.1599,92.6822,40.0,0.0,peripheral
spiral_ascent,20.0,2,100.0,60.0,40.0,0.0,relay_anchor
spiral_ascent,20.0,3,67.3178,22.1599,40.0,0.0,peripheral
spiral_ascent,20.0,4,132.6822,97.8401,40.0,0.0,peripheral
spiral_ascent,20.25,0,139.4263,29.2499,40.3125,0.0,peripheral
spiral_ascent,20.25,1,60.5737,90.7501,40.3125,0.0,peripheral
spiral_ascent,20.25,2,100.0,60.0,40.3125,0.0,relay_anchor
spiral_ascent,20.25,3,69.2499,20.5737,40.3125,0.0,peripheral
spiral_ascent,20.25,4,130.7501,99.4263,40.3125,0.0,peripheral
spiral_ascent,20.5,0,140.9139,31.2588,40.625,0.0,peripheral
spiral_ascent,20.5,1,59.0861,88.7412,40.625,0.0,peripheral
spiral_ascent,20.5,2,100.0,60.0,40.625,0.0,relay_anchor
spiral_ascent,20.5,3,71.2588,19.0861,40.625,0.0,peripheral
spiral_ascent,20.5,4,128.7412,100.9139,40.625,0.0,peripheral
spiral_ascent,20.75,0,142.2992,33.3396,40.9375,0.0,peripheral
spiral_ascent,20.75,1,57.7008,86.6604,40.9375,0.0,peripheral
spiral_ascent,20.75,2,100.0,60.0,40.9375,0.0,relay_anchor
spiral_ascent,20.75,3,73.3396,17.7008,40.9375,0.0,peripheral
spiral_ascent,20.75,4,126.6604,102.2992,40.9375,0.0,peripheral
spiral_ascent,21.0,0,143.5788,35.487,41.25,0.0,peripheral
spiral_ascent,21.0,1,56.4212,84.513,41.25,0.0,peripheral
spiral_ascent,21.0,2,100.0,60.0,41.25,0.0,relay_anchor
spiral_ascent,21.0,3,75.487,16.4212,41.25,0.0,peripheral
spiral_ascent,21.0,4,124.513,103.5788,41.25,0.0,peripheral
spiral_ascent,21.25,0,144.7495,37.6956,41.5625,0.0,peripheral
spiral_ascent,21.25,1,55.2505,82.3044,41.5625,0.0,peripheral
spiral_ascent,21.25,2,100.0,60.0,41.5625,0.0,relay_anchor
spiral_ascent,21.25,3,77.6956,15.2505,41.5625,0.0,peripheral
spiral_ascent,21.25,4,122.3044,104.7495,41.5625,0.0,peripheral
spiral_ascent,21.5,0,145.8083,39.96,41.875,0.0,peripheral
spiral_ascent,21.5,1,54.1917,80.04,41.875,0.0,peripheral
spiral_ascent,21.5,2,100.0,60.0,41.875,0.0,relay_anchor
spiral_ascent,21.5,3,79.96,14.1917,41.875,0.0,peripheral
spiral_ascent,21.5,4,120.04,105.8083,41.875,0.0,peripheral
spiral_ascent,21.75,0,146.7526,42.2745,42.1875,0.0,peripheral
spiral_ascent,21.75,1,53.2474,77.7255,42.1875,0.0,peripheral
spiral_ascent,21.75,2,100.0,60.0,42.1875,0.0,relay_anchor
spiral_ascent,21.75,3,82.2745,13.2474,42.1875,0.0,peripheral
spiral_ascent,21.75,4,117.7255,106.7526,42.1875,0.0,peripheral
spiral_ascent,22.0,0,147.5801,44.6334,42.5,0.0,peripheral
spiral_ascent,22.0,1,52.4199,75.3666,42.5,0.0,peripheral
spiral_ascent,22.0,2,100.0,60.0,42.5,0.0,relay_anchor
spiral_ascent,22.0,3,84.6334,12.4199,42.5,0.0,peripheral
spiral_ascent,22.0,4,115.3666,107.5801,42.5,0.0,peripheral
spiral_ascent,22.25,0,148.2887,47.0306,42.8125,0.0,peripheral
spiral_ascent,22.25,1,51.7113,72.9694,42.8125,0.0,peripheral
spiral_ascent,22.25,2,100.0,60.0,42.8125,0.0,relay_anchor
spiral_ascent,22.25,3,87.0306,11.7113,42.8125,0.0,peripheral
spiral_ascent,22.25,4,112.9694,108.2887,42.8125,0.0,peripheral
spiral_ascent,22.5,0,148.8765,49.4602,43.125,0.0,peripheral
spiral_ascent,22.5,1,51.1235,70.5398,43.125,0.0,peripheral
spiral_ascent,22.5,2,100.0,60.0,43.125,0.0,relay_anchor
spiral_ascent,22.5,3,89.4602,11.1235,43.125,0.0,peripheral
spiral_ascent,22.5,4,110.5398,108.8765,43.125,0.0,peripheral
spiral_ascent,22.75,0,149.3422,51.9162,43.4375,0.0,peripheral
spiral_ascent,22.75,1,50.6578,68.0838,43.4375,0.0,peripheral
spiral_ascent,22.75,2,100.0,60.0,43.4375,0.0,relay_anchor
spiral_ascent,22.75,3,91.9162,10.6578,43.4375,0.0,peripheral
spiral_ascent,22.75,4,108.0838,109.3422,43.4375,0.0,peripheral
spiral_ascent,23.0,0,149.6846,54.3924,43.75,0.0,peripheral
spiral_ascent,23.0,1,50.3154,65.6076,43.75,0.0,peripheral
spiral_ascent,23.0,2,100.0,60.0,43.75,0.0,relay_anchor
spiral_ascent,23.0,3,94.3924,10.3154,43.75,0.0,peripheral
spiral_ascent,23.0,4,105.6076,109.6846,43.75,0.0,peripheral
spiral_ascent,23.25,0,149.9027,56.8826,44.0625,0.0,peripheral
spiral_ascent,23.25,1,50.0973,63.1174,44.0625,0.0,peripheral
spiral_ascent,23.25,2,100.0,60.0,44.0625,0.0,relay_anchor
spiral_ascent,23.25,3,96.8826,10.0973,44.0625,0.0,peripheral
spiral_ascent,23.25,4,103.1174,109.9027,44.0625,0.0,peripheral
spiral_ascent,23.5,0,149.9962,59.3806,44.375,0.0,peripheral
spiral_ascent,23.5,1,50.0038,60.6194,44.375,0.0,peripheral
spiral_ascent,23.5,2,100.0,60.0,44.375,0.0,relay_anchor
spiral_ascent,23.5,3,99.3806,10.0038,44.375,0.0,peripheral
spiral_ascent,23.5,4,100.6194,109.9962,44.375,0.0,peripheral
spiral_ascent,23.75,0,149.9646,61.8801,44.6875,0.0,peripheral
spiral_ascent,23.75,1,50.0354,58.1199,44.6875,0.0,peripheral
spiral_ascent,23.75,2,100.0,60.0,44.6875,0.0,relay_anchor
spiral_ascent,23.75,3,101.8801,10.0354,44.6875,0.0,peripheral
spiral_ascent,23.75,4,98.1199,109.9646,44.6875,0.0,peripheral
spiral_ascent,24.0,0,149.8082,64.3749,45.0,0.0,peripheral
spiral_ascent,24.0,1,50.1918,55.6251,45.0,0.0,peripheral
spiral_ascent,24.0,2,100.0,60.0,45.0,0.0,relay_anchor
spiral_ascent,24.0,3,104.3749,10.1918,45.0,0.0,peripheral
spiral_ascent,24.0,4,95.6251,109.8082,45.0,0.0,peripheral
spiral_ascent,24.25,0,149.5273,66.8589,45.3125,0.0,peripheral
spiral_ascent,24.25,1,50.4727,53.1411,45.3125,0.0,peripheral
spiral_ascent,24.25,2,100.0,60.0,45.3125,0.0,relay_anchor
spiral_ascent,24.25,3,106.8589,10.4727,45.3125,0.0,peripheral
spiral_ascent,24.25,4,93.1411,109.5273,45.3125,0.0,peripheral
spiral_ascent,24.5,0,149.1226,69.3256,45.625,0.0,peripheral
spiral_ascent,24.5,1,50.8774,50.6744,45.625,0.0,peripheral
spiral_ascent,24.5,2,100.0,60.0,45.625,0.0,relay_anchor
spiral_ascent,24.5,3,109.3256,10.8774,45.625,0.0,peripheral
spiral_ascent,24.5,4,90.6744,109.1226,45.625,0.0,peripheral
spiral_ascent,24.75,0,148.5952,71.7691,45.9375,0.0,peripheral
spiral_ascent,24.75,1,51.4048,48.2309,45.9375,0.0,peripheral
spiral_ascent,24.75,2,100.0,60.0,45.9375,0.0,relay_anchor
spiral_ascent,24.75,3,111.7691,11.4048,45.9375,0.0,peripheral
spiral_ascent,24.75,4,88.2309,108.5952,45.9375,0.0,peripheral
spiral_ascent,25.0,0,147.9462,74.1831,46.25,0.0,peripheral
spiral_ascent,25.0,1,52.0538,45.8169,46.25,0.0,peripheral
spiral_ascent,25.0,2,100.0,60.0,46.25,0.0,relay_anchor
spiral_ascent,25.0,3,114.1831,12.0538,46.25,0.0,peripheral
spiral_ascent,25.0,4,85.8169,107.9462,46.25,0.0,peripheral
spiral_ascent,25.25,0,147.1774,76.5617,46.5625,0.0,peripheral
spiral_ascent,25.25,1,52.8226,43.4383,46.5625,0.0,peripheral
spiral_ascent,25.25,2,100.0,60.0,46.5625,0.0,relay_anchor
spiral_ascent,25.25,3,116.5617,12.8226,46.5625,0.0,peripheral
spiral_ascent,25.25,4,83.4383,107.1774,46.5625,0.0,peripheral
spiral_ascent,25.5,0,146.2907,78.8989,46.875,0.0,peripheral
spiral_ascent,25.5,1,53.7093,41.1011,46.875,0.0,peripheral
spiral_ascent,25.5,2,100.0,60.0,46.875,0.0,relay_anchor
spiral_ascent,25.5,3,118.8989,13.7093,46.875,0.0,peripheral
spiral_ascent,25.5,4,81.1011,106.2907,46.875,0.0,peripheral
spiral_ascent,25.75,0,145.2883,81.1888,47.1875,0.0,peripheral
spiral_ascent,25.75,1,54.7117,38.8112,47.1875,0.0,peripheral
spiral_ascent,25.75,2,100.0,60.0,47.1875,0.0,relay_anchor
spiral_ascent,25.75,3,121.1888,14.7117,47.1875,0.0,peripheral
spiral_ascent,25.75,4,78.8112,105.2883,47.1875,0.0,peripheral
spiral_ascent,26.0,0,144.1727,83.4258,47.5,0.0,peripheral
spiral_ascent,26.0,1,55.8273,36.5742,47.5,0.0,peripheral
spiral_ascent,26.0,2,100.0,60.0,47.5,0.0,relay_anchor
spiral_ascent,26.0,3,123.4258,15.8273,47.5,0.0,peripheral
spiral_ascent,26.0,4,76.5742,104.1727,47.5,0.0,peripheral
spiral_ascent,26.25,0,142.9467,85.6043,47.8125,0.0,peripheral
spiral_ascent,26.25,1,57.0533,34.3957,47.8125,0.0,peripheral
spiral_ascent,26.25,2,100.0,60.0,47.8125,0.0,relay_anchor
spiral_ascent,26.25,3,125.6043,17.0533,47.8125,0.0,peripheral
spiral_ascent,26.25,4,74.3957,102.9467,47.8125,0.0,peripheral
spiral_ascent,26.5,0,141.6134,87.7187,48.125,0.0,peripheral
spiral_ascent,26.5,1,58.3866,32.2813,48.125,0.0,peripheral
spiral_ascent,26.5,2,100.0,60.0,48.125,0.0,relay_anchor
spiral_ascent,26.5,3,127.7187,18.3866,48.125,0.0,peripheral
spiral_ascent,26.5,4,72.2813,101.6134,48.125,0.0,peripheral
spiral_ascent,26.75,0,140.176,89.7639,48.4375,0.0,peripheral
spiral_ascent,26.75,1,59.824,30.2361,48.4375,0.0,peripheral
spiral_ascent,26.75,2,100.0,60.0,48.4375,0.0,relay_anchor
spiral_ascent,26.75,3,129.7639,19.824,48.4375,0.0,peripheral
spiral_ascent,26.75,4,70.2361,100.176,48.4375,0.0,peripheral
spiral_ascent,27.0,0,138.6382,91.7346,48.75,0.0,peripheral
spiral_ascent,27.0,1,61.3618,28.2654,48.75,0.0,peripheral
spiral_ascent,27.0,2,100.0,60.0,48.75,0.0,relay_anchor
spiral_ascent,27.0,3,131.7346,21.3618,48.75,0.0,peripheral
spiral_ascent,27.0,4,68.2654,98.6382,48.75,0.0,peripheral
spiral_ascent,27.25,0,137.0039,93.6261,49.0625,0.0,peripheral
spiral_ascent,27.25,1,62.9961,26.3739,49.0625,0.0,peripheral
spiral_ascent,27.25,2,100.0,60.0,49.0625,0.0,relay_anchor
spiral_ascent,27.25,3,133.6261,22.9961,49.0625,0.0,peripheral
spiral_ascent,27.25,4,66.3739,97.0039,49.0625,0.0,peripheral
spiral_ascent,27.5,0,135.277,95.4335,49.375,0.0,peripheral
spiral_ascent,27.5,1,64.723,24.5665,49.375,0.0,peripheral
spiral_ascent,27.5,2,100.0,60.0,49.375,0.0,relay_anchor
spiral_ascent,27.5,3,135.4335,24.723,49.375,0.0,peripheral
spiral_ascent,27.5,4,64.5665,95.277,49.375,0.0,peripheral
spiral_ascent,27.75,0,133.462,97.1523,49.6875,0.0,peripheral
spiral_ascent,27.75,1,66.538,22.8477,49.6875,0.0,peripheral
spiral_ascent,27.75,2,100.0,60.0,49.6875,0.0,relay_anchor
spiral_ascent,27.75,3,137.1523,26.538,49.6875,0.0,peripheral
spiral_ascent,27.75,4,62.8477,93.462,49.6875,0.0,peripheral
spiral_ascent,28.0,0,131.5633,98.7783,50.0,0.0,peripheral
spiral_ascent,28.0,1,68.4367,21.2217,50.0,0.0,peripheral
spiral_ascent,28.0,2,100.0,60.0,50.0,0.0,relay_anchor
spiral_ascent,28.0,3,138.7783,28.4367,50.0,0.0,peripheral
spiral_ascent,28.0,4,61.2217,91.5633,50.0,0.0,peripheral
spiral_ascent,28.25,0,129.5858,100.3073,50.3125,0.0,peripheral
spiral_ascent,28.25,1,70.4142,19.6927,50.3125,0.0,peripheral
spiral_ascent,28.25,2,100.0,60.0,50.3125,0.0,relay_anchor
spiral_ascent,28.25,3,140.3073,30.4142,50.3125,0.0,peripheral
spiral_ascent,28.25,4,59.6927,89.5858,50.3125,0.0,peripheral
spiral_ascent,28.5,0,127.5343,101.7356,50.625,0.0,peripheral
spiral_ascent,28.5,1,72.4657,18.2644,50.625,0.0,peripheral
spiral_ascent,28.5,2,100.0,60.0,50.625,0.0,relay_anchor
spiral_ascent,28.5,3,141.7356,32.4657,50.625,0.0,peripheral
spiral_ascent,28.5,4,58.2644,87.5343,50.625,0.0,peripheral
spiral_ascent,28.75,0,125.414,103.0596,50.9375,0.0,peripheral
spiral_ascent,28.75,1,74.586,16.9404,50.9375,0.0,peripheral
spiral_ascent,28.75,2,100.0,60.0,50.9375,0.0,relay_anchor
spiral_ascent,28.75,3,143.0596,34.586,50.9375,0.0,peripheral
spiral_ascent,28.75,4,56.9404,85.414,50.9375,0.0,peripheral
spiral_ascent,29.0,0,123.2301,104.276,51.25,0.0,peripheral
spiral_ascent,29.0,1,76.7699,15.724,51.25,0.0,peripheral
spiral_ascent,29.0,2,100.0,60.0,51.25,0.0,relay_anchor
spiral_ascent,29.0,3,144.276,36.7699,51.25,0.0,peripheral
spiral_ascent,29.0,4,55.724,83.2301,51.25,0.0,peripheral
spiral_ascent,29.25,0,120.9882,105.3817,51.5625,0.0,peripheral
spiral_ascent,29.25,1,79.0118,14.6183,51.5625,0.0,peripheral
spiral_ascent,29.25,2,100.0,60.0,51.5625,0.0,relay_anchor
spiral_ascent,29.25,3,145.3817,39.0118,51.5625,0.0,peripheral
spiral_ascent,29.25,4,54.6183,80.9882,51.5625,0.0,peripheral
spiral_ascent,29.5,0,118.6938,106.3739,51.875,0.0,peripheral
spiral_ascent,29.5,1,81.3062,13.6261,51.875,0.0,peripheral
spiral_ascent,29.5,2,100.0,60.0,51.875,0.0,relay_anchor
spiral_ascent,29.5,3,146.3739,41.3062,51.875,0.0,peripheral
spiral_ascent,29.5,4,53.6261,78.6938,51.875,0.0,peripheral
spiral_ascent,29.75,0,116.3527,107.2503,52.1875,0.0,peripheral
spiral_ascent,29.75,1,83.6473,12.7497,52.1875,0.0,peripheral
spiral_ascent,29.75,2,100.0,60.0,52.1875,0.0,relay_anchor
spiral_ascent,29.75,3,147.2503,43.6473,52.1875,0.0,peripheral
spiral_ascent,29.75,4,52.7497,76.3527,52.1875,0.0,peripheral
spiral_ascent,30.0,0,113.9708,108.0085,52.5,0.0,peripheral
spiral_ascent,30.0,1,86.0292,11.9915,52.5,0.0,peripheral
spiral_ascent,30.0,2,100.0,60.0,52.5,0.0,relay_anchor
spiral_ascent,30.0,3,148.0085,46.0292,52.5,0.0,peripheral
spiral_ascent,30.0,4,51.9915,73.9708,52.5,0.0,peripheral
spiral_ascent,30.25,0,111.5539,108.6468,52.8125,0.0,peripheral
spiral_ascent,30.25,1,88.4461,11.3532,52.8125,0.0,peripheral
spiral_ascent,30.25,2,100.0,60.0,52.8125,0.0,relay_anchor
spiral_ascent,30.25,3,148.6468,48.4461,52.8125,0.0,peripheral
spiral_ascent,30.25,4,51.3532,71.5539,52.8125,0.0,peripheral
spiral_ascent,30.5,0,109.1081,109.1634,53.125,0.0,peripheral
spiral_ascent,30.5,1,90.8919,10.8366,53.125,0.0,peripheral
spiral_ascent,30.5,2,100.0,60.0,53.125,0.0,relay_anchor
spiral_ascent,30.5,3,149.1634,50.8919,53.125,0.0,peripheral
spiral_ascent,30.5,4,50.8366,69.1081,53.125,0.0,peripheral
spiral_ascent,30.75,0,106.6396,109.5572,53.4375,0.0,peripheral
spiral_ascent,30.75,1,93.3604,10.4428,53.4375,0.0,peripheral
spiral_ascent,30.75,2,100.0,60.0,53.4375,0.0,relay_anchor
spiral_ascent,30.75,3,149.5572,53.3604,53.4375,0.0,peripheral
spiral_ascent,30.75,4,50.4428,66.6396,53.4375,0.0,peripheral
spiral_ascent,31.0,0,104.1545,109.8271,53.75,0.0,peripheral
spiral_ascent,31.0,1,95.8455,10.1729,53.75,0.0,peripheral
spiral_ascent,31.0,2,100.0,60.0,53.75,0.0,relay_anchor
spiral_ascent,31.0,3,149.8271,55.8455,53.75,0.0,peripheral
spiral_ascent,31.0,4,50.1729,64.1545,53.75,0.0,peripheral
spiral_ascent,31.25,0,101.659,109.9725,54.0625,0.0,peripheral
spiral_ascent,31.25,1,98.341,10.0275,54.0625,0.0,peripheral
spiral_ascent,31.25,2,100.0,60.0,54.0625,0.0,relay_anchor
spiral_ascent,31.25,3,149.9725,58.341,54.0625,0.0,peripheral
spiral_ascent,31.25,4,50.0275,61.659,54.0625,0.0,peripheral
spiral_ascent,31.5,0,99.1593,109.9929,54.375,0.0,peripheral
spiral_ascent,31.5,1,100.8407,10.0071,54.375,0.0,peripheral
spiral_ascent,31.5,2,100.0,60.0,54.375,0.0,relay_anchor
spiral_ascent,31.5,3,149.9929,60.8407,54.375,0.0,peripheral
spiral_ascent,31.5,4,50.0071,59.1593,54.375,0.0,peripheral
spiral_ascent,31.75,0,96.6618,109.8884,54.6875,0.0,peripheral
spiral_ascent,31.75,1,103.3382,10.1116,54.6875,0.0,peripheral
spiral_ascent,31.75,2,100.0,60.0,54.6875,0.0,relay_anchor
spiral_ascent,31.75,3,149.8884,63.3382,54.6875,0.0,peripheral
spiral_ascent,31.75,4,50.1116,56.6618,54.6875,0.0,peripheral
spiral_ascent,32.0,0,94.1725,109.6592,55.0,0.0,peripheral
spiral_ascent,32.0,1,105.8275,10.3408,55.0,0.0,peripheral
spiral_ascent,32.0,2,100.0,60.0,55.0,0.0,relay_anchor
spiral_ascent,32.0,3,149.6592,65.8275,55.0,0.0,peripheral
spiral_ascent,32.0,4,50.3408,54.1725,55.0,0.0,peripheral
spiral_ascent,32.25,0,91.6979,109.3059,55.3125,0.0,peripheral
spiral_ascent,32.25,1,108.3021,10.6941,55.3125,0.0,peripheral
spiral_ascent,32.25,2,100.0,60.0,55.3125,0.0,relay_anchor
spiral_ascent,32.25,3,149.3059,68.3021,55.3125,0.0,peripheral
spiral_ascent,32.25,4,50.6941,51.6979,55.3125,0.0,peripheral
spiral_ascent,32.5,0,89.244,108.8294,55.625,0.0,peripheral
spiral_ascent,32.5,1,110.756,11.1706,55.625,0.0,peripheral
spiral_ascent,32.5,2,100.0,60.0,55.625,0.0,relay_anchor
spiral_ascent,32.5,3,148.8294,70.756,55.625,0.0,peripheral
spiral_ascent,32.5,4,51.1706,49.244,55.625,0.0,peripheral
spiral_ascent,32.75,0,86.817,108.2308,55.9375,0.0,peripheral
spiral_ascent,32.75,1,113.183,11.7692,55.9375,0.0,peripheral
spiral_ascent,32.75,2,100.0,60.0,55.9375,0.0,relay_anchor
spiral_ascent,32.75,3,148.2308,73.183,55.9375,0.0,peripheral
spiral_ascent,32.75,4,51.7692,46.817,55.9375,0.0,peripheral
spiral_ascent,33.0,0,84.4229,107.5116,56.25,0.0,peripheral
spiral_ascent,33.0,1,115.5771,12.4884,56.25,0.0,peripheral
spiral_ascent,33.0,2,100.0,60.0,56.25,0.0,relay_anchor
spiral_ascent,33.0,3,147.5116,75.5771,56.25,0.0,peripheral
spiral_ascent,33.0,4,52.4884,44.4229,56.25,0.0,peripheral
spiral_ascent,33.25,0,82.0678,106.6737,56.5625,0.0,peripheral
spiral_ascent,33.25,1,117.9322,13.3263,56.5625,0.0,peripheral
spiral_ascent,33.25,2,100.0,60.0,56.5625,0.0,relay_anchor
spiral_ascent,33.25,3,146.6737,77.9322,56.5625,0.0,peripheral
spiral_ascent,33.25,4,53.3263,42.0678,56.5625,0.0,peripheral
spiral_ascent,33.5,0,79.7575,105.7192,56.875,0.0,peripheral
spiral_ascent,33.5,1,120.2425,14.2808,56.875,0.0,peripheral
spiral_ascent,33.5,2,100.0,60.0,56.875,0.0,relay_anchor
spiral_ascent,33.5,3,145.7192,80.2425,56.875,0.0,peripheral
spiral_ascent,33.5,4,54.2808,39.7575,56.875,0.0,peripheral
spiral_ascent,33.75,0,77.4978,104.6503,57.1875,0.0,peripheral
spiral_ascent,33.75,1,122.5022,15.3497,57.1875,0.0,peripheral
spiral_ascent,33.75,2,100.0,60.0,57.1875,0.0,relay_anchor
spiral_ascent,33.75,3,144.6503,82.5022,57.1875,0.0,peripheral
spiral_ascent,33.75,4,55.3497,37.4978,57.1875,0.0,peripheral
spiral_ascent,34.0,0,75.2943,103.4699,57.5,0.0,peripheral
spiral_ascent,34.0,1,124.7057,16.5301,57.5,0.0,peripheral
spiral_ascent,34.0,2,100.0,60.0,57.5,0.0,relay_anchor
spiral_ascent,34.0,3,143.4699,84.7057,57.5,0.0,peripheral
spiral_ascent,34.0,4,56.5301,35.2943,57.5,0.0,peripheral
spiral_ascent,34.25,0,73.1526,102.1808,57.8125,0.0,peripheral
spiral_ascent,34.25,1,126.8474,17.8192,57.8125,0.0,peripheral
spiral_ascent,34.25,2,100.0,60.0,57.8125,0.0,relay_anchor
spiral_ascent,34.25,3,142.1808,86.8474,57.8125,0.0,peripheral
spiral_ascent,34.25,4,57.8192,33.1526,57.8125,0.0,peripheral
spiral_ascent,34.5,0,71.078,100.7863,58.125,0.0,peripheral
spiral_ascent,34.5,1,128.922,19.2137,58.125,0.0,peripheral
spiral_ascent,34.5,2,100.0,60.0,58.125,0.0,relay_anchor
spiral_ascent,34.5,3,140.7863,88.922,58.125,0.0,peripheral
spiral_ascent,34.5,4,59.2137,31.078,58.125,0.0,peripheral
spiral_ascent,34.75,0,69.0757,99.2898,58.4375,0.0,peripheral
spiral_ascent,34.75,1,130.9243,20.7102,58.4375,0.0,peripheral
spiral_ascent,34.75,2,100.0,60.0,58.4375,0.0,relay_anchor
spiral_ascent,34.75,3,139.2898,90.9243,58.4375,0.0,peripheral
spiral_ascent,34.75,4,60.7102,29.0757,58.4375,0.0,peripheral
spiral_ascent,35.0,0,67.1507,97.6951,58.75,0.0,peripheral
spiral_ascent,35.0,1,132.8493,22.3049,58.75,0.0,peripheral
spiral_ascent,35.0,2,100.0,60.0,58.75,0.0,relay_anchor
spiral_ascent,35.0,3,137.6951,92.8493,58.75,0.0,peripheral
spiral_ascent,35.0,4,62.3049,27.1507,58.75,0.0,peripheral
spiral_ascent,35.25,0,65.3078,96.0062,59.0625,0.0,peripheral
spiral_ascent,35.25,1,134.6922,23.9938,59.0625,0.0,peripheral
spiral_ascent,35.25,2,100.0,60.0,59.0625,0.0,relay_anchor
spiral_ascent,35.25,3,136.0062,94.6922,59.0625,0.0,peripheral
spiral_ascent,35.25,4,63.9938,25.3078,59.0625,0.0,peripheral
spiral_ascent,35.5,0,63.5515,94.2273,59.375,0.0,peripheral
spiral_ascent,35.5,1,136.4485,25.7727,59.375,0.0,peripheral
spiral_ascent,35.5,2,100.0,60.0,59.375,0.0,relay_anchor
spiral_ascent,35.5,3,134.2273,96.4485,59.375,0.0,peripheral
spiral_ascent,35.5,4,65.7727,23.5515,59.375,0.0,peripheral
spiral_ascent,35.75,0,61.8864,92.3629,59.6875,0.0,peripheral
spiral_ascent,35.75,1,138.1136,27.6371,59.6875,0.0,peripheral
spiral_ascent,35.75,2,100.0,60.0,59.6875,0.0,relay_anchor
spiral_ascent,35.75,3,132.3629,98.1136,59.6875,0.0,peripheral
spiral_ascent,35.75,4,67.6371,21.8864,59.6875,0.0,peripheral
spiral_ascent,36.0,0,60.3166,90.4176,60.0,0.0,peripheral
spiral_ascent,36.0,1,139.6834,29.5824,60.0,0.0,peripheral
spiral_ascent,36.0,2,100.0,60.0,60.0,0.0,relay_anchor
spiral_ascent,36.0,3,130.4176,99.6834,60.0,0.0,peripheral
spiral_ascent,36.0,4,69.5824,20.3166,60.0,0.0,peripheral
spiral_ascent,36.25,0,58.846,88.3962,60.3125,0.0,peripheral
spiral_ascent,36.25,1,141.154,31.6038,60.3125,0.0,peripheral
spiral_ascent,36.25,2,100.0,60.0,60.3125,0.0,relay_anchor
spiral_ascent,36.25,3,128.3962,101.154,60.3125,0.0,peripheral
spiral_ascent,36.25,4,71.6038,18.846,60.3125,0.0,peripheral
spiral_ascent,36.5,0,57.4782,86.3039,60.625,0.0,peripheral
spiral_ascent,36.5,1,142.5218,33.6961,60.625,0.0,peripheral
spiral_ascent,36.5,2,100.0,60.0,60.625,0.0,relay_anchor
spiral_ascent,36.5,3,126.3039,102.5218,60.625,0.0,peripheral
spiral_ascent,36.5,4,73.6961,17.4782,60.625,0.0,peripheral
spiral_ascent,36.75,0,56.2167,84.1458,60.9375,0.0,peripheral
spiral_ascent,36.75,1,143.7833,35.8542,60.9375,0.0,peripheral
spiral_ascent,36.75,2,100.0,60.0,60.9375,0.0,relay_anchor
spiral_ascent,36.75,3,124.1458,103.7833,60.9375,0.0,peripheral
spiral_ascent,36.75,4,75.8542,16.2167,60.9375,0.0,peripheral
spiral_ascent,37.0,0,55.0646,81.9274,61.25,0.0,peripheral
spiral_ascent,37.0,1,144.9354,38.0726,61.25,0.0,peripheral
spiral_ascent,37.0,2,100.0,60.0,61.25,0.0,relay_anchor
spiral_ascent,37.0,3,121.9274,104.9354,61.25,0.0,peripheral
spiral_ascent,37.0,4,78.0726,15.0646,61.25,0.0,peripheral
spiral_ascent,37.25,0,54.0248,79.6541,61.5625,0.0,peripheral
spiral_ascent,37.25,1,145.9752,40.3459,61.5625,0.0,peripheral
spiral_ascent,37.25,2,100.0,60.0,61.5625,0.0,relay_anchor
spiral_ascent,37.25,3,119.6541,105.9752,61.5625,0.0,peripheral
spiral_ascent,37.25,4,80.3459,14.0248,61.5625,0.0,peripheral
spiral_ascent,37.5,0,53.1,77.3318,61.875,0.0,peripheral
spiral_ascent,37.5,1,146.9,42.6682,61.875,0.0,peripheral
spiral_ascent,37.5,2,100.0,60.0,61.875,0.0,relay_anchor
spiral_ascent,37.5,3,117.3318,106.9,61.875,0.0,peripheral
spiral_ascent,37.5,4,82.6682,13.1,61.875,0.0,peripheral
spiral_ascent,37.75,0,52.2924,74.9661,62.1875,0.0,peripheral
spiral_ascent,37.75,1,147.7076,45.0339,62.1875,0.0,peripheral
spiral_ascent,37.75,2,100.0,60.0,62.1875,0.0,relay_anchor
spiral_ascent,37.75,3,114.9661,107.7076,62.1875,0.0,peripheral
spiral_ascent,37.75,4,85.0339,12.2924,62.1875,0.0,peripheral
spiral_ascent,38.0,0,51.604,72.563,62.5,0.0,peripheral
spiral_ascent,38.0,1,148.396,47.437,62.5,0.0,peripheral
spiral_ascent,38.0,2,100.0,60.0,62.5,0.0,relay_anchor
spiral_ascent,38.0,3,112.563,108.396,62.5,0.0,peripheral
spiral_ascent,38.0,4,87.437,11.604,62.5,0.0,peripheral
spiral_ascent,38.25,0,51.0366,70.1285,62.8125,0.0,peripheral
spiral_ascent,38.25,1,148.9634,49.8715,62.8125,0.0,peripheral
spiral_ascent,38.25,2,100.0,60.0,62.8125,0.0,relay_anchor
spiral_ascent,38.25,3,110.1285,108.9634,62.8125,0.0,peripheral
spiral_ascent,38.25,4,89.8715,11.0366,62.8125,0.0,peripheral
spiral_ascent,38.5,0,50.5916,67.6687,63.125,0.0,peripheral
spiral_ascent,38.5,1,149.4084,52.3313,63.125,0.0,peripheral
spiral_ascent,38.5,2,100.0,60.0,63.125,0.0,relay_anchor
spiral_ascent,38.5,3,107.6687,109.4084,63.125,0.0,peripheral
spiral_ascent,38.5,4,92.3313,10.5916,63.125,0.0,peripheral
spiral_ascent,38.75,0,50.2701,65.1897,63.4375,0.0,peripheral
spiral_ascent,38.75,1,149.7299,54.8103,63.4375,0.0,peripheral
spiral_ascent,38.75,2,100.0,60.0,63.4375,0.0,relay_anchor
spiral_ascent,38.75,3,105.1897,109.7299,63.4375,0.0,peripheral
spiral_ascent,38.75,4,94.8103,10.2701,63.4375,0.0,peripheral
spiral_ascent,39.0,0,50.0728,62.6978,63.75,0.0,peripheral
spiral_ascent,39.0,1,149.9272,57.3022,63.75,0.0,peripheral
spiral_ascent,39.0,2,100.0,60.0,63.75,0.0,relay_anchor
spiral_ascent,39.0,3,102.6978,109.9272,63.75,0.0,peripheral
spiral_ascent,39.0,4,97.3022,10.0728,63.75,0.0,peripheral
spiral_ascent,39.25,0,50.0004,60.1991,64.0625,0.0,peripheral
spiral_ascent,39.25,1,149.9996,59.8009,64.0625,0.0,peripheral
spiral_ascent,39.25,2,100.0,60.0,64.0625,0.0,relay_anchor
spiral_ascent,39.25,3,100.1991,109.9996,64.0625,0.0,peripheral
spiral_ascent,39.25,4,99.8009,10.0004,64.0625,0.0,peripheral
spiral_ascent,39.5,0,50.0529,57.6999,64.375,0.0,peripheral
spiral_ascent,39.5,1,149.9471,62.3001,64.375,0.0,peripheral
spiral_ascent,39.5,2,100.0,60.0,64.375,0.0,relay_anchor
spiral_ascent,39.5,3,97.6999,109.9471,64.375,0.0,peripheral
spiral_ascent,39.5,4,102.3001,10.0529,64.375,0.0,peripheral
spiral_ascent,39.75,0,50.2303,55.2065,64.6875,0.0,peripheral
spiral_ascent,39.75,1,149.7697,64.7935,64.6875,0.0,peripheral
spiral_ascent,39.75,2,100.0,60.0,64.6875,0.0,relay_anchor
spiral_ascent,39.75,3,95.2065,109.7697,64.6875,0.0,peripheral
spiral_ascent,39.75,4,104.7935,10.2303,64.6875,0.0,peripheral
spiral_ascent,40.0,0,50.5321,52.725,65.0,0.0,peripheral
spiral_ascent,40.0,1,149.4679,67.275,65.0,0.0,peripheral
spiral_ascent,40.0,2,100.0,60.0,65.0,0.0,relay_anchor
spiral_ascent,40.0,3,92.725,109.4679,65.0,0.0,peripheral
spiral_ascent,40.0,4,107.275,10.5321,65.0,0.0,peripheral
hover_relay,0.0,0,100.0,60.0,20.0,6.0208,peripheral
hover_relay,0.0,1,100.0,60.0,20.0,6.0208,peripheral
hover_relay,0.0,2,100.0,60.0,45.0,0.0,relay_anchor
hover_relay,0.0,3,100.0,60.0,20.0,6.0208,peripheral
hover_relay,0.0,4,100.0,60.0,20.0,6.0208,peripheral
hover_relay,0.25,0,100.0,61.5,20.125,6.0208,peripheral
hover_relay,0.25,1,100.0,58.5,20.125,6.0208,peripheral
hover_relay,0.25,2,100.0,60.0,45.0,0.0,relay_anchor
hover_relay,0.25,3,98.5,60.0,20.125,6.0208,peripheral
hover_relay,0.25,4,101.5,60.0,20.125,6.0208,peripheral
hover_relay,0.5,0,100.0,63.0,20.25,6.0208,peripheral
hover_relay,0.5,1,100.0,57.0,20.25,6.0208,peripheral
hover_relay,0.5,2,100.0,60.0,45.0,0.0,relay_anchor
hover_relay,0.5,3,97.0,60.0,20.25,6.0208,peripheral
hover_relay,0.5,4,103.0,60.0,20.25,6.0208,peripheral
hover_relay,0.75,0,100.0,64.5,20.375,6.0208,peripheral
hover_relay,0.75,1,100.0,55.5,20.375,6.0208,peripheral
hover_relay,0.75,2,100.0,60.0,45.0,0.0,relay_anchor
hover_relay,0.75,3,95.5,60.0,20.375,6.0208,peripheral
hover_relay,0.75,4,104.5,60.0,20.375,6.0208,peripheral
hover_relay,1.0,0,100.0,66.0,20.5,6.0208,peripheral
hover_relay,1.0,1,100.0,54.0,20.5,6.0208,peripheral
hover_relay,1.0,2,100.0,60.0,45.0,0.0,relay_anchor
hover_relay,1.0,3,94.0,60.0,20.5,6.0208,peripheral
hover_relay,1.0,4,106.0,60.0,20.5,6.0208,peripheral
hover_relay,1.25,0,100.0,67.5,20.625,6.0208,peripheral
hover_relay,1.25,1,100.0,52.5,20.625,6.0208,peripheral
hover_relay,1.25,2,100.0,60.0,45.0,0.0,relay_anchor
hover_relay,1.25,3,92.5,60.0,20.625,6.0208,peripheral
hover_relay,1.25,4,107.5,60.0,20.625,6.0208,peripheral
hover_relay,1.5,0,100.0,69.0,20.75,6.0208,peripheral
hover_relay,1.5,1,100.0,51.0,20.75,6.0208,peripheral
hover_relay,1.5,2,100.0,60.0,45.0,0.0,relay_anchor
hover_relay,1.5,3,91.0,60.0,20.75,6.0208,peripheral
hover_relay,1.5,4,109.0,60.0,20.75,6.0208,peripheral
hover_relay,1.75,0,100.0,70.5,20.875,6.0208,peripheral
hover_relay,1.75,1,100.0,49.5,20.875,6.0208,peripheral
hover_relay,1.75,2,100.0,60.0,45.0,0.0,relay_anchor
hover_relay,1.75,3,89.5,60.0,20.875,6.0208,peripheral
hover_relay,1.75,4,110.5,60.0,20.875,6.0208,peripheral
hover_relay,2.0,0,100.0,72.0,21.0,6.0208,peripheral
hover_relay,2.0,1,100.0,48.0,21.0,6.0208,peripheral
hover_relay,2.0,2,100.0,60.0,45.0,0.0,relay_anchor
hover_relay,2.0,3,88.0,60.0,21.0,6.0208,peripheral
hover_relay,2.0,4,112.0,60.0,21.0,6.0208,peripheral
hover_relay,2.25,0,100.0,73.5,21.125,6.0208,peripheral
hover_relay,2.25,1,100.0,46.5,21.125,6.0208,peripheral
hover_relay,2.25,2,100.0,60.0,45.0,0.0,relay_anchor
hover_relay,2.25,3,86.5,60.0,21.125,6.0208,peripheral
hover_relay,2.25,4,113.5,60.0,21.125,6.0208,peripheral
hover_relay,2.5,0,100.0,75.0,21.25,6.0208,peripheral
hover_relay,2.5,1,100.0,45.0,21.25,6.0208,peripheral
hover_relay,2.5,2,100.0,60.0,45.0,0.0,relay_anchor
hover_relay,2.5,3,85.0,60.0,21.25,6.0208,peripheral
hover_relay,2.5,4,115.0,60.0,21.25,6.0208,peripheral
hover_relay,2.75,0,100.0,76.5,21.375,6.0208,peripheral
hover_relay,2.75,1,100.0,43.5,21.375,6.0208,peripheral
hover_relay,2.75,2,100.0,60.0,45.0,0.0,relay_anchor
hover_relay,2.75,3,83.5,60.0,21.375,6.0208,peripheral
hover_relay,2.75,4,116.5,60.0,21.375,6.0208,peripheral
hover_relay,3.0,0,100.0,78.0,21.5,6.0208,peripheral
hover_relay,3.0,1,100.0,42.0,21.5,6.0208,peripheral
hover_relay,3.0,2,100.0,60.0,45.0,0.0,relay_anchor
hover_relay,3.0,3,82.0,60.0,21.5,6.0208,peripheral
hover_relay,3.0,4,118.0,60.0,21.5,6.0208,peripheral
hover_relay,3.25,0,100.0,79.5,21.625,6.0208,peripheral
hover_relay,3.25,1,100.0,40.5,21.625,6.0208,peripheral
hover_relay,3.25,2,100.0,60.0,45.0,0.0,relay_anchor
hover_relay,3.25,3,80.5,60.0,21.625,6.0208,peripheral
hover_relay,3.25,4,119.5,60.0,21.625,6.0208,peripheral
hover_relay,3.5,0,100.0,81.0,21.75,6.0208,peripheral
hover_relay,3.5,1,100.0,39.0,21.75,6.0208,peripheral
hover_relay,3.5,2,100.0,60.0,45.0,0.0,relay_anchor
hover_relay,3.5,3,79.0,60.0,21.75,6.0208,peripheral
hover_relay,3.5,4,121.0,60.0,21.75,6.0208,peripheral
hover_relay,3.75,0,100.0,82.5,21.875,6.0208,peripheral
hover_relay,3.75,1,100.0,37.5,21.875,6.0208,peripheral
hover_relay,3.75,2,100.0,60.0,45.0,0.0,relay_anchor
hover_relay,3.75,3,77.5,60.0,21.875,6.0208,peripheral
hover_relay,3.75,4,122.5,60.0,21.875,6.0208,peripheral
hover_relay,4.0,0,100.0,84.0,22.0,6.0208,peripheral
hover_relay,4.0,1,100.0,36.0,22.0,6.0208,peripheral
hover_relay,4.0,2,100.0,60.0,45.0,0.0,relay_anchor
hover_relay,4.0,3,76.0,60.0,22.0,6.0208,peripheral
hover_relay,4.0,4,124.0,60.0,22.0,6.0208,peripheral
hover_relay,4.25,0,100.0,85.5,22.125,6.0208,peripheral
hover_relay,4.25,1,100.0,34.5,22.125,6.0208,peripheral
hover_relay,4.25,2,100.0,60.0,45.0,0.0,relay_anchor
hover_relay,4.25,3,74.5,60.0,22.125,6.0208,peripheral
hover_relay,4.25,4,125.5,60.0,22.125,6.0208,peripheral
hover_relay,4.5,0,100.0,87.0,22.25,6.0208,peripheral
hover_relay,4.5,1,100.0,33.0,22.25,6.0208,peripheral
hover_relay,4.5,2,100.0,60.0,45.0,0.0,relay_anchor
hover_relay,4.5,3,73.0,60.0,22.25,6.0208,peripheral
hover_relay,4.5,4,127.0,60.0,22.25,6.0208,peripheral
hover_relay,4.75,0,100.0,88.5,22.375,6.0208,peripheral
hover_relay,4.75,1,100.0,31.5,22.375,6.0208,peripheral
hover_relay,4.75,2,100.0,60.0,45.0,0.0,relay_anchor
hover_relay,4.75,3,71.5,60.0,22.375,6.0208,peripheral
hover_relay,4.75,4,128.5,60.0,22.375,6.0208,peripheral
hover_relay,5.0,0,100.0,90.0,22.5,6.0208,peripheral
hover_relay,5.0,1,100.0,30.0,22.5,6.0208,peripheral
hover_relay,5.0,2,100.0,60.0,45.0,0.0,relay_anchor
hover_relay,5.0,3,70.0,60.0,22.5,6.0208,peripheral
hover_relay,5.0,4,130.0,60.0,22.5,6.0208,peripheral
hover_relay,5.25,0,100.0,91.5,22.625,6.0208,peripheral
hover_relay,5.25,1,100.0,28.5,22.625,6.0208,peripheral
hover_relay,5.25,2,100.0,60.0,45.0,0.0,relay_anchor
hover_relay,5.25,3,68.5,60.0,22.625,6.0208,peripheral
hover_relay,5.25,4,131.5,60.0,22.625,6.0208,peripheral
hover_relay,5.5,0,100.0,93.0,22.75,6.0208,peripheral
hover_relay,5.5,1,100.0,27.0,22.75,6.0208,peripheral
hover_relay,5.5,2,100.0,60.0,45.0,0.0,relay_anchor
hover_relay,5.5,3,67.0,60.0,22.75,6.0208,peripheral
hover_relay,5.5,4,133.0,60.0,22.75,6.0208,peripheral
hover_relay,5.75,0,100.0,94.5,22.875,6.0208,peripheral
hover_relay,5.75,1,100.0,25.5,22.875,6.0208,peripheral
hover_relay,5.75,2,100.0,60.0,45.0,0.0,relay_anchor
hover_relay,5.75,3,65.5,60.0,22.875,6.0208,peripheral
hover_relay,5.75,4,134.5,60.0,22.875,6.0208,peripheral
hover_relay,6.0,0,100.0,96.0,23.0,6.0208,peripheral
hover_relay,6.0,1,100.0,24.0,23.0,6.0208,peripheral
hover_relay,6.0,2,100.0,60.0,45.0,0.0,relay_anchor
hover_relay,6.0,3,64.0,60.0,23.0,6.0208,peripheral
hover_relay,6.0,4,136.0,60.0,23.0,6.0208,peripheral
hover_relay,6.25,0,100.0,97.5,23.125,6.0208,peripheral
hover_relay,6.25,1,100.0,22.5,23.125,6.0208,peripheral
hover_relay,6.25,2,100.0,60.0,45.0,0.0,relay_anchor
hover_relay,6.25,3,62.5,60.0,23.125,6.0208,peripheral
hover_relay,6.25,4,137.5,60.0,23.125,6.0208,peripheral
hover_relay,6.5,0,100.0,99.0,23.25,6.0208,peripheral
hover_relay,6.5,1,100.0,21.0,23.25,6.0208,peripheral
hover_relay,6.5,2,100.0,60.0,45.0,0.0,relay_anchor
hover_relay,6.5,3,61.0,60.0,23.25,6.0208,peripheral
hover_relay,6.5,4,139.0,60.0,23.25,6.0208,peripheral
hover_relay,6.75,0,100.0,100.5,23.375,6.0208,peripheral
hover_relay,6.75,1,100.0,19.5,23.375,6.0208,peripheral
hover_relay,6.75,2,100.0,60.0,45.0,0.0,relay_anchor
hover_relay,6.75,3,59.5,60.0,23.375,6.0208,peripheral
hover_relay,6.75,4,140.5,60.0,23.375,6.0208,peripheral
hover_relay,7.0,0,100.0,102.0,23.5,6.0208,peripheral
hover_relay,7.0,1,100.0,18.0,23.5,6.0208,peripheral
hover_relay,7.0,2,100.0,60.0,45.0,0.0,relay_anchor
hover_relay,7.0,3,58.0,60.0,23.5,6.0208,peripheral
hover_relay,7.0,4,142.0,60.0,23.5,6.0208,peripheral
hover_relay,7.25,0,100.0,103.5,23.625,6.0208,peripheral
hover_relay,7.25,1,100.0,16.5,23.625,6.0208,peripheral
hover_relay,7.25,2,100.0,60.0,45.0,0.0,relay_anchor
hover_relay,7.25,3,56.5,60.0,23.625,6.0208,peripheral
hover_relay,7.25,4,143.5,60.0,23.625,6.0208,peripheral
hover_relay,7.5,0,100.0,105.0,23.75,6.0208,peripheral
hover_relay,7.5,1,100.0,15.0,23.75,6.0208,peripheral
hover_relay,7.5,2,100.0,60.0,45.0,0.0,relay_anchor
hover_relay,7.5,3,55.0,60.0,23.75,6.0208,peripheral
hover_relay,7.5,4,145.0,60.0,23.75,6.0208,peripheral
hover_relay,7.75,0,100.0,106.5,23.875,6.0208,peripheral
hover_relay,7.75,1,100.0,13.5,23.875,6.0208,peripheral
hover_relay,7.75,2,100.0,60.0,45.0,0.0,relay_anchor
hover_relay,7.75,3,53.5,60.0,23.875,6.0208,peripheral
hover_relay,7.75,4,146.5,60.0,23.875,6.0208,peripheral
hover_relay,8.0,0,100.0,108.0,24.0,6.0208,peripheral
hover_relay,8.0,1,100.0,12.0,24.0,6.0208,peripheral
hover_relay,8.0,2,100.0,60.0,45.0,0.0,relay_anchor
hover_relay,8.0,3,52.0,60.0,24.0,6.0208,peripheral
hover_relay,8.0,4,148.0,60.0,24.0,6.0208,peripheral
hover_relay,8.25,0,100.0,109.5,24.125,6.0208,peripheral
hover_relay,8.25,1,100.0,10.5,24.125,6.0208,peripheral
hover_relay,8.25,2,100.0,60.0,45.0,0.0,relay_anchor
hover_relay,8.25,3,50.5,60.0,24.125,6.0208,peripheral
hover_relay,8.25,4,149.5,60.0,24.125,6.0208,peripheral
hover_relay,8.5,0,100.0,111.0,24.25,6.0208,peripheral
hover_relay,8.5,1,100.0,9.0,24.25,6.0208,peripheral
hover_relay,8.5,2,100.0,60.0,45.0,0.0,relay_anchor
hover_relay,8.5,3,49.0,60.0,24.25,6.0208,peripheral
hover_relay,8.5,4,151.0,60.0,24.25,6.0208,peripheral
hover_relay,8.75,0,100.0,112.5,24.375,6.0208,peripheral
hover_relay,8.75,1,100.0,7.5,24.375,6.0208,peripheral
hover_relay,8.75,2,100.0,60.0,45.0,0.0,relay_anchor
hover_relay,8.75,3,47.5,60.0,24.375,6.0208,peripheral
hover_relay,8.75,4,152.5,60.0,24.375,6.0208,peripheral
hover_relay,9.0,0,100.0,114.0,24.5,6.0208,peripheral
hover_relay,9.0,1,100.0,6.0,24.5,6.0208,peripheral
hover_relay,9.0,2,100.0,60.0,45.0,0.0,relay_anchor
hover_relay,9.0,3,46.0,60.0,24.5,6.0208,peripheral
hover_relay,9.0,4,154.0,60.0,24.5,6.0208,peripheral
hover_relay,9.25,0,100.0,115.5,24.625,6.0208,peripheral
hover_relay,9.25,1,100.0,4.5,24.625,6.0208,peripheral
hover_relay,9.25,2,100.0,60.0,45.0,0.0,relay_anchor
hover_relay,9.25,3,44.5,60.0,24.625,6.0208,peripheral
hover_relay,9.25,4,155.5,60.0,24.625,6.0208,peripheral
hover_relay,9.5,0,100.0,117.0,24.75,6.0208,peripheral
hover_relay,9.5,1,100.0,3.0,24.75,6.0208,peripheral
hover_relay,9.5,2,100.0,60.0,45.0,0.0,relay_anchor
hover_relay,9.5,3,43.0,60.0,24.75,6.0208,peripheral
hover_relay,9.5,4,157.0,60.0,24.75,6.0208,peripheral
hover_relay,9.75,0,100.0,118.5,24.875,6.0208,peripheral
hover_relay,9.75,1,100.0,1.5,24.875,6.0208,peripheral
hover_relay,9.75,2,100.0,60.0,45.0,0.0,relay_anchor
hover_relay,9.75,3,41.5,60.0,24.875,6.0208,peripheral
hover_relay,9.75,4,158.5,60.0,24.875,6.0208,peripheral
hover_relay,10.0,0,100.0,120.0,25.0,6.0208,peripheral
hover_relay,10.0,1,100.0,0.0,25.0,6.0208,peripheral
hover_relay,10.0,2,100.0,60.0,45.0,0.0,relay_anchor
hover_relay,10.0,3,40.0,60.0,25.0,6.0208,peripheral
hover_relay,10.0,4,160.0,60.0,25.0,6.0208,peripheral
hover_relay,10.25,0,100.0,121.5,25.125,6.0208,peripheral
hover_relay,10.25,1,100.0,-1.5,25.125,6.0208,peripheral
hover_relay,10.25,2,100.0,60.0,45.0,0.0,relay_anchor
hover_relay,10.25,3,38.5,60.0,25.125,6.0208,peripheral
hover_relay,10.25,4,161.5,60.0,25.125,6.0208,peripheral
hover_relay,10.5,0,100.0,123.0,25.25,6.0208,peripheral
hover_relay,10.5,1,100.0,-3.0,25.25,6.0208,peripheral
hover_relay,10.5,2,100.0,60.0,45.0,0.0,relay_anchor
hover_relay,10.5,3,37.0,60.0,25.25,6.0208,peripheral
hover_relay,10.5,4,163.0,60.0,25.25,6.0208,peripheral
hover_relay,10.75,0,100.0,124.5,25.375,6.0208,peripheral
hover_relay,10.75,1,100.0,-4.5,25.375,6.0208,peripheral
hover_relay,10.75,2,100.0,60.0,45.0,0.0,relay_anchor
hover_relay,10.75,3,35.5,60.0,25.375,6.0208,peripheral
hover_relay,10.75,4,164.5,60.0,25.375,6.0208,peripheral
hover_relay,11.0,0,100.0,126.0,25.5,6.0208,peripheral
hover_relay,11.0,1,100.0,-6.0,25.5,6.0208,peripheral
hover_relay,11.0,2,100.0,60.0,45.0,0.0,relay_anchor
hover_relay,11.0,3,34.0,60.0,25.5,6.0208,peripheral
hover_relay,11.0,4,166.0,60.0,25.5,6.0208,peripheral
hover_relay,11.25,0,100.0,127.5,25.625,6.0208,peripheral
hover_relay,11.25,1,100.0,-7.5,25.625,6.0208,peripheral
hover_relay,11.25,2,100.0,60.0,45.0,0.0,relay_anchor
hover_relay,11.25,3,32.5,60.0,25.625,6.0208,peripheral
hover_relay,11.25,4,167.5,60.0,25.625,6.0208,peripheral
hover_relay,11.5,0,100.0,129.0,25.75,6.0208,peripheral
hover_relay,11.5,1,100.0,-9.0,25.75,6.0208,peripheral
hover_relay,11.5,2,100.0,60.0,45.0,0.0,relay_anchor
hover_relay,11.5,3,31.0,60.0,25.75,6.0208,peripheral
hover_relay,11.5,4,169.0,60.0,25.75,6.0208,peripheral
hover_relay,11.75,0,100.0,130.5,25.875,6.0208,peripheral
hover_relay,11.75,1,100.0,-10.5,25.875,6.0208,peripheral
hover_relay,11.75,2,100.0,60.0,45.0,0.0,relay_anchor
hover_relay,11.75,3,29.5,60.0,25.875,6.0208,peripheral
hover_relay,11.75,4,170.5,60.0,25.875,6.0208,peripheral
hover_relay,12.0,0,100.0,132.0,26.0,6.0208,peripheral
hover_relay,12.0,1,100.0,-12.0,26.0,6.0208,peripheral
hover_relay,12.0,2,100.0,60.0,45.0,0.0,relay_anchor
hover_relay,12.0,3,28.0,60.0,26.0,6.0208,peripheral
hover_relay,12.0,4,172.0,60.0,26.0,6.0208,peripheral
hover_relay,12.25,0,100.0,133.5,26.125,6.0208,peripheral
hover_relay,12.25,1,100.0,-13.5,26.125,6.0208,peripheral
hover_relay,12.25,2,100.0,60.0,45.0,0.0,relay_anchor
hover_relay,12.25,3,26.5,60.0,26.125,6.0208,peripheral
hover_relay,12.25,4,173.5,60.0,26.125,6.0208,peripheral
hover_relay,12.5,0,100.0,135.0,26.25,6.0208,peripheral
hover_relay,12.5,1,100.0,-15.0,26.25,6.0208,peripheral
hover_relay,12.5,2,100.0,60.0,45.0,0.0,relay_anchor
hover_relay,12.5,3,25.0,60.0,26.25,6.0208,peripheral
hover_relay,12.5,4,175.0,60.0,26.25,6.0208,peripheral
hover_relay,12.75,0,100.0,136.5,26.375,6.0208,peripheral
hover_relay,12.75,1,100.0,-16.5,26.375,6.0208,peripheral
hover_relay,12.75,2,100.0,60.0,45.0,0.0,relay_anchor
hover_relay,12.75,3,23.5,60.0,26.375,6.0208,peripheral
hover_relay,12.75,4,176.5,60.0,26.375,6.0208,peripheral
hover_relay,13.0,0,100.0,138.0,26.5,6.0208,peripheral
hover_relay,13.0,1,100.0,-18.0,26.5,6.0208,peripheral
hover_relay,13.0,2,100.0,60.0,45.0,0.0,relay_anchor
hover_relay,13.0,3,22.0,60.0,26.5,6.0208,peripheral
hover_relay,13.0,4,178.0,60.0,26.5,6.0208,peripheral
hover_relay,13.25,0,100.0,139.5,26.625,6.0208,peripheral
hover_relay,13.25,1,100.0,-19.5,26.625,6.0208,peripheral
hover_relay,13.25,2,100.0,60.0,45.0,0.0,relay_anchor
hover_relay,13.25,3,20.5,60.0,26.625,6.0208,peripheral
hover_relay,13.25,4,179.5,60.0,26.625,6.0208,peripheral
hover_relay,13.5,0,100.0,141.0,26.75,6.0208,peripheral
hover_relay,13.5,1,100.0,-21.0,26.75,6.0208,peripheral
hover_relay,13.5,2,100.0,60.0,45.0,0.0,relay_anchor
hover_relay,13.5,3,19.0,60.0,26.75,6.0208,peripheral
hover_relay,13.5,4,181.0,60.0,26.75,6.0208,peripheral
hover_relay,13.75,0,100.0,142.5,26.875,6.0208,peripheral
hover_relay,13.75,1,100.0,-22.5,26.875,6.0208,peripheral
hover_relay,13.75,2,100.0,60.0,45.0,0.0,relay_anchor
hover_relay,13.75,3,17.5,60.0,26.875,6.0208,peripheral
hover_relay,13.75,4,182.5,60.0,26.875,6.0208,peripheral
hover_relay,14.0,0,100.0,144.0,27.0,6.0208,peripheral
hover_relay,14.0,1,100.0,-24.0,27.0,6.0208,peripheral
hover_relay,14.0,2,100.0,60.0,45.0,0.0,relay_anchor
hover_relay,14.0,3,16.0,60.0,27.0,6.0208,peripheral
hover_relay,14.0,4,184.0,60.0,27.0,6.0208,peripheral
hover_relay,14.25,0,100.0,145.5,27.125,6.0208,peripheral
hover_relay,14.25,1,100.0,-25.5,27.125,6.0208,peripheral
hover_relay,14.25,2,100.0,60.0,45.0,0.0,relay_anchor
hover_relay,14.25,3,14.5,60.0,27.125,6.0208,peripheral
hover_relay,14.25,4,185.5,60.0,27.125,6.0208,peripheral
hover_relay,14.5,0,100.0,147.0,27.25,6.0208,peripheral
hover_relay,14.5,1,100.0,-27.0,27.25,6.0208,peripheral
hover_relay,14.5,2,100.0,60.0,45.0,0.0,relay_anchor
hover_relay,14.5,3,13.0,60.0,27.25,6.0208,peripheral
hover_relay,14.5,4,187.0,60.0,27.25,6.0208,peripheral
hover_relay,14.75,0,100.0,148.5,27.375,6.0208,peripheral
hover_relay,14.75,1,100.0,-28.5,27.375,6.0208,peripheral
hover_relay,14.75,2,100.0,60.0,45.0,0.0,relay_anchor
hover_relay,14.75,3,11.5,60.0,27.375,6.0208,peripheral
hover_relay,14.75,4,188.5,60.0,27.375,6.0208,peripheral
hover_relay,15.0,0,100.0,150.0,27.5,6.0208,peripheral
hover_relay,15.0,1,100.0,-30.0,27.5,6.0208,peripheral
hover_relay,15.0,2,100.0,60.0,45.0,0.0,relay_anchor
hover_relay,15.0,3,10.0,60.0,27.5,6.0208,peripheral
hover_relay,15.0,4,190.0,60.0,27.5,6.0208,peripheral
hover_relay,15.25,0,100.0,151.5,27.625,6.0208,peripheral
hover_relay,15.25,1,100.0,-31.5,27.625,6.0208,peripheral
hover_relay,15.25,2,100.0,60.0,45.0,0.0,relay_anchor
hover_relay,15.25,3,8.5,60.0,27.625,6.0208,peripheral
hover_relay,15.25,4,191.5,60.0,27.625,6.0208,peripheral
hover_relay,15.5,0,100.0,153.0,27.75,6.0208,peripheral
hover_relay,15.5,1,100.0,-33.0,27.75,6.0208,peripheral
hover_relay,15.5,2,100.0,60.0,45.0,0.0,relay_anchor
hover_relay,15.5,3,7.0,60.0,27.75,6.0208,peripheral
hover_relay,15.5,4,193.0,60.0,27.75,6.0208,peripheral
hover_relay,15.75,0,100.0,154.5,27.875,6.0208,peripheral
hover_relay,15.75,1,100.0,-34.5,27.875,6.0208,peripheral
hover_relay,15.75,2,100.0,60.0,45.0,0.0,relay_anchor
hover_relay,15.75,3,5.5,60.0,27.875,6.0208,peripheral
hover_relay,15.75,4,194.5,60.0,27.875,6.0208,peripheral
hover_relay,16.0,0,100.0,156.0,28.0,6.0208,peripheral
hover_relay,16.0,1,100.0,-36.0,28.0,6.0208,peripheral
hover_relay,16.0,2,100.0,60.0,45.0,0.0,relay_anchor
hover_relay,16.0,3,4.0,60.0,28.0,6.0208,peripheral
hover_relay,16.0,4,196.0,60.0,28.0,6.0208,peripheral
hover_relay,16.25,0,100.0,157.5,28.125,6.0208,peripheral
hover_relay,16.25,1,100.0,-37.5,28.125,6.0208,peripheral
hover_relay,16.25,2,100.0,60.0,45.0,0.0,relay_anchor
hover_relay,16.25,3,2.5,60.0,28.125,6.0208,peripheral
hover_relay,16.25,4,197.5,60.0,28.125,6.0208,peripheral
hover_relay,16.5,0,100.0,159.0,28.25,6.0208,peripheral
hover_relay,16.5,1,100.0,-39.0,28.25,6.0208,peripheral
hover_relay,16.5,2,100.0,60.0,45.0,0.0,relay_anchor
hover_relay,16.5,3,1.0,60.0,28.25,6.0208,peripheral
hover_relay,16.5,4,199.0,60.0,28.25,6.0208,peripheral
hover_relay,16.75,0,100.0,160.5,28.375,6.0208,peripheral
hover_relay,16.75,1,100.0,-40.5,28.375,6.0208,peripheral
hover_relay,16.75,2,100.0,60.0,45.0,0.0,relay_anchor
hover_relay,16.75,3,-0.5,60.0,28.375,6.0208,peripheral
hover_relay,16.75,4,200.5,60.0,28.375,6.0208,peripheral
hover_relay,17.0,0,100.0,162.0,28.5,6.0208,peripheral
hover_relay,17.0,1,100.0,-42.0,28.5,6.0208,peripheral
hover_relay,17.0,2,100.0,60.0,45.0,0.0,relay_anchor
hover_relay,17.0,3,-2.0,60.0,28.5,6.0208,peripheral
hover_relay,17.0,4,202.0,60.0,28.5,6.0208,peripheral
hover_relay,17.25,0,100.0,163.5,28.625,6.0208,peripheral
hover_relay,17.25,1,100.0,-43.5,28.625,6.0208,peripheral
hover_relay,17.25,2,100.0,60.0,45.0,0.0,relay_anchor
hover_relay,17.25,3,-3.5,60.0,28.625,6.0208,peripheral
hover_relay,17.25,4,203.5,60.0,28.625,6.0208,peripheral
hover_relay,17.5,0,100.0,165.0,28.75,6.0208,peripheral
hover_relay,17.5,1,100.0,-45.0,28.75,6.0208,peripheral
hover_relay,17.5,2,100.0,60.0,45.0,0.0,relay_anchor
hover_relay,17.5,3,-5.0,60.0,28.75,6.0208,peripheral
hover_relay,17.5,4,205.0,60.0,28.75,6.0208,peripheral
hover_relay,17.75,0,100.0,166.5,28.875,6.0208,peripheral
hover_relay,17.75,1,100.0,-46.5,28.875,6.0208,peripheral
hover_relay,17.75,2,100.0,60.0,45.0,0.0,relay_anchor
hover_relay,17.75,3,-6.5,60.0,28.875,6.0208,peripheral
hover_relay,17.75,4,206.5,60.0,28.875,6.0208,peripheral
hover_relay,18.0,0,100.0,168.0,29.0,6.0208,peripheral
hover_relay,18.0,1,100.0,-48.0,29.0,6.0208,peripheral
hover_relay,18.0,2,100.0,60.0,45.0,0.0,relay_anchor
hover_relay,18.0,3,-8.0,60.0,29.0,6.0208,peripheral
hover_relay,18.0,4,208.0,60.0,29.0,6.0208,peripheral
hover_relay,18.25,0,100.0,169.5,29.125,6.0208,peripheral
hover_relay,18.25,1,100.0,-49.5,29.125,6.0208,peripheral
hover_relay,18.25,2,100.0,60.0,45.0,0.0,relay_anchor
hover_relay,18.25,3,-9.5,60.0,29.125,6.0208,peripheral
hover_relay,18.25,4,209.5,60.0,29.125,6.0208,peripheral
hover_relay,18.5,0,100.0,171.0,29.25,6.0208,peripheral
hover_relay,18.5,1,100.0,-51.0,29.25,6.0208,peripheral
hover_relay,18.5,2,100.0,60.0,45.0,0.0,relay_anchor
hover_relay,18.5,3,-11.0,60.0,29.25,6.0208,peripheral
hover_relay,18.5,4,211.0,60.0,29.25,6.0208,peripheral
hover_relay,18.75,0,100.0,172.5,29.375,6.0208,peripheral
hover_relay,18.75,1,100.0,-52.5,29.375,6.0208,peripheral
hover_relay,18.75,2,100.0,60.0,45.0,0.0,relay_anchor
hover_relay,18.75,3,-12.5,60.0,29.375,6.0208,peripheral
hover_relay,18.75,4,212.5,60.0,29.375,6.0208,peripheral
hover_relay,19.0,0,100.0,174.0,29.5,6.0208,peripheral
hover_relay,19.0,1,100.0,-54.0,29.5,6.0208,peripheral
hover_relay,19.0,2,100.0,60.0,45.0,0.0,relay_anchor
hover_relay,19.0,3,-14.0,60.0,29.5,6.0208,peripheral
hover_relay,19.0,4,214.0,60.0,29.5,6.0208,peripheral
hover_relay,19.25,0,100.0,175.5,29.625,6.0208,peripheral
hover_relay,19.25,1,100.0,-55.5,29.625,6.0208,peripheral
hover_relay,19.25,2,100.0,60.0,45.0,0.0,relay_anchor
hover_relay,19.25,3,-15.5,60.0,29.625,6.0208,peripheral
hover_relay,19.25,4,215.5,60.0,29.625,6.0208,peripheral
hover_relay,19.5,0,100.0,177.0,29.75,6.0208,peripheral
hover_relay,19.5,1,100.0,-57.0,29.75,6.0208,peripheral
hover_relay,19.5,2,100.0,60.0,45.0,0.0,relay_anchor
hover_relay,19.5,3,-17.0,60.0,29.75,6.0208,peripheral
hover_relay,19.5,4,217.0,60.0,29.75,6.0208,peripheral
hover_relay,19.75,0,100.0,178.5,29.875,6.0208,peripheral
hover_relay,19.75,1,100.0,-58.5,29.875,6.0208,peripheral
hover_relay,19.75,2,100.0,60.0,45.0,0.0,relay_anchor
hover_relay,19.75,3,-18.5,60.0,29.875,6.0208,peripheral
hover_relay,19.75,4,218.5,60.0,29.875,6.0208,peripheral
hover_relay,20.0,0,100.0,180.0,30.0,6.0208,peripheral
hover_relay,20.0,1,100.0,-60.0,30.0,6.0208,peripheral
hover_relay,20.0,2,100.0,60.0,45.0,0.0,relay_anchor
hover_relay,20.0,3,-20.0,60.0,30.0,6.0208,peripheral
hover_relay,20.0,4,220.0,60.0,30.0,6.0208,peripheral
hover_relay,20.25,0,100.0,181.5,30.125,6.0208,peripheral
hover_relay,20.25,1,100.0,-61.5,30.125,6.0208,peripheral
hover_relay,20.25,2,100.0,60.0,45.0,0.0,relay_anchor
hover_relay,20.25,3,-21.5,60.0,30.125,6.0208,peripheral
hover_relay,20.25,4,221.5,60.0,30.125,6.0208,peripheral
hover_relay,20.5,0,100.0,183.0,30.25,6.0208,peripheral
hover_relay,20.5,1,100.0,-63.0,30.25,6.0208,peripheral
hover_relay,20.5,2,100.0,60.0,45.0,0.0,relay_anchor
hover_relay,20.5,3,-23.0,60.0,30.25,6.0208,peripheral
hover_relay,20.5,4,223.0,60.0,30.25,6.0208,peripheral
hover_relay,20.75,0,100.0,184.5,30.375,6.0208,peripheral
hover_relay,20.75,1,100.0,-64.5,30.375,6.0208,peripheral
hover_relay,20.75,2,100.0,60.0,45.0,0.0,relay_anchor
hover_relay,20.75,3,-24.5,60.0,30.375,6.0208,peripheral
hover_relay,20.75,4,224.5,60.0,30.375,6.0208,peripheral
hover_relay,21.0,0,100.0,186.0,30.5,6.0208,peripheral
hover_relay,21.0,1,100.0,-66.0,30.5,6.0208,peripheral
hover_relay,21.0,2,100.0,60.0,45.0,0.0,relay_anchor
hover_relay,21.0,3,-26.0,60.0,30.5,6.0208,peripheral
hover_relay,21.0,4,226.0,60.0,30.5,6.0208,peripheral
hover_relay,21.25,0,100.0,187.5,30.625,6.0208,peripheral
hover_relay,21.25,1,100.0,-67.5,30.625,6.0208,peripheral
hover_relay,21.25,2,100.0,60.0,45.0,0.0,relay_anchor
hover_relay,21.25,3,-27.5,60.0,30.625,6.0208,peripheral
hover_relay,21.25,4,227.5,60.0,30.625,6.0208,peripheral
hover_relay,21.5,0,100.0,189.0,30.75,6.0208,peripheral
hover_relay,21.5,1,100.0,-69.0,30.75,6.0208,peripheral
hover_relay,21.5,2,100.0,60.0,45.0,0.0,relay_anchor
hover_relay,21.5,3,-29.0,60.0,30.75,6.0208,peripheral
hover_relay,21.5,4,229.0,60.0,30.75,6.0208,peripheral
hover_relay,21.75,0,100.0,190.5,30.875,6.0208,peripheral
hover_relay,21.75,1,100.0,-70.5,30.875,6.0208,peripheral
hover_relay,21.75,2,100.0,60.0,45.0,0.0,relay_anchor
hover_relay,21.75,3,-30.5,60.0,30.875,6.0208,peripheral
hover_relay,21.75,4,230.5,60.0,30.875,6.0208,peripheral
hover_relay,22.0,0,100.0,192.0,31.0,6.0208,peripheral
hover_relay,22.0,1,100.0,-72.0,31.0,6.0208,peripheral
hover_relay,22.0,2,100.0,60.0,45.0,0.0,relay_anchor
hover_relay,22.0,3,-32.0,60.0,31.0,6.0208,peripheral
hover_relay,22.0,4,232.0,60.0,31.0,6.0208,peripheral
hover_relay,22.25,0,100.0,193.5,31.125,6.0208,peripheral
hover_relay,22.25,1,100.0,-73.5,31.125,6.0208,peripheral
hover_relay,22.25,2,100.0,60.0,45.0,0.0,relay_anchor
hover_relay,22.25,3,-33.5,60.0,31.125,6.0208,peripheral
hover_relay,22.25,4,233.5,60.0,31.125,6.0208,peripheral
hover_relay,22.5,0,100.0,195.0,31.25,6.0208,peripheral
hover_relay,22.5,1,100.0,-75.0,31.25,6.0208,peripheral
hover_relay,22.5,2,100.0,60.0,45.0,0.0,relay_anchor
hover_relay,22.5,3,-35.0,60.0,31.25,6.0208,peripheral
hover_relay,22.5,4,235.0,60.0,31.25,6.0208,peripheral
hover_relay,22.75,0,100.0,196.5,31.375,6.0208,peripheral
hover_relay,22.75,1,100.0,-76.5,31.375,6.0208,peripheral
hover_relay,22.75,2,100.0,60.0,45.0,0.0,relay_anchor
hover_relay,22.75,3,-36.5,60.0,31.375,6.0208,peripheral
hover_relay,22.75,4,236.5,60.0,31.375,6.0208,peripheral
hover_relay,23.0,0,100.0,198.0,31.5,6.0208,peripheral
hover_relay,23.0,1,100.0,-78.0,31.5,6.0208,peripheral
hover_relay,23.0,2,100.0,60.0,45.0,0.0,relay_anchor
hover_relay,23.0,3,-38.0,60.0,31.5,6.0208,peripheral
hover_relay,23.0,4,238.0,60.0,31.5,6.0208,peripheral
hover_relay,23.25,0,100.0,199.5,31.625,6.0208,peripheral
hover_relay,23.25,1,100.0,-79.5,31.625,6.0208,peripheral
hover_relay,23.25,2,100.0,60.0,45.0,0.0,relay_anchor
hover_relay,23.25,3,-39.5,60.0,31.625,6.0208,peripheral
hover_relay,23.25,4,239.5,60.0,31.625,6.0208,peripheral
hover_relay,23.5,0,100.0,201.0,31.75,6.0208,peripheral
hover_relay,23.5,1,100.0,-81.0,31.75,6.0208,peripheral
hover_relay,23.5,2,100.0,60.0,45.0,0.0,relay_anchor
hover_relay,23.5,3,-41.0,60.0,31.75,6.0208,peripheral
hover_relay,23.5,4,241.0,60.0,31.75,6.0208,peripheral
hover_relay,23.75,0,100.0,202.5,31.875,6.0208,peripheral
hover_relay,23.75,1,100.0,-82.5,31.875,6.0208,peripheral
hover_relay,23.75,2,100.0,60.0,45.0,0.0,relay_anchor
hover_relay,23.75,3,-42.5,60.0,31.875,6.0208,peripheral
hover_relay,23.75,4,242.5,60.0,31.875,6.0208,peripheral
hover_relay,24.0,0,100.0,204.0,32.0,6.0208,peripheral
hover_relay,24.0,1,100.0,-84.0,32.0,6.0208,peripheral
hover_relay,24.0,2,100.0,60.0,45.0,0.0,relay_anchor
hover_relay,24.0,3,-44.0,60.0,32.0,6.0208,peripheral
hover_relay,24.0,4,244.0,60.0,32.0,6.0208,peripheral
hover_relay,24.25,0,100.0,205.5,32.125,6.0208,peripheral
hover_relay,24.25,1,100.0,-85.5,32.125,6.0208,peripheral
hover_relay,24.25,2,100.0,60.0,45.0,0.0,relay_anchor
hover_relay,24.25,3,-45.5,60.0,32.125,6.0208,peripheral
hover_relay,24.25,4,245.5,60.0,32.125,6.0208,peripheral
hover_relay,24.5,0,100.0,207.0,32.25,6.0208,peripheral
hover_relay,24.5,1,100.0,-87.0,32.25,6.0208,peripheral
hover_relay,24.5,2,100.0,60.0,45.0,0.0,relay_anchor
hover_relay,24.5,3,-47.0,60.0,32.25,6.0208,peripheral
hover_relay,24.5,4,247.0,60.0,32.25,6.0208,peripheral
hover_relay,24.75,0,100.0,208.5,32.375,6.0208,peripheral
hover_relay,24.75,1,100.0,-88.5,32.375,6.0208,peripheral
hover_relay,24.75,2,100.0,60.0,45.0,0.0,relay_anchor
hover_relay,24.75,3,-48.5,60.0,32.375,6.0208,peripheral
hover_relay,24.75,4,248.5,60.0,32.375,6.0208,peripheral
hover_relay,25.0,0,100.0,210.0,32.5,6.0208,peripheral
hover_relay,25.0,1,100.0,-90.0,32.5,6.0208,peripheral
hover_relay,25.0,2,100.0,60.0,45.0,0.0,relay_anchor
hover_relay,25.0,3,-50.0,60.0,32.5,6.0208,peripheral
hover_relay,25.0,4,250.0,60.0,32.5,6.0208,peripheral
hover_relay,25.25,0,100.0,211.5,32.625,6.0208,peripheral
hover_relay,25.25,1,100.0,-91.5,32.625,6.0208,peripheral
hover_relay,25.25,2,100.0,60.0,45.0,0.0,relay_anchor
hover_relay,25.25,3,-51.5,60.0,32.625,6.0208,peripheral
hover_relay,25.25,4,251.5,60.0,32.625,6.0208,peripheral
hover_relay,25.5,0,100.0,213.0,32.75,6.0208,peripheral
hover_relay,25.5,1,100.0,-93.0,32.75,6.0208,peripheral
hover_relay,25.5,2,100.0,60.0,45.0,0.0,relay_anchor
hover_relay,25.5,3,-53.0,60.0,32.75,6.0208,peripheral
hover_relay,25.5,4,253.0,60.0,32.75,6.0208,peripheral
hover_relay,25.75,0,100.0,214.5,32.875,6.0208,peripheral
hover_relay,25.75,1,100.0,-94.5,32.875,6.0208,peripheral
hover_relay,25.75,2,100.0,60.0,45.0,0.0,relay_anchor
hover_relay,25.75,3,-54.5,60.0,32.875,6.0208,peripheral
hover_relay,25.75,4,254.5,60.0,32.875,6.0208,peripheral
hover_relay,26.0,0,100.0,216.0,33.0,6.0208,peripheral
hover_relay,26.0,1,100.0,-96.0,33.0,6.0208,peripheral
hover_relay,26.0,2,100.0,60.0,45.0,0.0,relay_anchor
hover_relay,26.0,3,-56.0,60.0,33.0,6.0208,peripheral
hover_relay,26.0,4,256.0,60.0,33.0,6.0208,peripheral
hover_relay,26.25,0,100.0,217.5,33.125,6.0208,peripheral
hover_relay,26.25,1,100.0,-97.5,33.125,6.0208,peripheral
hover_relay,26.25,2,100.0,60.0,45.0,0.0,relay_anchor
hover_relay,26.25,3,-57.5,60.0,33.125,6.0208,peripheral
hover_relay,26.25,4,257.5,60.0,33.125,6.0208,peripheral
hover_relay,26.5,0,100.0,219.0,33.25,6.0208,peripheral
hover_relay,26.5,1,100.0,-99.0,33.25,6.0208,peripheral
hover_relay,26.5,2,100.0,60.0,45.0,0.0,relay_anchor
hover_relay,26.5,3,-59.0,60.0,33.25,6.0208,peripheral
hover_relay,26.5,4,259.0,60.0,33.25,6.0208,peripheral
hover_relay,26.75,0,100.0,220.5,33.375,6.0208,peripheral
hover_relay,26.75,1,100.0,-100.5,33.375,6.0208,peripheral
hover_relay,26.75,2,100.0,60.0,45.0,0.0,relay_anchor
hover_relay,26.75,3,-60.5,60.0,33.375,6.0208,peripheral
hover_relay,26.75,4,260.5,60.0,33.375,6.0208,peripheral
hover_relay,27.0,0,100.0,222.0,33.5,6.0208,peripheral
hover_relay,27.0,1,100.0,-102.0,33.5,6.0208,peripheral
hover_relay,27.0,2,100.0,60.0,45.0,0.0,relay_anchor
hover_relay,27.0,3,-62.0,60.0,33.5,6.0208,peripheral
hover_relay,27.0,4,262.0,60.0,33.5,6.0208,peripheral
hover_relay,27.25,0,100.0,223.5,33.625,6.0208,peripheral
hover_relay,27.25,1,100.0,-103.5,33.625,6.0208,peripheral
hover_relay,27.25,2,100.0,60.0,45.0,0.0,relay_anchor
hover_relay,27.25,3,-63.5,60.0,33.625,6.0208,peripheral
hover_relay,27.25,4,263.5,60.0,33.625,6.0208,peripheral
hover_relay,27.5,0,100.0,225.0,33.75,6.0208,peripheral
hover_relay,27.5,1,100.0,-105.0,33.75,6.0208,peripheral
hover_relay,27.5,2,100.0,60.0,45.0,0.0,relay_anchor
hover_relay,27.5,3,-65.0,60.0,33.75,6.0208,peripheral
hover_relay,27.5,4,265.0,60.0,33.75,6.0208,peripheral
hover_relay,27.75,0,100.0,226.5,33.875,6.0208,peripheral
hover_relay,27.75,1,100.0,-106.5,33.875,6.0208,peripheral
hover_relay,27.75,2,100.0,60.0,45.0,0.0,relay_anchor
hover_relay,27.75,3,-66.5,60.0,33.875,6.0208,peripheral
hover_relay,27.75,4,266.5,60.0,33.875,6.0208,peripheral
hover_relay,28.0,0,100.0,228.0,34.0,6.0208,peripheral
hover_relay,28.0,1,100.0,-108.0,34.0,6.0208,peripheral
hover_relay,28.0,2,100.0,60.0,45.0,0.0,relay_anchor
hover_relay,28.0,3,-68.0,60.0,34.0,6.0208,peripheral
hover_relay,28.0,4,268.0,60.0,34.0,6.0208,peripheral
hover_relay,28.25,0,100.0,229.5,34.125,6.0208,peripheral
hover_relay,28.25,1,100.0,-109.5,34.125,6.0208,peripheral
hover_relay,28.25,2,100.0,60.0,45.0,0.0,relay_anchor
hover_relay,28.25,3,-69.5,60.0,34.125,6.0208,peripheral
hover_relay,28.25,4,269.5,60.0,34.125,6.0208,peripheral
hover_relay,28.5,0,100.0,231.0,34.25,6.0208,peripheral
hover_relay,28.5,1,100.0,-111.0,34.25,6.0208,peripheral
hover_relay,28.5,2,100.0,60.0,45.0,0.0,relay_anchor
hover_relay,28.5,3,-71.0,60.0,34.25,6.0208,peripheral
hover_relay,28.5,4,271.0,60.0,34.25,6.0208,peripheral
hover_relay,28.75,0,100.0,232.5,34.375,6.0208,peripheral
hover_relay,28.75,1,100.0,-112.5,34.375,6.0208,peripheral
hover_relay,28.75,2,100.0,60.0,45.0,0.0,relay_anchor
hover_relay,28.75,3,-72.5,60.0,34.375,6.0208,peripheral
hover_relay,28.75,4,272.5,60.0,34.375,6.0208,peripheral
hover_relay,29.0,0,100.0,234.0,34.5,6.0208,peripheral
hover_relay,29.0,1,100.0,-114.0,34.5,6.0208,peripheral
hover_relay,29.0,2,100.0,60.0,45.0,0.0,relay_anchor
hover_relay,29.0,3,-74.0,60.0,34.5,6.0208,peripheral
hover_relay,29.0,4,274.0,60.0,34.5,6.0208,peripheral
hover_relay,29.25,0,100.0,235.5,34.625,6.0208,peripheral
hover_relay,29.25,1,100.0,-115.5,34.625,6.0208,peripheral
hover_relay,29.25,2,100.0,60.0,45.0,0.0,relay_anchor
hover_relay,29.25,3,-75.5,60.0,34.625,6.0208,peripheral
hover_relay,29.25,4,275.5,60.0,34.625,6.0208,peripheral
hover_relay,29.5,0,100.0,237.0,34.75,6.0208,peripheral
hover_relay,29.5,1,100.0,-117.0,34.75,6.0208,peripheral
hover_relay,29.5,2,100.0,60.0,45.0,0.0,relay_anchor
hover_relay,29.5,3,-77.0,60.0,34.75,6.0208,peripheral
hover_relay,29.5,4,277.0,60.0,34.75,6.0208,peripheral
hover_relay,29.75,0,100.0,238.5,34.875,6.0208,peripheral
hover_relay,29.75,1,100.0,-118.5,34.875,6.0208,peripheral
hover_relay,29.75,2,100.0,60.0,45.0,0.0,relay_anchor
hover_relay,29.75,3,-78.5,60.0,34.875,6.0208,peripheral
hover_relay,29.75,4,278.5,60.0,34.875,6.0208,peripheral
hover_relay,30.0,0,100.0,240.0,35.0,6.0208,peripheral
hover_relay,30.0,1,100.0,-120.0,35.0,6.0208,peripheral
hover_relay,30.0,2,100.0,60.0,45.0,0.0,relay_anchor
hover_relay,30.0,3,-80.0,60.0,35.0,6.0208,peripheral
hover_relay,30.0,4,280.0,60.0,35.0,6.0208,peripheral
hover_relay,30.25,0,100.0,241.5,35.125,6.0208,peripheral
hover_relay,30.25,1,100.0,-121.5,35.125,6.0208,peripheral
hover_relay,30.25,2,100.0,60.0,45.0,0.0,relay_anchor
hover_relay,30.25,3,-81.5,60.0,35.125,6.0208,peripheral
hover_relay,30.25,4,281.5,60.0,35.125,6.0208,peripheral
hover_relay,30.5,0,100.0,243.0,35.25,6.0208,peripheral
hover_relay,30.5,1,100.0,-123.0,35.25,6.0208,peripheral
hover_relay,30.5,2,100.0,60.0,45.0,0.0,relay_anchor
hover_relay,30.5,3,-83.0,60.0,35.25,6.0208,peripheral
hover_relay,30.5,4,283.0,60.0,35.25,6.0208,peripheral
hover_relay,30.75,0,100.0,244.5,35.375,6.0208,peripheral
hover_relay,30.75,1,100.0,-124.5,35.375,6.0208,peripheral
hover_relay,30.75,2,100.0,60.0,45.0,0.0,relay_anchor
hover_relay,30.75,3,-84.5,60.0,35.375,6.0208,peripheral
hover_relay,30.75,4,284.5,60.0,35.375,6.0208,peripheral
hover_relay,31.0,0,100.0,246.0,35.5,6.0208,peripheral
hover_relay,31.0,1,100.0,-126.0,35.5,6.0208,peripheral
hover_relay,31.0,2,100.0,60.0,45.0,0.0,relay_anchor
hover_relay,31.0,3,-86.0,60.0,35.5,6.0208,peripheral
hover_relay,31.0,4,286.0,60.0,35.5,6.0208,peripheral
hover_relay,31.25,0,100.0,247.5,35.625,6.0208,peripheral
hover_relay,31.25,1,100.0,-127.5,35.625,6.0208,peripheral
hover_relay,31.25,2,100.0,60.0,45.0,0.0,relay_anchor
hover_relay,31.25,3,-87.5,60.0,35.625,6.0208,peripheral
hover_relay,31.25,4,287.5,60.0,35.625,6.0208,peripheral
hover_relay,31.5,0,100.0,249.0,35.75,6.0208,peripheral
hover_relay,31.5,1,100.0,-129.0,35.75,6.0208,peripheral
hover_relay,31.5,2,100.0,60.0,45.0,0.0,relay_anchor
hover_relay,31.5,3,-89.0,60.0,35.75,6.0208,peripheral
hover_relay,31.5,4,289.0,60.0,35.75,6.0208,peripheral
hover_relay,31.75,0,100.0,250.5,35.875,6.0208,peripheral
hover_relay,31.75,1,100.0,-130.5,35.875,6.0208,peripheral
hover_relay,31.75,2,100.0,60.0,45.0,0.0,relay_anchor
hover_relay,31.75,3,-90.5,60.0,35.875,6.0208,peripheral
hover_relay,31.75,4,290.5,60.0,35.875,6.0208,peripheral
hover_relay,32.0,0,100.0,252.0,36.0,6.0208,peripheral
hover_relay,32.0,1,100.0,-132.0,36.0,6.0208,peripheral
hover_relay,32.0,2,100.0,60.0,45.0,0.0,relay_anchor
hover_relay,32.0,3,-92.0,60.0,36.0,6.0208,peripheral
hover_relay,32.0,4,292.0,60.0,36.0,6.0208,peripheral
hover_relay,32.25,0,100.0,253.5,36.125,6.0208,peripheral
hover_relay,32.25,1,100.0,-133.5,36.125,6.0208,peripheral
hover_relay,32.25,2,100.0,60.0,45.0,0.0,relay_anchor
hover_relay,32.25,3,-93.5,60.0,36.125,6.0208,peripheral
hover_relay,32.25,4,293.5,60.0,36.125,6.0208,peripheral
hover_relay,32.5,0,100.0,255.0,36.25,6.0208,peripheral
hover_relay,32.5,1,100.0,-135.0,36.25,6.0208,peripheral
hover_relay,32.5,2,100.0,60.0,45.0,0.0,relay_anchor
hover_relay,32.5,3,-95.0,60.0,36.25,6.0208,peripheral
hover_relay,32.5,4,295.0,60.0,36.25,6.0208,peripheral
hover_relay,32.75,0,100.0,256.5,36.375,6.0208,peripheral
hover_relay,32.75,1,100.0,-136.5,36.375,6.0208,peripheral
hover_relay,32.75,2,100.0,60.0,45.0,0.0,relay_anchor
hover_relay,32.75,3,-96.5,60.0,36.375,6.0208,peripheral
hover_relay,32.75,4,296.5,60.0,36.375,6.0208,peripheral
hover_relay,33.0,0,100.0,258.0,36.5,6.0208,peripheral
hover_relay,33.0,1,100.0,-138.0,36.5,6.0208,peripheral
hover_relay,33.0,2,100.0,60.0,45.0,0.0,relay_anchor
hover_relay,33.0,3,-98.0,60.0,36.5,6.0208,peripheral
hover_relay,33.0,4,298.0,60.0,36.5,6.0208,peripheral
hover_relay,33.25,0,100.0,259.5,36.625,6.0208,peripheral
hover_relay,33.25,1,100.0,-139.5,36.625,6.0208,peripheral
hover_relay,33.25,2,100.0,60.0,45.0,0.0,relay_anchor
hover_relay,33.25,3,-99.5,60.0,36.625,6.0208,peripheral
hover_relay,33.25,4,299.5,60.0,36.625,6.0208,peripheral
hover_relay,33.5,0,100.0,261.0,36.75,6.0208,peripheral
hover_relay,33.5,1,100.0,-141.0,36.75,6.0208,peripheral
hover_relay,33.5,2,100.0,60.0,45.0,0.0,relay_anchor
hover_relay,33.5,3,-101.0,60.0,36.75,6.0208,peripheral
hover_relay,33.5,4,301.0,60.0,36.75,6.0208,peripheral
hover_relay,33.75,0,100.0,262.5,36.875,6.0208,peripheral
hover_relay,33.75,1,100.0,-142.5,36.875,6.0208,peripheral
hover_relay,33.75,2,100.0,60.0,45.0,0.0,relay_anchor
hover_relay,33.75,3,-102.5,60.0,36.875,6.0208,peripheral
hover_relay,33.75,4,302.5,60.0,36.875,6.0208,peripheral
hover_relay,34.0,0,100.0,264.0,37.0,6.0208,peripheral
hover_relay,34.0,1,100.0,-144.0,37.0,6.0208,peripheral
hover_relay,34.0,2,100.0,60.0,45.0,0.0,relay_anchor
hover_relay,34.0,3,-104.0,60.0,37.0,6.0208,peripheral
hover_relay,34.0,4,304.0,60.0,37.0,6.0208,peripheral
hover_relay,34.25,0,100.0,265.5,37.125,6.0208,peripheral
hover_relay,34.25,1,100.0,-145.5,37.125,6.0208,peripheral
hover_relay,34.25,2,100.0,60.0,45.0,0.0,relay_anchor
hover_relay,34.25,3,-105.5,60.0,37.125,6.0208,peripheral
hover_relay,34.25,4,305.5,60.0,37.125,6.0208,peripheral
hover_relay,34.5,0,100.0,267.0,37.25,6.0208,peripheral
hover_relay,34.5,1,100.0,-147.0,37.25,6.0208,peripheral
hover_relay,34.5,2,100.0,60.0,45.0,0.0,relay_anchor
hover_relay,34.5,3,-107.0,60.0,37.25,6.0208,peripheral
hover_relay,34.5,4,307.0,60.0,37.25,6.0208,peripheral
hover_relay,34.75,0,100.0,268.5,37.375,6.0208,peripheral
hover_relay,34.75,1,100.0,-148.5,37.375,6.0208,peripheral
hover_relay,34.75,2,100.0,60.0,45.0,0.0,relay_anchor
hover_relay,34.75,3,-108.5,60.0,37.375,6.0208,peripheral
hover_relay,34.75,4,308.5,60.0,37.375,6.0208,peripheral
hover_relay,35.0,0,100.0,270.0,37.5,6.0208,peripheral
hover_relay,35.0,1,100.0,-150.0,37.5,6.0208,peripheral
hover_relay,35.0,2,100.0,60.0,45.0,0.0,relay_anchor
hover_relay,35.0,3,-110.0,60.0,37.5,6.0208,peripheral
hover_relay,35.0,4,310.0,60.0,37.5,6.0208,peripheral
hover_relay,35.25,0,100.0,271.5,37.625,6.0208,peripheral
hover_relay,35.25,1,100.0,-151.5,37.625,6.0208,peripheral
hover_relay,35.25,2,100.0,60.0,45.0,0.0,relay_anchor
hover_relay,35.25,3,-111.5,60.0,37.625,6.0208,peripheral
hover_relay,35.25,4,311.5,60.0,37.625,6.0208,peripheral
hover_relay,35.5,0,100.0,273.0,37.75,6.0208,peripheral
hover_relay,35.5,1,100.0,-153.0,37.75,6.0208,peripheral
hover_relay,35.5,2,100.0,60.0,45.0,0.0,relay_anchor
hover_relay,35.5,3,-113.0,60.0,37.75,6.0208,peripheral
hover_relay,35.5,4,313.0,60.0,37.75,6.0208,peripheral
hover_relay,35.75,0,100.0,274.5,37.875,6.0208,peripheral
hover_relay,35.75,1,100.0,-154.5,37.875,6.0208,peripheral
hover_relay,35.75,2,100.0,60.0,45.0,0.0,relay_anchor
hover_relay,35.75,3,-114.5,60.0,37.875,6.0208,peripheral
hover_relay,35.75,4,314.5,60.0,37.875,6.0208,peripheral
hover_relay,36.0,0,100.0,276.0,38.0,6.0208,peripheral
hover_relay,36.0,1,100.0,-156.0,38.0,6.0208,peripheral
hover_relay,36.0,2,100.0,60.0,45.0,0.0,relay_anchor
hover_relay,36.0,3,-116.0,60.0,38.0,6.0208,peripheral
hover_relay,36.0,4,316.0,60.0,38.0,6.0208,peripheral
hover_relay,36.25,0,100.0,277.5,38.125,6.0208,peripheral
hover_relay,36.25,1,100.0,-157.5,38.125,6.0208,peripheral
hover_relay,36.25,2,100.0,60.0,45.0,0.0,relay_anchor
hover_relay,36.25,3,-117.5,60.0,38.125,6.0208,peripheral
hover_relay,36.25,4,317.5,60.0,38.125,6.0208,peripheral
hover_relay,36.5,0,100.0,279.0,38.25,6.0208,peripheral
hover_relay,36.5,1,100.0,-159.0,38.25,6.0208,peripheral
hover_relay,36.5,2,100.0,60.0,45.0,0.0,relay_anchor
hover_relay,36.5,3,-119.0,60.0,38.25,6.0208,peripheral
hover_relay,36.5,4,319.0,60.0,38.25,6.0208,peripheral
hover_relay,36.75,0,100.0,280.5,38.375,6.0208,peripheral
hover_relay,36.75,1,100.0,-160.5,38.375,6.0208,peripheral
hover_relay,36.75,2,100.0,60.0,45.0,0.0,relay_anchor
hover_relay,36.75,3,-120.5,60.0,38.375,6.0208,peripheral
hover_relay,36.75,4,320.5,60.0,38.375,6.0208,peripheral
hover_relay,37.0,0,100.0,282.0,38.5,6.0208,peripheral
hover_relay,37.0,1,100.0,-162.0,38.5,6.0208,peripheral
hover_relay,37.0,2,100.0,60.0,45.0,0.0,relay_anchor
hover_relay,37.0,3,-122.0,60.0,38.5,6.0208,peripheral
hover_relay,37.0,4,322.0,60.0,38.5,6.0208,peripheral
hover_relay,37.25,0,100.0,283.5,38.625,6.0208,peripheral
hover_relay,37.25,1,100.0,-163.5,38.625,6.0208,peripheral
hover_relay,37.25,2,100.0,60.0,45.0,0.0,relay_anchor
hover_relay,37.25,3,-123.5,60.0,38.625,6.0208,peripheral
hover_relay,37.25,4,323.5,60.0,38.625,6.0208,peripheral
hover_relay,37.5,0,100.0,285.0,38.75,6.0208,peripheral
hover_relay,37.5,1,100.0,-165.0,38.75,6.0208,peripheral
hover_relay,37.5,2,100.0,60.0,45.0,0.0,relay_anchor
hover_relay,37.5,3,-125.0,60.0,38.75,6.0208,peripheral
hover_relay,37.5,4,325.0,60.0,38.75,6.0208,peripheral
hover_relay,37.75,0,100.0,286.5,38.875,6.0208,peripheral
hover_relay,37.75,1,100.0,-166.5,38.875,6.0208,peripheral
hover_relay,37.75,2,100.0,60.0,45.0,0.0,relay_anchor
hover_relay,37.75,3,-126.5,60.0,38.875,6.0208,peripheral
hover_relay,37.75,4,326.5,60.0,38.875,6.0208,peripheral
hover_relay,38.0,0,100.0,288.0,39.0,6.0208,peripheral
hover_relay,38.0,1,100.0,-168.0,39.0,6.0208,peripheral
hover_relay,38.0,2,100.0,60.0,45.0,0.0,relay_anchor
hover_relay,38.0,3,-128.0,60.0,39.0,6.0208,peripheral
hover_relay,38.0,4,328.0,60.0,39.0,6.0208,peripheral
hover_relay,38.25,0,100.0,289.5,39.125,6.0208,peripheral
hover_relay,38.25,1,100.0,-169.5,39.125,6.0208,peripheral
hover_relay,38.25,2,100.0,60.0,45.0,0.0,relay_anchor
hover_relay,38.25,3,-129.5,60.0,39.125,6.0208,peripheral
hover_relay,38.25,4,329.5,60.0,39.125,6.0208,peripheral
hover_relay,38.5,0,100.0,291.0,39.25,6.0208,peripheral
hover_relay,38.5,1,100.0,-171.0,39.25,6.0208,peripheral
hover_relay,38.5,2,100.0,60.0,45.0,0.0,relay_anchor
hover_relay,38.5,3,-131.0,60.0,39.25,6.0208,peripheral
hover_relay,38.5,4,331.0,60.0,39.25,6.0208,peripheral
hover_relay,38.75,0,100.0,292.5,39.375,6.0208,peripheral
hover_relay,38.75,1,100.0,-172.5,39.375,6.0208,peripheral
hover_relay,38.75,2,100.0,60.0,45.0,0.0,relay_anchor
hover_relay,38.75,3,-132.5,60.0,39.375,6.0208,peripheral
hover_relay,38.75,4,332.5,60.0,39.375,6.0208,peripheral
hover_relay,39.0,0,100.0,294.0,39.5,6.0208,peripheral
hover_relay,39.0,1,100.0,-174.0,39.5,6.0208,peripheral
hover_relay,39.0,2,100.0,60.0,45.0,0.0,relay_anchor
hover_relay,39.0,3,-134.0,60.0,39.5,6.0208,peripheral
hover_relay,39.0,4,334.0,60.0,39.5,6.0208,peripheral
hover_relay,39.25,0,100.0,295.5,39.625,6.0208,peripheral
hover_relay,39.25,1,100.0,-175.5,39.625,6.0208,peripheral
hover_relay,39.25,2,100.0,60.0,45.0,0.0,relay_anchor
hover_relay,39.25,3,-135.5,60.0,39.625,6.0208,peripheral
hover_relay,39.25,4,335.5,60.0,39.625,6.0208,peripheral
hover_relay,39.5,0,100.0,297.0,39.75,6.0208,peripheral
hover_relay,39.5,1,100.0,-177.0,39.75,6.0208,peripheral
hover_relay,39.5,2,100.0,60.0,45.0,0.0,relay_anchor
hover_relay,39.5,3,-137.0,60.0,39.75,6.0208,peripheral
hover_relay,39.5,4,337.0,60.0,39.75,6.0208,peripheral
hover_relay,39.75,0,100.0,298.5,39.875,6.0208,peripheral
hover_relay,39.75,1,100.0,-178.5,39.875,6.0208,peripheral
hover_relay,39.75,2,100.0,60.0,45.0,0.0,relay_anchor
hover_relay,39.75,3,-138.5,60.0,39.875,6.0208,peripheral
hover_relay,39.75,4,338.5,60.0,39.875,6.0208,peripheral
hover_relay,40.0,0,100.0,300.0,40.0,6.0208,peripheral
hover_relay,40.0,1,100.0,-180.0,40.0,6.0208,peripheral
hover_relay,40.0,2,100.0,60.0,45.0,0.0,relay_anchor
hover_relay,40.0,3,-140.0,60.0,40.0,6.0208,peripheral
hover_relay,40.0,4,340.0,60.0,40.0,6.0208,peripheral
altitude_avoid,0.0,0,45.0,75.0,15.0,0.0,peripheral
altitude_avoid,0.0,1,45.0,45.0,15.0,0.0,peripheral
altitude_avoid,0.0,2,60.0,60.0,15.0,0.0,relay_anchor
altitude_avoid,0.0,3,75.0,45.0,15.0,0.0,peripheral
altitude_avoid,0.0,4,75.0,75.0,15.0,0.0,peripheral
altitude_avoid,0.25,0,46.25,74.875,15.375,0.0,peripheral
altitude_avoid,0.25,1,46.25,45.125,15.375,0.0,peripheral
altitude_avoid,0.25,2,61.25,60.0,15.375,0.0,relay_anchor
altitude_avoid,0.25,3,76.25,44.875,15.375,0.0,peripheral
altitude_avoid,0.25,4,76.25,75.125,15.375,0.0,peripheral
altitude_avoid,0.5,0,47.5,74.75,15.75,0.0,peripheral
altitude_avoid,0.5,1,47.5,45.25,15.75,0.0,peripheral
altitude_avoid,0.5,2,62.5,60.0,15.75,0.0,relay_anchor
altitude_avoid,0.5,3,77.5,44.75,15.75,0.0,peripheral
altitude_avoid,0.5,4,77.5,75.25,15.75,0.0,peripheral
altitude_avoid,0.75,0,48.75,74.625,16.125,0.0,peripheral
altitude_avoid,0.75,1,48.75,45.375,16.125,0.0,peripheral
altitude_avoid,0.75,2,63.75,60.0,16.125,0.0,relay_anchor
altitude_avoid,0.75,3,78.75,44.625,16.125,0.0,peripheral
altitude_avoid,0.75,4,78.75,75.375,16.125,0.0,peripheral
altitude_avoid,1.0,0,50.0,74.5,16.5,0.0,peripheral
altitude_avoid,1.0,1,50.0,45.5,16.5,0.0,peripheral
altitude_avoid,1.0,2,65.0,60.0,16.5,0.0,relay_anchor
altitude_avoid,1.0,3,80.0,44.5,16.5,0.0,peripheral
altitude_avoid,1.0,4,80.0,75.5,16.5,0.0,peripheral
altitude_avoid,1.25,0,51.25,74.375,16.875,0.0,peripheral
altitude_avoid,1.25,1,51.25,45.625,16.875,0.0,peripheral
altitude_avoid,1.25,2,66.25,60.0,16.875,0.0,relay_anchor
altitude_avoid,1.25,3,81.25,44.375,16.875,0.0,peripheral
altitude_avoid,1.25,4,81.25,75.625,16.875,0.0,peripheral
altitude_avoid,1.5,0,52.5,74.25,17.25,0.0,peripheral
altitude_avoid,1.5,1,52.5,45.75,17.25,0.0,peripheral
altitude_avoid,1.5,2,67.5,60.0,17.25,0.0,relay_anchor
altitude_avoid,1.5,3,82.5,44.25,17.25,0.0,peripheral
altitude_avoid,1.5,4,82.5,75.75,17.25,0.0,peripheral
altitude_avoid,1.75,0,53.75,74.125,17.625,0.0,peripheral
altitude_avoid,1.75,1,53.75,45.875,17.625,0.0,peripheral
altitude_avoid,1.75,2,68.75,60.0,17.625,0.0,relay_anchor
altitude_avoid,1.75,3,83.75,44.125,17.625,0.0,peripheral
altitude_avoid,1.75,4,83.75,75.875,17.625,0.0,peripheral
altitude_avoid,2.0,0,55.0,74.0,18.0,0.0,peripheral
altitude_avoid,2.0,1,55.0,46.0,18.0,0.0,peripheral
altitude_avoid,2.0,2,70.0,60.0,18.0,0.0,relay_anchor
altitude_avoid,2.0,3,85.0,44.0,18.0,0.0,peripheral
altitude_avoid,2.0,4,85.0,76.0,18.0,0.0,peripheral
altitude_avoid,2.25,0,56.25,73.875,18.375,0.0,peripheral
altitude_avoid,2.25,1,56.25,46.125,18.375,0.0,peripheral
altitude_avoid,2.25,2,71.25,60.0,18.375,0.0,relay_anchor
altitude_avoid,2.25,3,86.25,43.875,18.375,0.0,peripheral
altitude_avoid,2.25,4,86.25,76.125,18.375,0.0,peripheral
altitude_avoid,2.5,0,57.5,73.75,18.75,0.0,peripheral
altitude_avoid,2.5,1,57.5,46.25,18.75,0.0,peripheral
altitude_avoid,2.5,2,72.5,60.0,18.75,0.0,relay_anchor
altitude_avoid,2.5,3,87.5,43.75,18.75,0.0,peripheral
altitude_avoid,2.5,4,87.5,76.25,18.75,0.0,peripheral
altitude_avoid,2.75,0,58.75,73.625,19.125,0.0,peripheral
altitude_avoid,2.75,1,58.75,46.375,19.125,0.0,peripheral
altitude_avoid,2.75,2,73.75,60.0,19.125,0.0,relay_anchor
altitude_avoid,2.75,3,88.75,43.625,19.125,0.0,peripheral
altitude_avoid,2.75,4,88.75,76.375,19.125,0.0,peripheral
altitude_avoid,3.0,0,60.0,73.5,19.5,0.0,peripheral
altitude_avoid,3.0,1,60.0,46.5,19.5,0.0,peripheral
altitude_avoid,3.0,2,75.0,60.0,19.5,0.0,relay_anchor
altitude_avoid,3.0,3,90.0,43.5,19.5,0.0,peripheral
altitude_avoid,3.0,4,90.0,76.5,19.5,0.0,peripheral
altitude_avoid,3.25,0,61.25,73.375,19.875,0.0,peripheral
altitude_avoid,3.25,1,61.25,46.625,19.875,0.0,peripheral
altitude_avoid,3.25,2,76.25,60.0,19.875,0.0,relay_anchor
altitude_avoid,3.25,3,91.25,43.375,19.875,0.0,peripheral
altitude_avoid,3.25,4,91.25,76.625,19.875,0.0,peripheral
altitude_avoid,3.5,0,62.5,73.25,20.25,0.0,peripheral
altitude_avoid,3.5,1,62.5,46.75,20.25,0.0,peripheral
altitude_avoid,3.5,2,77.5,60.0,20.25,0.0,relay_anchor
altitude_avoid,3.5,3,92.5,43.25,20.25,0.0,peripheral
altitude_avoid,3.5,4,92.5,76.75,20.25,0.0,peripheral
altitude_avoid,3.75,0,63.75,73.125,20.625,0.0,peripheral
altitude_avoid,3.75,1,63.75,46.875,20.625,0.0,peripheral
altitude_avoid,3.75,2,78.75,60.0,20.625,0.0,relay_anchor
altitude_avoid,3.75,3,93.75,43.125,20.625,0.0,peripheral
altitude_avoid,3.75,4,93.75,76.875,20.625,0.0,peripheral
altitude_avoid,4.0,0,65.0,73.0,21.0,0.0,peripheral
altitude_avoid,4.0,1,65.0,47.0,21.0,0.0,peripheral
altitude_avoid,4.0,2,80.0,60.0,21.0,0.0,relay_anchor
altitude_avoid,4.0,3,95.0,43.0,21.0,0.0,peripheral
altitude_avoid,4.0,4,95.0,77.0,21.0,0.0,peripheral
altitude_avoid,4.25,0,66.25,72.875,21.375,0.0,peripheral
altitude_avoid,4.25,1,66.25,47.125,21.375,0.0,peripheral
altitude_avoid,4.25,2,81.25,60.0,21.375,0.0,relay_anchor
altitude_avoid,4.25,3,96.25,42.875,21.375,0.0,peripheral
altitude_avoid,4.25,4,96.25,77.125,21.375,0.0,peripheral
altitude_avoid,4.5,0,67.5,72.75,21.75,0.0,peripheral
altitude_avoid,4.5,1,67.5,47.25,21.75,0.0,peripheral
altitude_avoid,4.5,2,82.5,60.0,21.75,0.0,relay_anchor
altitude_avoid,4.5,3,97.5,42.75,21.75,0.0,peripheral
altitude_avoid,4.5,4,97.5,77.25,21.75,0.0,peripheral
altitude_avoid,4.75,0,68.75,72.625,22.125,0.0,peripheral
altitude_avoid,4.75,1,68.75,47.375,22.125,0.0,peripheral
altitude_avoid,4.75,2,83.75,60.0,22.125,0.0,relay_anchor
altitude_avoid,4.75,3,98.75,42.625,22.125,0.0,peripheral
altitude_avoid,4.75,4,98.75,77.375,22.125,0.0,peripheral
altitude_avoid,5.0,0,70.0,72.5,22.5,0.0,peripheral
altitude_avoid,5.0,1,70.0,47.5,22.5,0.0,peripheral
altitude_avoid,5.0,2,85.0,60.0,22.5,0.0,relay_anchor
altitude_avoid,5.0,3,100.0,42.5,22.5,0.0,peripheral
altitude_avoid,5.0,4,100.0,77.5,22.5,0.0,peripheral
altitude_avoid,5.25,0,71.25,72.375,22.875,0.0,peripheral
altitude_avoid,5.25,1,71.25,47.625,22.875,0.0,peripheral
altitude_avoid,5.25,2,86.25,60.0,22.875,0.0,relay_anchor
altitude_avoid,5.25,3,101.25,42.375,22.875,0.0,peripheral
altitude_avoid,5.25,4,101.25,77.625,22.875,0.0,peripheral
altitude_avoid,5.5,0,72.5,72.25,23.25,0.0,peripheral
altitude_avoid,5.5,1,72.5,47.75,23.25,0.0,peripheral
altitude_avoid,5.5,2,87.5,60.0,23.25,0.0,relay_anchor
altitude_avoid,5.5,3,102.5,42.25,23.25,0.0,peripheral
altitude_avoid,5.5,4,102.5,77.75,23.25,0.0,peripheral
altitude_avoid,5.75,0,73.75,72.125,23.625,0.0,peripheral
altitude_avoid,5.75,1,73.75,47.875,23.625,0.0,peripheral
altitude_avoid,5.75,2,88.75,60.0,23.625,0.0,relay_anchor
altitude_avoid,5.75,3,103.75,42.125,23.625,0.0,peripheral
altitude_avoid,5.75,4,103.75,77.875,23.625,0.0,peripheral
altitude_avoid,6.0,0,75.0,72.0,24.0,0.0,peripheral
altitude_avoid,6.0,1,75.0,48.0,24.0,0.0,peripheral
altitude_avoid,6.0,2,90.0,60.0,24.0,0.0,relay_anchor
altitude_avoid,6.0,3,105.0,42.0,24.0,0.0,peripheral
altitude_avoid,6.0,4,105.0,78.0,24.0,0.0,peripheral
altitude_avoid,6.25,0,76.25,71.875,24.375,0.0,peripheral
altitude_avoid,6.25,1,76.25,48.125,24.375,0.0,peripheral
altitude_avoid,6.25,2,91.25,60.0,24.375,0.0,relay_anchor
altitude_avoid,6.25,3,106.25,41.875,24.375,0.0,peripheral
altitude_avoid,6.25,4,106.25,78.125,24.375,0.0,peripheral
altitude_avoid,6.5,0,77.5,71.75,24.75,0.0,peripheral
altitude_avoid,6.5,1,77.5,48.25,24.75,0.0,peripheral
altitude_avoid,6.5,2,92.5,60.0,24.75,0.0,relay_anchor
altitude_avoid,6.5,3,107.5,41.75,24.75,0.0,peripheral
altitude_avoid,6.5,4,107.5,78.25,24.75,0.0,peripheral
altitude_avoid,6.75,0,78.75,71.625,25.125,0.0,peripheral
altitude_avoid,6.75,1,78.75,48.375,25.125,0.0,peripheral
altitude_avoid,6.75,2,93.75,60.0,25.125,0.0,relay_anchor
altitude_avoid,6.75,3,108.75,41.625,25.125,0.0,peripheral
altitude_avoid,6.75,4,108.75,78.375,25.125,0.0,peripheral
altitude_avoid,7.0,0,80.0,71.5,25.5,0.0,peripheral
altitude_avoid,7.0,1,80.0,48.5,25.5,0.0,peripheral
altitude_avoid,7.0,2,95.0,60.0,25.5,0.0,relay_anchor
altitude_avoid,7.0,3,110.0,41.5,25.5,0.0,peripheral
altitude_avoid,7.0,4,110.0,78.5,25.5,0.0,peripheral
altitude_avoid,7.25,0,81.25,71.375,25.875,0.0,peripheral
altitude_avoid,7.25,1,81.25,48.625,25.875,0.0,peripheral
altitude_avoid,7.25,2,96.25,60.0,25.875,0.0,relay_anchor
altitude_avoid,7.25,3,111.25,41.375,25.875,0.0,peripheral
altitude_avoid,7.25,4,111.25,78.625,25.875,0.0,peripheral
altitude_avoid,7.5,0,82.5,71.25,26.25,0.0,peripheral
altitude_avoid,7.5,1,82.5,48.75,26.25,0.0,peripheral
altitude_avoid,7.5,2,97.5,60.0,26.25,0.0,relay_anchor
altitude_avoid,7.5,3,112.5,41.25,26.25,0.0,peripheral
altitude_avoid,7.5,4,112.5,78.75,26.25,0.0,peripheral
altitude_avoid,7.75,0,83.75,71.125,26.625,0.0,peripheral
altitude_avoid,7.75,1,83.75,48.875,26.625,0.0,peripheral
altitude_avoid,7.75,2,98.75,60.0,26.625,0.0,relay_anchor
altitude_avoid,7.75,3,113.75,41.125,26.625,0.0,peripheral
altitude_avoid,7.75,4,113.75,78.875,26.625,0.0,peripheral
altitude_avoid,8.0,0,85.0,71.0,27.0,0.0,peripheral
altitude_avoid,8.0,1,85.0,49.0,27.0,0.0,peripheral
altitude_avoid,8.0,2,100.0,60.0,27.0,0.0,relay_anchor
altitude_avoid,8.0,3,115.0,41.0,27.0,0.0,peripheral
altitude_avoid,8.0,4,115.0,79.0,27.0,0.0,peripheral
altitude_avoid,8.25,0,86.25,70.875,27.375,0.0,peripheral
altitude_avoid,8.25,1,86.25,49.125,27.375,0.0,peripheral
altitude_avoid,8.25,2,101.25,60.0,27.375,0.0,relay_anchor
altitude_avoid,8.25,3,116.25,40.875,27.375,0.0,peripheral
altitude_avoid,8.25,4,116.25,79.125,27.375,0.0,peripheral
altitude_avoid,8.5,0,87.5,70.75,27.75,0.0,peripheral
altitude_avoid,8.5,1,87.5,49.25,27.75,0.0,peripheral
altitude_avoid,8.5,2,102.5,60.0,27.75,0.0,relay_anchor
altitude_avoid,8.5,3,117.5,40.75,27.75,0.0,peripheral
altitude_avoid,8.5,4,117.5,79.25,27.75,0.0,peripheral
altitude_avoid,8.75,0,88.75,70.625,28.125,0.0,peripheral
altitude_avoid,8.75,1,88.75,49.375,28.125,0.0,peripheral
altitude_avoid,8.75,2,103.75,60.0,28.125,0.0,relay_anchor
altitude_avoid,8.75,3,118.75,40.625,28.125,0.0,peripheral
altitude_avoid,8.75,4,118.75,79.375,28.125,0.0,peripheral
altitude_avoid,9.0,0,90.0,70.5,28.5,0.0,peripheral
altitude_avoid,9.0,1,90.0,49.5,28.5,0.0,peripheral
altitude_avoid,9.0,2,105.0,60.0,28.5,0.0,relay_anchor
altitude_avoid,9.0,3,120.0,40.5,28.5,0.0,peripheral
altitude_avoid,9.0,4,120.0,79.5,28.5,0.0,peripheral
altitude_avoid,9.25,0,91.25,70.375,28.875,0.0,peripheral
altitude_avoid,9.25,1,91.25,49.625,28.875,0.0,peripheral
altitude_avoid,9.25,2,106.25,60.0,28.875,0.0,relay_anchor
altitude_avoid,9.25,3,121.25,40.375,28.875,0.0,peripheral
altitude_avoid,9.25,4,121.25,79.625,28.875,0.0,peripheral
altitude_avoid,9.5,0,92.5,70.25,29.25,0.0,peripheral
altitude_avoid,9.5,1,92.5,49.75,29.25,0.0,peripheral
altitude_avoid,9.5,2,107.5,60.0,29.25,0.0,relay_anchor
altitude_avoid,9.5,3,122.5,40.25,29.25,0.0,peripheral
altitude_avoid,9.5,4,122.5,79.75,29.25,0.0,peripheral
altitude_avoid,9.75,0,93.75,70.125,29.625,0.0,peripheral
altitude_avoid,9.75,1,93.75,49.875,29.625,0.0,peripheral
altitude_avoid,9.75,2,108.75,60.0,29.625,0.0,relay_anchor
altitude_avoid,9.75,3,123.75,40.125,29.625,0.0,peripheral
altitude_avoid,9.75,4,123.75,79.875,29.625,0.0,peripheral
altitude_avoid,10.0,0,95.0,70.0,30.0,0.0,peripheral
altitude_avoid,10.0,1,95.0,50.0,30.0,0.0,peripheral
altitude_avoid,10.0,2,110.0,60.0,30.0,0.0,relay_anchor
altitude_avoid,10.0,3,125.0,40.0,30.0,0.0,peripheral
altitude_avoid,10.0,4,125.0,80.0,30.0,0.0,peripheral
altitude_avoid,10.25,0,96.25,69.875,30.375,0.0,peripheral
altitude_avoid,10.25,1,96.25,50.125,30.375,0.0,peripheral
altitude_avoid,10.25,2,111.25,60.0,30.375,0.0,relay_anchor
altitude_avoid,10.25,3,126.25,39.875,30.375,0.0,peripheral
altitude_avoid,10.25,4,126.25,80.125,30.375,0.0,peripheral
altitude_avoid,10.5,0,97.5,69.75,30.75,0.0,peripheral
altitude_avoid,10.5,1,97.5,50.25,30.75,0.0,peripheral
altitude_avoid,10.5,2,112.5,60.0,30.75,0.0,relay_anchor
altitude_avoid,10.5,3,127.5,39.75,30.75,0.0,peripheral
altitude_avoid,10.5,4,127.5,80.25,30.75,0.0,peripheral
altitude_avoid,10.75,0,98.75,69.625,31.125,0.0,peripheral
altitude_avoid,10.75,1,98.75,50.375,31.125,0.0,peripheral
altitude_avoid,10.75,2,113.75,60.0,31.125,0.0,relay_anchor
altitude_avoid,10.75,3,128.75,39.625,31.125,0.0,peripheral
altitude_avoid,10.75,4,128.75,80.375,31.125,0.0,peripheral
altitude_avoid,11.0,0,100.0,69.5,31.5,0.0,peripheral
altitude_avoid,11.0,1,100.0,50.5,31.5,0.0,peripheral
altitude_avoid,11.0,2,115.0,60.0,31.5,0.0,relay_anchor
altitude_avoid,11.0,3,130.0,39.5,31.5,0.0,peripheral
altitude_avoid,11.0,4,130.0,80.5,31.5,0.0,peripheral
altitude_avoid,11.25,0,101.25,69.375,31.875,0.0,peripheral
altitude_avoid,11.25,1,101.25,50.625,31.875,0.0,peripheral
altitude_avoid,11.25,2,116.25,60.0,31.875,0.0,relay_anchor
altitude_avoid,11.25,3,131.25,39.375,31.875,0.0,peripheral
altitude_avoid,11.25,4,131.25,80.625,31.875,0.0,peripheral
altitude_avoid,11.5,0,102.5,69.25,32.25,0.0,peripheral
altitude_avoid,11.5,1,102.5,50.75,32.25,0.0,peripheral
altitude_avoid,11.5,2,117.5,60.0,32.25,0.0,relay_anchor
altitude_avoid,11.5,3,132.5,39.25,32.25,0.0,peripheral
altitude_avoid,11.5,4,132.5,80.75,32.25,0.0,peripheral
altitude_avoid,11.75,0,103.75,69.125,32.625,0.0,peripheral
altitude_avoid,11.75,1,103.75,50.875,32.625,0.0,peripheral
altitude_avoid,11.75,2,118.75,60.0,32.625,0.0,relay_anchor
altitude_avoid,11.75,3,133.75,39.125,32.625,0.0,peripheral
altitude_avoid,11.75,4,133.75,80.875,32.625,0.0,peripheral
altitude_avoid,12.0,0,105.0,69.0,33.0,0.0,peripheral
altitude_avoid,12.0,1,105.0,51.0,33.0,0.0,peripheral
altitude_avoid,12.0,2,120.0,60.0,33.0,0.0,relay_anchor
altitude_avoid,12.0,3,135.0,39.0,33.0,0.0,peripheral
altitude_avoid,12.0,4,135.0,81.0,33.0,0.0,peripheral
altitude_avoid,12.25,0,106.25,68.875,33.375,0.0,peripheral
altitude_avoid,12.25,1,106.25,51.125,33.375,0.0,peripheral
altitude_avoid,12.25,2,121.25,60.0,33.375,0.0,relay_anchor
altitude_avoid,12.25,3,136.25,38.875,33.375,0.0,peripheral
altitude_avoid,12.25,4,136.25,81.125,33.375,0.0,peripheral
altitude_avoid,12.5,0,107.5,68.75,33.75,0.0,peripheral
altitude_avoid,12.5,1,107.5,51.25,33.75,0.0,peripheral
altitude_avoid,12.5,2,122.5,60.0,33.75,0.0,relay_anchor
altitude_avoid,12.5,3,137.5,38.75,33.75,0.0,peripheral
altitude_avoid,12.5,4,137.5,81.25,33.75,0.0,peripheral
altitude_avoid,12.75,0,108.75,68.625,34.125,0.0,peripheral
altitude_avoid,12.75,1,108.75,51.375,34.125,0.0,peripheral
altitude_avoid,12.75,2,123.75,60.0,34.125,0.0,relay_anchor
altitude_avoid,12.75,3,138.75,38.625,34.125,0.0,peripheral
altitude_avoid,12.75,4,138.75,81.375,34.125,0.0,peripheral
altitude_avoid,13.0,0,110.0,68.5,34.5,0.0,peripheral
altitude_avoid,13.0,1,110.0,51.5,34.5,0.0,peripheral
altitude_avoid,13.0,2,125.0,60.0,34.5,0.0,relay_anchor
altitude_avoid,13.0,3,140.0,38.5,34.5,0.0,peripheral
altitude_avoid,13.0,4,140.0,81.5,34.5,0.0,peripheral
altitude_avoid,13.25,0,111.25,68.375,34.875,0.0,peripheral
altitude_avoid,13.25,1,111.25,51.625,34.875,0.0,peripheral
altitude_avoid,13.25,2,126.25,60.0,34.875,0.0,relay_anchor
altitude_avoid,13.25,3,141.25,38.375,34.875,0.0,peripheral
altitude_avoid,13.25,4,141.25,81.625,34.875,0.0,peripheral
altitude_avoid,13.5,0,112.5,68.25,35.25,0.0,peripheral
altitude_avoid,13.5,1,112.5,51.75,35.25,0.0,peripheral
altitude_avoid,13.5,2,127.5,60.0,35.25,0.0,relay_anchor
altitude_avoid,13.5,3,142.5,38.25,35.25,0.0,peripheral
altitude_avoid,13.5,4,142.5,81.75,35.25,0.0,peripheral
altitude_avoid,13.75,0,113.75,68.125,35.625,0.0,peripheral
altitude_avoid,13.75,1,113.75,51.875,35.625,0.0,peripheral
altitude_avoid,13.75,2,128.75,60.0,35.625,0.0,relay_anchor
altitude_avoid,13.75,3,143.75,38.125,35.625,0.0,peripheral
altitude_avoid,13.75,4,143.75,81.875,35.625,0.0,peripheral
altitude_avoid,14.0,0,115.0,68.0,36.0,0.0,peripheral
altitude_avoid,14.0,1,115.0,52.0,36.0,0.0,peripheral
altitude_avoid,14.0,2,130.0,60.0,36.0,0.0,relay_anchor
altitude_avoid,14.0,3,145.0,38.0,36.0,0.0,peripheral
altitude_avoid,14.0,4,145.0,82.0,36.0,0.0,peripheral
altitude_avoid,14.25,0,116.25,67.875,36.375,0.0,peripheral
altitude_avoid,14.25,1,116.25,52.125,36.375,0.0,peripheral
altitude_avoid,14.25,2,131.25,60.0,36.375,0.0,relay_anchor
altitude_avoid,14.25,3,146.25,37.875,36.375,0.0,peripheral
altitude_avoid,14.25,4,146.25,82.125,36.375,0.0,peripheral
altitude_avoid,14.5,0,117.5,67.75,36.75,0.0,peripheral
altitude_avoid,14.5,1,117.5,52.25,36.75,0.0,peripheral
altitude_avoid,14.5,2,132.5,60.0,36.75,0.0,relay_anchor
altitude_avoid,14.5,3,147.5,37.75,36.75,0.0,peripheral
altitude_avoid,14.5,4,147.5,82.25,36.75,0.0,peripheral
altitude_avoid,14.75,0,118.75,67.625,37.125,0.0,peripheral
altitude_avoid,14.75,1,118.75,52.375,37.125,0.0,peripheral
altitude_avoid,14.75,2,133.75,60.0,37.125,0.0,relay_anchor
altitude_avoid,14.75,3,148.75,37.625,37.125,0.0,peripheral
altitude_avoid,14.75,4,148.75,82.375,37.125,0.0,peripheral
altitude_avoid,15.0,0,120.0,67.5,37.5,0.0,peripheral
altitude_avoid,15.0,1,120.0,52.5,37.5,0.0,peripheral
altitude_avoid,15.0,2,135.0,60.0,37.5,0.0,relay_anchor
altitude_avoid,15.0,3,150.0,37.5,37.5,0.0,peripheral
altitude_avoid,15.0,4,150.0,82.5,37.5,0.0,peripheral
altitude_avoid,15.25,0,121.25,67.375,37.875,0.0,peripheral
altitude_avoid,15.25,1,121.25,52.625,37.875,0.0,peripheral
altitude_avoid,15.25,2,136.25,60.0,37.875,0.0,relay_anchor
altitude_avoid,15.25,3,151.25,37.375,37.875,0.0,peripheral
altitude_avoid,15.25,4,151.25,82.625,37.875,0.0,peripheral
altitude_avoid,15.5,0,122.5,67.25,38.25,0.0,peripheral
altitude_avoid,15.5,1,122.5,52.75,38.25,0.0,peripheral
altitude_avoid,15.5,2,137.5,60.0,38.25,0.0,relay_anchor
altitude_avoid,15.5,3,152.5,37.25,38.25,0.0,peripheral
altitude_avoid,15.5,4,152.5,82.75,38.25,0.0,peripheral
altitude_avoid,15.75,0,123.75,67.125,38.625,0.0,peripheral
altitude_avoid,15.75,1,123.75,52.875,38.625,0.0,peripheral
altitude_avoid,15.75,2,138.75,60.0,38.625,0.0,relay_anchor
altitude_avoid,15.75,3,153.75,37.125,38.625,0.0,peripheral
altitude_avoid,15.75,4,153.75,82.875,38.625,0.0,peripheral
altitude_avoid,16.0,0,125.0,67.0,39.0,0.0,peripheral
altitude_avoid,16.0,1,125.0,53.0,39.0,0.0,peripheral
altitude_avoid,16.0,2,140.0,60.0,39.0,0.0,relay_anchor
altitude_avoid,16.0,3,155.0,37.0,39.0,0.0,peripheral
altitude_avoid,16.0,4,155.0,83.0,39.0,0.0,peripheral
altitude_avoid,16.25,0,126.25,66.875,39.375,0.0,peripheral
altitude_avoid,16.25,1,126.25,53.125,39.375,0.0,peripheral
altitude_avoid,16.25,2,141.25,60.0,39.375,0.0,relay_anchor
altitude_avoid,16.25,3,156.25,36.875,39.375,0.0,peripheral
altitude_avoid,16.25,4,156.25,83.125,39.375,0.0,peripheral
altitude_avoid,16.5,0,127.5,66.75,39.75,0.0,peripheral
altitude_avoid,16.5,1,127.5,53.25,39.75,0.0,peripheral
altitude_avoid,16.5,2,142.5,60.0,39.75,0.0,relay_anchor
altitude_avoid,16.5,3,157.5,36.75,39.75,0.0,peripheral
altitude_avoid,16.5,4,157.5,83.25,39.75,0.0,peripheral
altitude_avoid,16.75,0,128.75,66.625,40.125,0.0,peripheral
altitude_avoid,16.75,1,128.75,53.375,40.125,0.0,peripheral
altitude_avoid,16.75,2,143.75,60.0,40.125,0.0,relay_anchor
altitude_avoid,16.75,3,158.75,36.625,40.125,0.0,peripheral
altitude_avoid,16.75,4,158.75,83.375,40.125,0.0,peripheral
altitude_avoid,17.0,0,130.0,66.5,40.5,0.0,peripheral
altitude_avoid,17.0,1,130.0,53.5,40.5,0.0,peripheral
altitude_avoid,17.0,2,145.0,60.0,40.5,0.0,relay_anchor
altitude_avoid,17.0,3,160.0,36.5,40.5,0.0,peripheral
altitude_avoid,17.0,4,160.0,83.5,40.5,0.0,peripheral
altitude_avoid,17.25,0,131.25,66.375,40.875,0.0,peripheral
altitude_avoid,17.25,1,131.25,53.625,40.875,0.0,peripheral
altitude_avoid,17.25,2,146.25,60.0,40.875,0.0,relay_anchor
altitude_avoid,17.25,3,161.25,36.375,40.875,0.0,peripheral
altitude_avoid,17.25,4,161.25,83.625,40.875,0.0,peripheral
altitude_avoid,17.5,0,132.5,66.25,41.25,0.0,peripheral
altitude_avoid,17.5,1,132.5,53.75,41.25,0.0,peripheral
altitude_avoid,17.5,2,147.5,60.0,41.25,0.0,relay_anchor
altitude_avoid,17.5,3,162.5,36.25,41.25,0.0,peripheral
altitude_avoid,17.5,4,162.5,83.75,41.25,0.0,peripheral
altitude_avoid,17.75,0,133.75,66.125,41.625,0.0,peripheral
altitude_avoid,17.75,1,133.75,53.875,41.625,0.0,peripheral
altitude_avoid,17.75,2,148.75,60.0,41.625,0.0,relay_anchor
altitude_avoid,17.75,3,163.75,36.125,41.625,0.0,peripheral
altitude_avoid,17.75,4,163.75,83.875,41.625,0.0,peripheral
altitude_avoid,18.0,0,135.0,66.0,42.0,0.0,peripheral
altitude_avoid,18.0,1,135.0,54.0,42.0,0.0,peripheral
altitude_avoid,18.0,2,150.0,60.0,42.0,0.0,relay_anchor
altitude_avoid,18.0,3,165.0,36.0,42.0,0.0,peripheral
altitude_avoid,18.0,4,165.0,84.0,42.0,0.0,peripheral
altitude_avoid,18.25,0,136.25,65.875,42.375,0.0,peripheral
altitude_avoid,18.25,1,136.25,54.125,42.375,0.0,peripheral
altitude_avoid,18.25,2,151.25,60.0,42.375,0.0,relay_anchor
altitude_avoid,18.25,3,166.25,35.875,42.375,0.0,peripheral
altitude_avoid,18.25,4,166.25,84.125,42.375,0.0,peripheral
altitude_avoid,18.5,0,137.5,65.75,42.75,0.0,peripheral
altitude_avoid,18.5,1,137.5,54.25,42.75,0.0,peripheral
altitude_avoid,18.5,2,152.5,60.0,42.75,0.0,relay_anchor
altitude_avoid,18.5,3,167.5,35.75,42.75,0.0,peripheral
altitude_avoid,18.5,4,167.5,84.25,42.75,0.0,peripheral
altitude_avoid,18.75,0,138.75,65.625,43.125,0.0,peripheral
altitude_avoid,18.75,1,138.75,54.375,43.125,0.0,peripheral
altitude_avoid,18.75,2,153.75,60.0,43.125,0.0,relay_anchor
altitude_avoid,18.75,3,168.75,35.625,43.125,0.0,peripheral
altitude_avoid,18.75,4,168.75,84.375,43.125,0.0,peripheral
altitude_avoid,19.0,0,140.0,65.5,43.5,0.0,peripheral
altitude_avoid,19.0,1,140.0,54.5,43.5,0.0,peripheral
altitude_avoid,19.0,2,155.0,60.0,43.5,0.0,relay_anchor
altitude_avoid,19.0,3,170.0,35.5,43.5,0.0,peripheral
altitude_avoid,19.0,4,170.0,84.5,43.5,0.0,peripheral
altitude_avoid,19.25,0,141.25,65.375,43.875,0.0,peripheral
altitude_avoid,19.25,1,141.25,54.625,43.875,0.0,peripheral
altitude_avoid,19.25,2,156.25,60.0,43.875,0.0,relay_anchor
altitude_avoid,19.25,3,171.25,35.375,43.875,0.0,peripheral
altitude_avoid,19.25,4,171.25,84.625,43.875,0.0,peripheral
altitude_avoid,19.5,0,142.5,65.25,44.25,0.0,peripheral
altitude_avoid,19.5,1,142.5,54.75,44.25,0.0,peripheral
altitude_avoid,19.5,2,157.5,60.0,44.25,0.0,relay_anchor
altitude_avoid,19.5,3,172.5,35.25,44.25,0.0,peripheral
altitude_avoid,19.5,4,172.5,84.75,44.25,0.0,peripheral
altitude_avoid,19.75,0,143.75,65.125,44.625,0.0,peripheral
altitude_avoid,19.75,1,143.75,54.875,44.625,0.0,peripheral
altitude_avoid,19.75,2,158.75,60.0,44.625,0.0,relay_anchor
altitude_avoid,19.75,3,173.75,35.125,44.625,0.0,peripheral
altitude_avoid,19.75,4,173.75,84.875,44.625,0.0,peripheral
altitude_avoid,20.0,0,145.0,65.0,45.0,0.0,peripheral
altitude_avoid,20.0,1,145.0,55.0,45.0,0.0,peripheral
altitude_avoid,20.0,2,160.0,60.0,45.0,0.0,relay_anchor
altitude_avoid,20.0,3,175.0,35.0,45.0,0.0,peripheral
altitude_avoid,20.0,4,175.0,85.0,45.0,0.0,peripheral
altitude_avoid,20.0,0,146.25,64.875,45.375,0.0,peripheral
altitude_avoid,20.0,1,146.25,55.125,45.375,0.0,peripheral
altitude_avoid,20.0,2,161.25,60.0,45.375,0.0,relay_anchor
altitude_avoid,20.0,3,176.25,34.875,45.375,0.0,peripheral
altitude_avoid,20.0,4,176.25,85.125,45.375,0.0,peripheral
altitude_avoid,20.25,0,147.5,64.75,45.375,0.0,peripheral
altitude_avoid,20.25,1,147.5,55.25,45.375,0.0,peripheral
altitude_avoid,20.25,2,162.5,60.0,45.375,0.0,relay_anchor
altitude_avoid,20.25,3,177.5,34.75,45.375,0.0,peripheral
altitude_avoid,20.25,4,177.5,85.25,45.375,0.0,peripheral
altitude_avoid,20.5,0,148.75,64.625,45.375,0.0,peripheral
altitude_avoid,20.5,1,148.75,55.375,45.375,0.0,peripheral
altitude_avoid,20.5,2,163.75,60.0,45.375,0.0,relay_anchor
altitude_avoid,20.5,3,178.75,34.625,45.375,0.0,peripheral
altitude_avoid,20.5,4,178.75,85.375,45.375,0.0,peripheral
altitude_avoid,20.75,0,150.0,64.5,45.375,0.0,peripheral
altitude_avoid,20.75,1,150.0,55.5,45.375,0.0,peripheral
altitude_avoid,20.75,2,165.0,60.0,45.375,0.0,relay_anchor
altitude_avoid,20.75,3,180.0,34.5,45.375,0.0,peripheral
altitude_avoid,20.75,4,180.0,85.5,45.375,0.0,peripheral
altitude_avoid,21.0,0,151.25,64.375,45.375,0.0,peripheral
altitude_avoid,21.0,1,151.25,55.625,45.375,0.0,peripheral
altitude_avoid,21.0,2,166.25,60.0,45.375,0.0,relay_anchor
altitude_avoid,21.0,3,181.25,34.375,45.375,0.0,peripheral
altitude_avoid,21.0,4,181.25,85.625,45.375,0.0,peripheral
altitude_avoid,21.25,0,152.5,64.25,45.375,0.0,peripheral
altitude_avoid,21.25,1,152.5,55.75,45.375,0.0,peripheral
altitude_avoid,21.25,2,167.5,60.0,45.375,0.0,relay_anchor
altitude_avoid,21.25,3,182.5,34.25,45.375,0.0,peripheral
altitude_avoid,21.25,4,182.5,85.75,45.375,0.0,peripheral
altitude_avoid,21.5,0,153.75,64.125,45.375,0.0,peripheral
altitude_avoid,21.5,1,153.75,55.875,45.375,0.0,peripheral
altitude_avoid,21.5,2,168.75,60.0,45.375,0.0,relay_anchor
altitude_avoid,21.5,3,183.75,34.125,45.375,0.0,peripheral
altitude_avoid,21.5,4,183.75,85.875,45.375,0.0,peripheral
altitude_avoid,21.75,0,155.0,64.0,45.375,0.0,peripheral
altitude_avoid,21.75,1,155.0,56.0,45.375,0.0,peripheral
altitude_avoid,21.75,2,170.0,60.0,45.375,0.0,relay_anchor
altitude_avoid,21.75,3,185.0,34.0,45.375,0.0,peripheral
altitude_avoid,21.75,4,185.0,86.0,45.375,0.0,peripheral
altitude_avoid,22.0,0,156.25,63.875,45.375,0.0,peripheral
altitude_avoid,22.0,1,156.25,56.125,45.375,0.0,peripheral
altitude_avoid,22.0,2,171.25,60.0,45.375,0.0,relay_anchor
altitude_avoid,22.0,3,186.25,33.875,45.375,0.0,peripheral
altitude_avoid,22.0,4,186.25,86.125,45.375,0.0,peripheral
altitude_avoid,22.25,0,157.5,63.75,45.375,0.0,peripheral
altitude_avoid,22.25,1,157.5,56.25,45.375,0.0,peripheral
altitude_avoid,22.25,2,172.5,60.0,45.375,0.0,relay_anchor
altitude_avoid,22.25,3,187.5,33.75,45.375,0.0,peripheral
altitude_avoid,22.25,4,187.5,86.25,45.375,0.0,peripheral
altitude_avoid,22.5,0,158.75,63.625,45.375,0.0,peripheral
altitude_avoid,22.5,1,158.75,56.375,45.375,0.0,peripheral
altitude_avoid,22.5,2,173.75,60.0,45.375,0.0,relay_anchor
altitude_avoid,22.5,3,188.75,33.625,45.375,0.0,peripheral
altitude_avoid,22.5,4,188.75,86.375,45.375,0.0,peripheral
altitude_avoid,22.75,0,160.0,63.5,45.375,0.0,peripheral
altitude_avoid,22.75,1,160.0,56.5,45.375,0.0,peripheral
altitude_avoid,22.75,2,175.0,60.0,45.375,0.0,relay_anchor
altitude_avoid,22.75,3,190.0,33.5,45.375,0.0,peripheral
altitude_avoid,22.75,4,190.0,86.5,45.375,0.0,peripheral
altitude_avoid,23.0,0,161.25,63.375,45.375,0.0,peripheral
altitude_avoid,23.0,1,161.25,56.625,45.375,0.0,peripheral
altitude_avoid,23.0,2,176.25,60.0,45.375,0.0,relay_anchor
altitude_avoid,23.0,3,191.25,33.375,45.375,0.0,peripheral
altitude_avoid,23.0,4,191.25,86.625,45.375,0.0,peripheral
altitude_avoid,23.25,0,162.5,63.25,45.375,0.0,peripheral
altitude_avoid,23.25,1,162.5,56.75,45.375,0.0,peripheral
altitude_avoid,23.25,2,177.5,60.0,45.375,0.0,relay_anchor
altitude_avoid,23.25,3,192.5,33.25,45.375,0.0,peripheral
altitude_avoid,23.25,4,192.5,86.75,45.375,0.0,peripheral
altitude_avoid,23.5,0,163.75,63.125,45.375,0.0,peripheral
altitude_avoid,23.5,1,163.75,56.875,45.375,0.0,peripheral
altitude_avoid,23.5,2,178.75,60.0,45.375,0.0,relay_anchor
altitude_avoid,23.5,3,193.75,33.125,45.375,0.0,peripheral
altitude_avoid,23.5,4,193.75,86.875,45.375,0.0,peripheral
altitude_avoid,23.75,0,165.0,63.0,45.375,0.0,peripheral
altitude_avoid,23.75,1,165.0,57.0,45.375,0.0,peripheral
altitude_avoid,23.75,2,180.0,60.0,45.375,0.0,relay_anchor
altitude_avoid,23.75,3,195.0,33.0,45.375,0.0,peripheral
altitude_avoid,23.75,4,195.0,87.0,45.375,0.0,peripheral
altitude_avoid,24.0,0,166.25,62.875,45.375,0.0,peripheral
altitude_avoid,24.0,1,166.25,57.125,45.375,0.0,peripheral
altitude_avoid,24.0,2,181.25,60.0,45.375,0.0,relay_anchor
altitude_avoid,24.0,3,196.25,32.875,45.375,0.0,peripheral
altitude_avoid,24.0,4,196.25,87.125,45.375,0.0,peripheral
altitude_avoid,24.25,0,167.5,62.75,45.375,0.0,peripheral
altitude_avoid,24.25,1,167.5,57.25,45.375,0.0,peripheral
altitude_avoid,24.25,2,182.5,60.0,45.375,0.0,relay_anchor
altitude_avoid,24.25,3,197.5,32.75,45.375,0.0,peripheral
altitude_avoid,24.25,4,197.5,87.25,45.375,0.0,peripheral
altitude_avoid,24.5,0,168.75,62.625,45.375,0.0,peripheral
altitude_avoid,24.5,1,168.75,57.375,45.375,0.0,peripheral
altitude_avoid,24.5,2,183.75,60.0,45.375,0.0,relay_anchor
altitude_avoid,24.5,3,198.75,32.625,45.375,0.0,peripheral
altitude_avoid,24.5,4,198.75,87.375,45.375,0.0,peripheral
altitude_avoid,24.75,0,170.0,62.5,45.375,0.0,peripheral
altitude_avoid,24.75,1,170.0,57.5,45.375,0.0,peripheral
altitude_avoid,24.75,2,185.0,60.0,45.375,0.0,relay_anchor
altitude_avoid,24.75,3,200.0,32.5,45.375,0.0,peripheral
altitude_avoid,24.75,4,200.0,87.5,45.375,0.0,peripheral
altitude_avoid,25.0,0,171.25,62.375,45.375,0.0,peripheral
altitude_avoid,25.0,1,171.25,57.625,45.375,0.0,peripheral
altitude_avoid,25.0,2,186.25,60.0,45.375,0.0,relay_anchor
altitude_avoid,25.0,3,201.25,32.375,45.375,0.0,peripheral
altitude_avoid,25.0,4,201.25,87.625,45.375,0.0,peripheral
altitude_avoid,25.25,0,172.5,62.25,45.375,0.0,peripheral
altitude_avoid,25.25,1,172.5,57.75,45.375,0.0,peripheral
altitude_avoid,25.25,2,187.5,60.0,45.375,0.0,relay_anchor
altitude_avoid,25.25,3,202.5,32.25,45.375,0.0,peripheral
altitude_avoid,25.25,4,202.5,87.75,45.375,0.0,peripheral
altitude_avoid,25.5,0,173.75,62.125,45.375,0.0,peripheral
altitude_avoid,25.5,1,173.75,57.875,45.375,0.0,peripheral
altitude_avoid,25.5,2,188.75,60.0,45.375,0.0,relay_anchor
altitude_avoid,25.5,3,203.75,32.125,45.375,0.0,peripheral
altitude_avoid,25.5,4,203.75,87.875,45.375,0.0,peripheral
altitude_avoid,25.75,0,175.0,62.0,45.375,0.0,peripheral
altitude_avoid,25.75,1,175.0,58.0,45.375,0.0,peripheral
altitude_avoid,25.75,2,190.0,60.0,45.375,0.0,relay_anchor
altitude_avoid,25.75,3,205.0,32.0,45.375,0.0,peripheral
altitude_avoid,25.75,4,205.0,88.0,45.375,0.0,peripheral
altitude_avoid,26.0,0,176.25,61.875,45.375,0.0,peripheral
altitude_avoid,26.0,1,176.25,58.125,45.375,0.0,peripheral
altitude_avoid,26.0,2,191.25,60.0,45.375,0.0,relay_anchor
altitude_avoid,26.0,3,206.25,31.875,45.375,0.0,peripheral
altitude_avoid,26.0,4,206.25,88.125,45.375,0.0,peripheral
altitude_avoid,26.25,0,177.5,61.75,45.375,0.0,peripheral
altitude_avoid,26.25,1,177.5,58.25,45.375,0.0,peripheral
altitude_avoid,26.25,2,192.5,60.0,45.375,0.0,relay_anchor
altitude_avoid,26.25,3,207.5,31.75,45.375,0.0,peripheral
altitude_avoid,26.25,4,207.5,88.25,45.375,0.0,peripheral
altitude_avoid,26.5,0,178.75,61.625,45.375,0.0,peripheral
altitude_avoid,26.5,1,178.75,58.375,45.375,0.0,peripheral
altitude_avoid,26.5,2,193.75,60.0,45.375,0.0,relay_anchor
altitude_avoid,26.5,3,208.75,31.625,45.375,0.0,peripheral
altitude_avoid,26.5,4,208.75,88.375,45.375,0.0,peripheral
altitude_avoid,26.75,0,180.0,61.5,45.375,0.0,peripheral
altitude_avoid,26.75,1,180.0,58.5,45.375,0.0,peripheral
altitude_avoid,26.75,2,195.0,60.0,45.375,0.0,relay_anchor
altitude_avoid,26.75,3,210.0,31.5,45.375,0.0,peripheral
altitude_avoid,26.75,4,210.0,88.5,45.375,0.0,peripheral
altitude_avoid,27.0,0,181.25,61.375,45.375,0.0,peripheral
altitude_avoid,27.0,1,181.25,58.625,45.375,0.0,peripheral
altitude_avoid,27.0,2,196.25,60.0,45.375,0.0,relay_anchor
altitude_avoid,27.0,3,211.25,31.375,45.375,0.0,peripheral
altitude_avoid,27.0,4,211.25,88.625,45.375,0.0,peripheral
altitude_avoid,27.25,0,182.5,61.25,45.375,0.0,peripheral
altitude_avoid,27.25,1,182.5,58.75,45.375,0.0,peripheral
altitude_avoid,27.25,2,197.5,60.0,45.375,0.0,relay_anchor
altitude_avoid,27.25,3,212.5,31.25,45.375,0.0,peripheral
altitude_avoid,27.25,4,212.5,88.75,45.375,0.0,peripheral
altitude_avoid,27.5,0,183.75,61.125,45.375,0.0,peripheral
altitude_avoid,27.5,1,183.75,58.875,45.375,0.0,peripheral
altitude_avoid,27.5,2,198.75,60.0,45.375,0.0,relay_anchor
altitude_avoid,27.5,3,213.75,31.125,45.375,0.0,peripheral
altitude_avoid,27.5,4,213.75,88.875,45.375,0.0,peripheral
altitude_avoid,27.75,0,185.0,61.0,45.375,0.0,peripheral
altitude_avoid,27.75,1,185.0,59.0,45.375,0.0,peripheral
altitude_avoid,27.75,2,200.0,60.0,45.375,0.0,relay_anchor
altitude_avoid,27.75,3,215.0,31.0,45.375,0.0,peripheral
altitude_avoid,27.75,4,215.0,89.0,45.375,0.0,peripheral
altitude_avoid,28.0,0,186.25,60.875,45.375,0.0,peripheral
altitude_avoid,28.0,1,186.25,59.125,45.375,0.0,peripheral
altitude_avoid,28.0,2,201.25,60.0,45.375,0.0,relay_anchor
altitude_avoid,28.0,3,216.25,30.875,45.375,0.0,peripheral
altitude_avoid,28.0,4,216.25,89.125,45.375,0.0,peripheral
altitude_avoid,28.25,0,187.5,60.75,45.375,0.0,peripheral
altitude_avoid,28.25,1,187.5,59.25,45.375,0.0,peripheral
altitude_avoid,28.25,2,202.5,60.0,45.375,0.0,relay_anchor
altitude_avoid,28.25,3,217.5,30.75,45.375,0.0,peripheral
altitude_avoid,28.25,4,217.5,89.25,45.375,0.0,peripheral
altitude_avoid,28.5,0,188.75,60.625,45.375,0.0,peripheral
altitude_avoid,28.5,1,188.75,59.375,45.375,0.0,peripheral
altitude_avoid,28.5,2,203.75,60.0,45.375,0.0,relay_anchor
altitude_avoid,28.5,3,218.75,30.625,45.375,0.0,peripheral
altitude_avoid,28.5,4,218.75,89.375,45.375,0.0,peripheral
altitude_avoid,28.75,0,190.0,60.5,45.375,0.0,peripheral
altitude_avoid,28.75,1,190.0,59.5,45.375,0.0,peripheral
altitude_avoid,28.75,2,205.0,60.0,45.375,0.0,relay_anchor
altitude_avoid,28.75,3,220.0,30.5,45.375,0.0,peripheral
altitude_avoid,28.75,4,220.0,89.5,45.375,0.0,peripheral
altitude_avoid,29.0,0,191.25,60.375,45.375,0.0,peripheral
altitude_avoid,29.0,1,191.25,59.625,45.375,0.0,peripheral
altitude_avoid,29.0,2,206.25,60.0,45.375,0.0,relay_anchor
altitude_avoid,29.0,3,221.25,30.375,45.375,0.0,peripheral
altitude_avoid,29.0,4,221.25,89.625,45.375,0.0,peripheral
altitude_avoid,29.25,0,192.5,60.25,45.375,0.0,peripheral
altitude_avoid,29.25,1,192.5,59.75,45.375,0.0,peripheral
altitude_avoid,29.25,2,207.5,60.0,45.375,0.0,relay_anchor
altitude_avoid,29.25,3,222.5,30.25,45.375,0.0,peripheral
altitude_avoid,29.25,4,222.5,89.75,45.375,0.0,peripheral
altitude_avoid,29.5,0,193.75,60.125,45.375,0.0,peripheral
altitude_avoid,29.5,1,193.75,59.875,45.375,0.0,peripheral
altitude_avoid,29.5,2,208.75,60.0,45.375,0.0,relay_anchor
altitude_avoid,29.5,3,223.75,30.125,45.375,0.0,peripheral
altitude_avoid,29.5,4,223.75,89.875,45.375,0.0,peripheral
altitude_avoid,29.75,0,195.0,60.0,45.375,0.0,peripheral
altitude_avoid,29.75,1,195.0,60.0,45.375,0.0,peripheral
altitude_avoid,29.75,2,210.0,60.0,45.375,0.0,relay_anchor
altitude_avoid,29.75,3,225.0,30.0,45.375,0.0,peripheral
altitude_avoid,29.75,4,225.0,90.0,45.375,0.0,peripheral
altitude_avoid,30.0,0,196.25,59.875,45.375,0.0,peripheral
altitude_avoid,30.0,1,196.25,60.125,45.375,0.0,peripheral
altitude_avoid,30.0,2,211.25,60.0,45.375,0.0,relay_anchor
altitude_avoid,30.0,3,226.25,29.875,45.375,0.0,peripheral
altitude_avoid,30.0,4,226.25,90.125,45.375,0.0,peripheral
altitude_avoid,30.25,0,197.5,59.75,45.375,0.0,peripheral
altitude_avoid,30.25,1,197.5,60.25,45.375,0.0,peripheral
altitude_avoid,30.25,2,212.5,60.0,45.375,0.0,relay_anchor
altitude_avoid,30.25,3,227.5,29.75,45.375,0.0,peripheral
altitude_avoid,30.25,4,227.5,90.25,45.375,0.0,peripheral
altitude_avoid,30.5,0,198.75,59.625,45.375,0.0,peripheral
altitude_avoid,30.5,1,198.75,60.375,45.375,0.0,peripheral
altitude_avoid,30.5,2,213.75,60.0,45.375,0.0,relay_anchor
altitude_avoid,30.5,3,228.75,29.625,45.375,0.0,peripheral
altitude_avoid,30.5,4,228.75,90.375,45.375,0.0,peripheral
altitude_avoid,30.75,0,200.0,59.5,45.375,0.0,peripheral
altitude_avoid,30.75,1,200.0,60.5,45.375,0.0,peripheral
altitude_avoid,30.75,2,215.0,60.0,45.375,0.0,relay_anchor
altitude_avoid,30.75,3,230.0,29.5,45.375,0.0,peripheral
altitude_avoid,30.75,4,230.0,90.5,45.375,0.0,peripheral
altitude_avoid,31.0,0,201.25,59.375,45.375,0.0,peripheral
altitude_avoid,31.0,1,201.25,60.625,45.375,0.0,peripheral
altitude_avoid,31.0,2,216.25,60.0,45.375,0.0,relay_anchor
altitude_avoid,31.0,3,231.25,29.375,45.375,0.0,peripheral
altitude_avoid,31.0,4,231.25,90.625,45.375,0.0,peripheral
altitude_avoid,31.25,0,202.5,59.25,45.375,0.0,peripheral
altitude_avoid,31.25,1,202.5,60.75,45.375,0.0,peripheral
altitude_avoid,31.25,2,217.5,60.0,45.375,0.0,relay_anchor
altitude_avoid,31.25,3,232.5,29.25,45.375,0.0,peripheral
altitude_avoid,31.25,4,232.5,90.75,45.375,0.0,peripheral
altitude_avoid,31.5,0,203.75,59.125,45.375,0.0,peripheral
altitude_avoid,31.5,1,203.75,60.875,45.375,0.0,peripheral
altitude_avoid,31.5,2,218.75,60.0,45.375,0.0,relay_anchor
altitude_avoid,31.5,3,233.75,29.125,45.375,0.0,peripheral
altitude_avoid,31.5,4,233.75,90.875,45.375,0.0,peripheral
altitude_avoid,31.75,0,205.0,59.0,45.375,0.0,peripheral
altitude_avoid,31.75,1,205.0,61.0,45.375,0.0,peripheral
altitude_avoid,31.75,2,220.0,60.0,45.375,0.0,relay_anchor
altitude_avoid,31.75,3,235.0,29.0,45.375,0.0,peripheral
altitude_avoid,31.75,4,235.0,91.0,45.375,0.0,peripheral
altitude_avoid,32.0,0,206.25,58.875,45.375,0.0,peripheral
altitude_avoid,32.0,1,206.25,61.125,45.375,0.0,peripheral
altitude_avoid,32.0,2,221.25,60.0,45.375,0.0,relay_anchor
altitude_avoid,32.0,3,236.25,28.875,45.375,0.0,peripheral
altitude_avoid,32.0,4,236.25,91.125,45.375,0.0,peripheral
altitude_avoid,32.25,0,207.5,58.75,45.375,0.0,peripheral
altitude_avoid,32.25,1,207.5,61.25,45.375,0.0,peripheral
altitude_avoid,32.25,2,222.5,60.0,45.375,0.0,relay_anchor
altitude_avoid,32.25,3,237.5,28.75,45.375,0.0,peripheral
altitude_avoid,32.25,4,237.5,91.25,45.375,0.0,peripheral
altitude_avoid,32.5,0,208.75,58.625,45.375,0.0,peripheral
altitude_avoid,32.5,1,208.75,61.375,45.375,0.0,peripheral
altitude_avoid,32.5,2,223.75,60.0,45.375,0.0,relay_anchor
altitude_avoid,32.5,3,238.75,28.625,45.375,0.0,peripheral
altitude_avoid,32.5,4,238.75,91.375,45.375,0.0,peripheral
altitude_avoid,32.75,0,210.0,58.5,45.375,0.0,peripheral
altitude_avoid,32.75,1,210.0,61.5,45.375,0.0,peripheral
altitude_avoid,32.75,2,225.0,60.0,45.375,0.0,relay_anchor
altitude_avoid,32.75,3,240.0,28.5,45.375,0.0,peripheral
altitude_avoid,32.75,4,240.0,91.5,45.375,0.0,peripheral
altitude_avoid,33.0,0,211.25,58.375,45.375,0.0,peripheral
altitude_avoid,33.0,1,211.25,61.625,45.375,0.0,peripheral
altitude_avoid,33.0,2,226.25,60.0,45.375,0.0,relay_anchor
altitude_avoid,33.0,3,241.25,28.375,45.375,0.0,peripheral
altitude_avoid,33.0,4,241.25,91.625,45.375,0.0,peripheral
altitude_avoid,33.25,0,212.5,58.25,45.375,0.0,peripheral
altitude_avoid,33.25,1,212.5,61.75,45.375,0.0,peripheral
altitude_avoid,33.25,2,227.5,60.0,45.375,0.0,relay_anchor
altitude_avoid,33.25,3,242.5,28.25,45.375,0.0,peripheral
altitude_avoid,33.25,4,242.5,91.75,45.375,0.0,peripheral
altitude_avoid,33.5,0,213.75,58.125,45.375,0.0,peripheral
altitude_avoid,33.5,1,213.75,61.875,45.375,0.0,peripheral
altitude_avoid,33.5,2,228.75,60.0,45.375,0.0,relay_anchor
altitude_avoid,33.5,3,243.75,28.125,45.375,0.0,peripheral
altitude_avoid,33.5,4,243.75,91.875,45.375,0.0,peripheral
altitude_avoid,33.75,0,215.0,58.0,45.375,0.0,peripheral
altitude_avoid,33.75,1,215.0,62.0,45.375,0.0,peripheral
altitude_avoid,33.75,2,230.0,60.0,45.375,0.0,relay_anchor
altitude_avoid,33.75,3,245.0,28.0,45.375,0.0,peripheral
altitude_avoid,33.75,4,245.0,92.0,45.375,0.0,peripheral
altitude_avoid,34.0,0,216.25,57.875,45.375,0.0,peripheral
altitude_avoid,34.0,1,216.25,62.125,45.375,0.0,peripheral
altitude_avoid,34.0,2,231.25,60.0,45.375,0.0,relay_anchor
altitude_avoid,34.0,3,246.25,27.875,45.375,0.0,peripheral
altitude_avoid,34.0,4,246.25,92.125,45.375,0.0,peripheral
altitude_avoid,34.25,0,217.5,57.75,45.375,0.0,peripheral
altitude_avoid,34.25,1,217.5,62.25,45.375,0.0,peripheral
altitude_avoid,34.25,2,232.5,60.0,45.375,0.0,relay_anchor
altitude_avoid,34.25,3,247.5,27.75,45.375,0.0,peripheral
altitude_avoid,34.25,4,247.5,92.25,45.375,0.0,peripheral
altitude_avoid,34.5,0,218.75,57.625,45.375,0.0,peripheral
altitude_avoid,34.5,1,218.75,62.375,45.375,0.0,peripheral
altitude_avoid,34.5,2,233.75,60.0,45.375,0.0,relay_anchor
altitude_avoid,34.5,3,248.75,27.625,45.375,0.0,peripheral
altitude_avoid,34.5,4,248.75,92.375,45.375,0.0,peripheral
altitude_avoid,34.75,0,220.0,57.5,45.375,0.0,peripheral
altitude_avoid,34.75,1,220.0,62.5,45.375,0.0,peripheral
altitude_avoid,34.75,2,235.0,60.0,45.375,0.0,relay_anchor
altitude_avoid,34.75,3,250.0,27.5,45.375,0.0,peripheral
altitude_avoid,34.75,4,250.0,92.5,45.375,0.0,peripheral
altitude_avoid,35.0,0,221.25,57.375,45.375,0.0,peripheral
altitude_avoid,35.0,1,221.25,62.625,45.375,0.0,peripheral
altitude_avoid,35.0,2,236.25,60.0,45.375,0.0,relay_anchor
altitude_avoid,35.0,3,251.25,27.375,45.375,0.0,peripheral
altitude_avoid,35.0,4,251.25,92.625,45.375,0.0,peripheral
altitude_avoid,35.25,0,222.5,57.25,45.375,0.0,peripheral
altitude_avoid,35.25,1,222.5,62.75,45.375,0.0,peripheral
altitude_avoid,35.25,2,237.5,60.0,45.375,0.0,relay_anchor
altitude_avoid,35.25,3,252.5,27.25,45.375,0.0,peripheral
altitude_avoid,35.25,4,252.5,92.75,45.375,0.0,peripheral
altitude_avoid,35.5,0,223.75,57.125,45.375,0.0,peripheral
altitude_avoid,35.5,1,223.75,62.875,45.375,0.0,peripheral
altitude_avoid,35.5,2,238.75,60.0,45.375,0.0,relay_anchor
altitude_avoid,35.5,3,253.75,27.125,45.375,0.0,peripheral
altitude_avoid,35.5,4,253.75,92.875,45.375,0.0,peripheral
altitude_avoid,35.75,0,225.0,57.0,45.375,0.0,peripheral
altitude_avoid,35.75,1,225.0,63.0,45.375,0.0,peripheral
altitude_avoid,35.75,2,240.0,60.0,45.375,0.0,relay_anchor
altitude_avoid,35.75,3,255.0,27.0,45.375,0.0,peripheral
altitude_avoid,35.75,4,255.0,93.0,45.375,0.0,peripheral
altitude_avoid,36.0,0,226.25,56.875,45.375,0.0,peripheral
altitude_avoid,36.0,1,226.25,63.125,45.375,0.0,peripheral
altitude_avoid,36.0,2,241.25,60.0,45.375,0.0,relay_anchor
altitude_avoid,36.0,3,256.25,26.875,45.375,0.0,peripheral
altitude_avoid,36.0,4,256.25,93.125,45.375,0.0,peripheral
altitude_avoid,36.25,0,227.5,56.75,45.375,0.0,peripheral
altitude_avoid,36.25,1,227.5,63.25,45.375,0.0,peripheral
altitude_avoid,36.25,2,242.5,60.0,45.375,0.0,relay_anchor
altitude_avoid,36.25,3,257.5,26.75,45.375,0.0,peripheral
altitude_avoid,36.25,4,257.5,93.25,45.375,0.0,peripheral
altitude_avoid,36.5,0,228.75,56.625,45.375,0.0,peripheral
altitude_avoid,36.5,1,228.75,63.375,45.375,0.0,peripheral
altitude_avoid,36.5,2,243.75,60.0,45.375,0.0,relay_anchor
altitude_avoid,36.5,3,258.75,26.625,45.375,0.0,peripheral
altitude_avoid,36.5,4,258.75,93.375,45.375,0.0,peripheral
altitude_avoid,36.75,0,230.0,56.5,45.375,0.0,peripheral
altitude_avoid,36.75,1,230.0,63.5,45.375,0.0,peripheral
altitude_avoid,36.75,2,245.0,60.0,45.375,0.0,relay_anchor
altitude_avoid,36.75,3,260.0,26.5,45.375,0.0,peripheral
altitude_avoid,36.75,4,260.0,93.5,45.375,0.0,peripheral
altitude_avoid,37.0,0,231.25,56.375,45.375,0.0,peripheral
altitude_avoid,37.0,1,231.25,63.625,45.375,0.0,peripheral
altitude_avoid,37.0,2,246.25,60.0,45.375,0.0,relay_anchor
altitude_avoid,37.0,3,261.25,26.375,45.375,0.0,peripheral
altitude_avoid,37.0,4,261.25,93.625,45.375,0.0,peripheral
altitude_avoid,37.25,0,232.5,56.25,45.375,0.0,peripheral
altitude_avoid,37.25,1,232.5,63.75,45.375,0.0,peripheral
altitude_avoid,37.25,2,247.5,60.0,45.375,0.0,relay_anchor
altitude_avoid,37.25,3,262.5,26.25,45.375,0.0,peripheral
altitude_avoid,37.25,4,262.5,93.75,45.375,0.0,peripheral
altitude_avoid,37.5,0,233.75,56.125,45.375,0.0,peripheral
altitude_avoid,37.5,1,233.75,63.875,45.375,0.0,peripheral
altitude_avoid,37.5,2,248.75,60.0,45.375,0.0,relay_anchor
altitude_avoid,37.5,3,263.75,26.125,45.375,0.0,peripheral
altitude_avoid,37.5,4,263.75,93.875,45.375,0.0,peripheral
altitude_avoid,37.75,0,235.0,56.0,45.375,0.0,peripheral
altitude_avoid,37.75,1,235.0,64.0,45.375,0.0,peripheral
altitude_avoid,37.75,2,250.0,60.0,45.375,0.0,relay_anchor
altitude_avoid,37.75,3,265.0,26.0,45.375,0.0,peripheral
altitude_avoid,37.75,4,265.0,94.0,45.375,0.0,peripheral
altitude_avoid,38.0,0,236.25,55.875,45.375,0.0,peripheral
altitude_avoid,38.0,1,236.25,64.125,45.375,0.0,peripheral
altitude_avoid,38.0,2,251.25,60.0,45.375,0.0,relay_anchor
altitude_avoid,38.0,3,266.25,25.875,45.375,0.0,peripheral
altitude_avoid,38.0,4,266.25,94.125,45.375,0.0,peripheral
altitude_avoid,38.25,0,237.5,55.75,45.375,0.0,peripheral
altitude_avoid,38.25,1,237.5,64.25,45.375,0.0,peripheral
altitude_avoid,38.25,2,252.5,60.0,45.375,0.0,relay_anchor
altitude_avoid,38.25,3,267.5,25.75,45.375,0.0,peripheral
altitude_avoid,38.25,4,267.5,94.25,45.375,0.0,peripheral
altitude_avoid,38.5,0,238.75,55.625,45.375,0.0,peripheral
altitude_avoid,38.5,1,238.75,64.375,45.375,0.0,peripheral
altitude_avoid,38.5,2,253.75,60.0,45.375,0.0,relay_anchor
altitude_avoid,38.5,3,268.75,25.625,45.375,0.0,peripheral
altitude_avoid,38.5,4,268.75,94.375,45.375,0.0,peripheral
altitude_avoid,38.75,0,240.0,55.5,45.375,0.0,peripheral
altitude_avoid,38.75,1,240.0,64.5,45.375,0.0,peripheral
altitude_avoid,38.75,2,255.0,60.0,45.375,0.0,relay_anchor
altitude_avoid,38.75,3,270.0,25.5,45.375,0.0,peripheral
altitude_avoid,38.75,4,270.0,94.5,45.375,0.0,peripheral
altitude_avoid,39.0,0,241.25,55.375,45.375,0.0,peripheral
altitude_avoid,39.0,1,241.25,64.625,45.375,0.0,peripheral
altitude_avoid,39.0,2,256.25,60.0,45.375,0.0,relay_anchor
altitude_avoid,39.0,3,271.25,25.375,45.375,0.0,peripheral
altitude_avoid,39.0,4,271.25,94.625,45.375,0.0,peripheral
altitude_avoid,39.25,0,242.5,55.25,45.375,0.0,peripheral
altitude_avoid,39.25,1,242.5,64.75,45.375,0.0,peripheral
altitude_avoid,39.25,2,257.5,60.0,45.375,0.0,relay_anchor
altitude_avoid,39.25,3,272.5,25.25,45.375,0.0,peripheral
altitude_avoid,39.25,4,272.5,94.75,45.375,0.0,peripheral
altitude_avoid,39.5,0,243.75,55.125,45.375,0.0,peripheral
altitude_avoid,39.5,1,243.75,64.875,45.375,0.0,peripheral
altitude_avoid,39.5,2,258.75,60.0,45.375,0.0,relay_anchor
altitude_avoid,39.5,3,273.75,25.125,45.375,0.0,peripheral
altitude_avoid,39.5,4,273.75,94.875,45.375,0.0,peripheral
altitude_avoid,39.75,0,245.0,55.0,45.375,0.0,peripheral
altitude_avoid,39.75,1,245.0,65.0,45.375,0.0,peripheral
altitude_avoid,39.75,2,260.0,60.0,45.375,0.0,relay_anchor
altitude_avoid,39.75,3,275.0,25.0,45.375,0.0,peripheral
altitude_avoid,39.75,4,275.0,95.0,45.375,0.0,peripheral
altitude_avoid,40.0,0,246.25,54.875,45.375,0.0,peripheral
altitude_avoid,40.0,1,246.25,65.125,45.375,0.0,peripheral
altitude_avoid,40.0,2,261.25,60.0,45.375,0.0,relay_anchor
altitude_avoid,40.0,3,276.25,24.875,45.375,0.0,peripheral
altitude_avoid,40.0,4,276.25,95.125,45.375,0.0,peripheral
altitude_avoid,40.25,0,247.5,54.75,45.375,0.0,peripheral
altitude_avoid,40.25,1,247.5,65.25,45.375,0.0,peripheral
altitude_avoid,40.25,2,262.5,60.0,45.375,0.0,relay_anchor
altitude_avoid,40.25,3,277.5,24.75,45.375,0.0,peripheral
altitude_avoid,40.25,4,277.5,95.25,45.375,0.0,peripheral
altitude_avoid,40.5,0,248.75,54.625,45.375,0.0,peripheral
altitude_avoid,40.5,1,248.75,65.375,45.375,0.0,peripheral
altitude_avoid,40.5,2,263.75,60.0,45.375,0.0,relay_anchor
altitude_avoid,40.5,3,278.75,24.625,45.375,0.0,peripheral
altitude_avoid,40.5,4,278.75,95.375,45.375,0.0,peripheral
altitude_avoid,40.75,0,250.0,54.5,45.375,0.0,peripheral
altitude_avoid,40.75,1,250.0,65.5,45.375,0.0,peripheral
altitude_avoid,40.75,2,265.0,60.0,45.375,0.0,relay_anchor
altitude_avoid,40.75,3,280.0,24.5,45.375,0.0,peripheral
altitude_avoid,40.75,4,280.0,95.5,45.375,0.0,peripheral
altitude_avoid,41.0,0,251.25,54.375,45.375,0.0,peripheral
altitude_avoid,41.0,1,251.25,65.625,45.375,0.0,peripheral
altitude_avoid,41.0,2,266.25,60.0,45.375,0.0,relay_anchor
altitude_avoid,41.0,3,281.25,24.375,45.375,0.0,peripheral
altitude_avoid,41.0,4,281.25,95.625,45.375,0.0,peripheral
altitude_avoid,41.25,0,252.5,54.25,45.375,0.0,peripheral
altitude_avoid,41.25,1,252.5,65.75,45.375,0.0,peripheral
altitude_avoid,41.25,2,267.5,60.0,45.375,0.0,relay_anchor
altitude_avoid,41.25,3,282.5,24.25,45.375,0.0,peripheral
altitude_avoid,41.25,4,282.5,95.75,45.375,0.0,peripheral
altitude_avoid,41.5,0,253.75,54.125,45.375,0.0,peripheral
altitude_avoid,41.5,1,253.75,65.875,45.375,0.0,peripheral
altitude_avoid,41.5,2,268.75,60.0,45.375,0.0,relay_anchor
altitude_avoid,41.5,3,283.75,24.125,45.375,0.0,peripheral
altitude_avoid,41.5,4,283.75,95.875,45.375,0.0,peripheral
altitude_avoid,41.75,0,255.0,54.0,45.375,0.0,peripheral
altitude_avoid,41.75,1,255.0,66.0,45.375,0.0,peripheral
altitude_avoid,41.75,2,270.0,60.0,45.375,0.0,relay_anchor
altitude_avoid,41.75,3,285.0,24.0,45.375,0.0,peripheral
altitude_avoid,41.75,4,285.0,96.0,45.375,0.0,peripheral
altitude_avoid,42.0,0,256.25,53.875,45.375,0.0,peripheral
altitude_avoid,42.0,1,256.25,66.125,45.375,0.0,peripheral
altitude_avoid,42.0,2,271.25,60.0,45.375,0.0,relay_anchor
altitude_avoid,42.0,3,286.25,23.875,45.375,0.0,peripheral
altitude_avoid,42.0,4,286.25,96.125,45.375,0.0,peripheral
altitude_avoid,42.25,0,257.5,53.75,45.375,0.0,peripheral
altitude_avoid,42.25,1,257.5,66.25,45.375,0.0,peripheral
altitude_avoid,42.25,2,272.5,60.0,45.375,0.0,relay_anchor
altitude_avoid,42.25,3,287.5,23.75,45.375,0.0,peripheral
altitude_avoid,42.25,4,287.5,96.25,45.375,0.0,peripheral
altitude_avoid,42.5,0,258.75,53.625,45.375,0.0,peripheral
altitude_avoid,42.5,1,258.75,66.375,45.375,0.0,peripheral
altitude_avoid,42.5,2,273.75,60.0,45.375,0.0,relay_anchor
altitude_avoid,42.5,3,288.75,23.625,45.375,0.0,peripheral
altitude_avoid,42.5,4,288.75,96.375,45.375,0.0,peripheral
altitude_avoid,42.75,0,260.0,53.5,45.375,0.0,peripheral
altitude_avoid,42.75,1,260.0,66.5,45.375,0.0,peripheral
altitude_avoid,42.75,2,275.0,60.0,45.375,0.0,relay_anchor
altitude_avoid,42.75,3,290.0,23.5,45.375,0.0,peripheral
altitude_avoid,42.75,4,290.0,96.5,45.375,0.0,peripheral
altitude_avoid,43.0,0,261.25,53.375,45.375,0.0,peripheral
altitude_avoid,43.0,1,261.25,66.625,45.375,0.0,peripheral
altitude_avoid,43.0,2,276.25,60.0,45.375,0.0,relay_anchor
altitude_avoid,43.0,3,291.25,23.375,45.375,0.0,peripheral
altitude_avoid,43.0,4,291.25,96.625,45.375,0.0,peripheral
altitude_avoid,43.25,0,262.5,53.25,45.375,0.0,peripheral
altitude_avoid,43.25,1,262.5,66.75,45.375,0.0,peripheral
altitude_avoid,43.25,2,277.5,60.0,45.375,0.0,relay_anchor
altitude_avoid,43.25,3,292.5,23.25,45.375,0.0,peripheral
altitude_avoid,43.25,4,292.5,96.75,45.375,0.0,peripheral
altitude_avoid,43.5,0,263.75,53.125,45.375,0.0,peripheral
altitude_avoid,43.5,1,263.75,66.875,45.375,0.0,peripheral
altitude_avoid,43.5,2,278.75,60.0,45.375,0.0,relay_anchor
altitude_avoid,43.5,3,293.75,23.125,45.375,0.0,peripheral
altitude_avoid,43.5,4,293.75,96.875,45.375,0.0,peripheral
altitude_avoid,43.75,0,265.0,53.0,45.375,0.0,peripheral
altitude_avoid,43.75,1,265.0,67.0,45.375,0.0,peripheral
altitude_avoid,43.75,2,280.0,60.0,45.375,0.0,relay_anchor
altitude_avoid,43.75,3,295.0,23.0,45.375,0.0,peripheral
altitude_avoid,43.75,4,295.0,97.0,45.375,0.0,peripheral
altitude_avoid,44.0,0,266.25,52.875,45.375,0.0,peripheral
altitude_avoid,44.0,1,266.25,67.125,45.375,0.0,peripheral
altitude_avoid,44.0,2,281.25,60.0,45.375,0.0,relay_anchor
altitude_avoid,44.0,3,296.25,22.875,45.375,0.0,peripheral
altitude_avoid,44.0,4,296.25,97.125,45.375,0.0,peripheral
altitude_avoid,44.25,0,267.5,52.75,45.375,0.0,peripheral
altitude_avoid,44.25,1,267.5,67.25,45.375,0.0,peripheral
altitude_avoid,44.25,2,282.5,60.0,45.375,0.0,relay_anchor
altitude_avoid,44.25,3,297.5,22.75,45.375,0.0,peripheral
altitude_avoid,44.25,4,297.5,97.25,45.375,0.0,peripheral
altitude_avoid,44.5,0,268.75,52.625,45.375,0.0,peripheral
altitude_avoid,44.5,1,268.75,67.375,45.375,0.0,peripheral
altitude_avoid,44.5,2,283.75,60.0,45.375,0.0,relay_anchor
altitude_avoid,44.5,3,298.75,22.625,45.375,0.0,peripheral
altitude_avoid,44.5,4,298.75,97.375,45.375,0.0,peripheral
altitude_avoid,44.75,0,270.0,52.5,45.375,0.0,peripheral
altitude_avoid,44.75,1,270.0,67.5,45.375,0.0,peripheral
altitude_avoid,44.75,2,285.0,60.0,45.375,0.0,relay_anchor
altitude_avoid,44.75,3,300.0,22.5,45.375,0.0,peripheral
altitude_avoid,44.75,4,300.0,97.5,45.375,0.0,peripheral
altitude_avoid,45.0,0,271.25,52.375,45.375,0.0,peripheral
altitude_avoid,45.0,1,271.25,67.625,45.375,0.0,peripheral
altitude_avoid,45.0,2,286.25,60.0,45.375,0.0,relay_anchor
altitude_avoid,45.0,3,301.25,22.375,45.375,0.0,peripheral
altitude_avoid,45.0,4,301.25,97.625,45.375,0.0,peripheral
altitude_avoid,45.25,0,272.5,52.25,45.375,0.0,peripheral
altitude_avoid,45.25,1,272.5,67.75,45.375,0.0,peripheral
altitude_avoid,45.25,2,287.5,60.0,45.375,0.0,relay_anchor
altitude_avoid,45.25,3,302.5,22.25,45.375,0.0,peripheral
altitude_avoid,45.25,4,302.5,97.75,45.375,0.0,peripheral
altitude_avoid,45.5,0,273.75,52.125,45.375,0.0,peripheral
altitude_avoid,45.5,1,273.75,67.875,45.375,0.0,peripheral
altitude_avoid,45.5,2,288.75,60.0,45.375,0.0,relay_anchor
altitude_avoid,45.5,3,303.75,22.125,45.375,0.0,peripheral
altitude_avoid,45.5,4,303.75,97.875,45.375,0.0,peripheral
altitude_avoid,45.75,0,275.0,52.0,45.375,0.0,peripheral
altitude_avoid,45.75,1,275.0,68.0,45.375,0.0,peripheral
altitude_avoid,45.75,2,290.0,60.0,45.375,0.0,relay_anchor
altitude_avoid,45.75,3,305.0,22.0,45.375,0.0,peripheral
altitude_avoid,45.75,4,305.0,98.0,45.375,0.0,peripheral
altitude_avoid,46.0,0,276.25,51.875,45.375,0.0,peripheral
altitude_avoid,46.0,1,276.25,68.125,45.375,0.0,peripheral
altitude_avoid,46.0,2,291.25,60.0,45.375,0.0,relay_anchor
altitude_avoid,46.0,3,306.25,21.875,45.375,0.0,peripheral
altitude_avoid,46.0,4,306.25,98.125,45.375,0.0,peripheral
altitude_avoid,46.25,0,277.5,51.75,45.375,0.0,peripheral
altitude_avoid,46.25,1,277.5,68.25,45.375,0.0,peripheral
altitude_avoid,46.25,2,292.5,60.0,45.375,0.0,relay_anchor
altitude_avoid,46.25,3,307.5,21.75,45.375,0.0,peripheral
altitude_avoid,46.25,4,307.5,98.25,45.375,0.0,peripheral
altitude_avoid,46.5,0,278.75,51.625,45.375,0.0,peripheral
altitude_avoid,46.5,1,278.75,68.375,45.375,0.0,peripheral
altitude_avoid,46.5,2,293.75,60.0,45.375,0.0,relay_anchor
altitude_avoid,46.5,3,308.75,21.625,45.375,0.0,peripheral
altitude_avoid,46.5,4,308.75,98.375,45.375,0.0,peripheral
altitude_avoid,46.75,0,280.0,51.5,45.375,0.0,peripheral
altitude_avoid,46.75,1,280.0,68.5,45.375,0.0,peripheral
altitude_avoid,46.75,2,295.0,60.0,45.375,0.0,relay_anchor
altitude_avoid,46.75,3,310.0,21.5,45.375,0.0,peripheral
altitude_avoid,46.75,4,310.0,98.5,45.375,0.0,peripheral
altitude_avoid,47.0,0,281.25,51.375,45.375,0.0,peripheral
altitude_avoid,47.0,1,281.25,68.625,45.375,0.0,peripheral
altitude_avoid,47.0,2,296.25,60.0,45.375,0.0,relay_anchor
altitude_avoid,47.0,3,311.25,21.375,45.375,0.0,peripheral
altitude_avoid,47.0,4,311.25,98.625,45.375,0.0,peripheral
altitude_avoid,47.25,0,282.5,51.25,45.375,0.0,peripheral
altitude_avoid,47.25,1,282.5,68.75,45.375,0.0,peripheral
altitude_avoid,47.25,2,297.5,60.0,45.375,0.0,relay_anchor
altitude_avoid,47.25,3,312.5,21.25,45.375,0.0,peripheral
altitude_avoid,47.25,4,312.5,98.75,45.375,0.0,peripheral
altitude_avoid,47.5,0,283.75,51.125,45.375,0.0,peripheral
altitude_avoid,47.5,1,283.75,68.875,45.375,0.0,peripheral
altitude_avoid,47.5,2,298.75,60.0,45.375,0.0,relay_anchor
altitude_avoid,47.5,3,313.75,21.125,45.375,0.0,peripheral
altitude_avoid,47.5,4,313.75,98.875,45.375,0.0,peripheral
altitude_avoid,47.75,0,285.0,51.0,45.375,0.0,peripheral
altitude_avoid,47.75,1,285.0,69.0,45.375,0.0,peripheral
altitude_avoid,47.75,2,300.0,60.0,45.375,0.0,relay_anchor
altitude_avoid,47.75,3,315.0,21.0,45.375,0.0,peripheral
altitude_avoid,47.75,4,315.0,99.0,45.375,0.0,peripheral
altitude_avoid,48.0,0,286.25,50.875,45.375,0.0,peripheral
altitude_avoid,48.0,1,286.25,69.125,45.375,0.0,peripheral
altitude_avoid,48.0,2,301.25,60.0,45.375,0.0,relay_anchor
altitude_avoid,48.0,3,316.25,20.875,45.375,0.0,peripheral
altitude_avoid,48.0,4,316.25,99.125,45.375,0.0,peripheral
altitude_avoid,48.25,0,287.5,50.75,45.375,0.0,peripheral
altitude_avoid,48.25,1,287.5,69.25,45.375,0.0,peripheral
altitude_avoid,48.25,2,302.5,60.0,45.375,0.0,relay_anchor
altitude_avoid,48.25,3,317.5,20.75,45.375,0.0,peripheral
altitude_avoid,48.25,4,317.5,99.25,45.375,0.0,peripheral
altitude_avoid,48.5,0,288.75,50.625,45.375,0.0,peripheral
altitude_avoid,48.5,1,288.75,69.375,45.375,0.0,peripheral
altitude_avoid,48.5,2,303.75,60.0,45.375,0.0,relay_anchor
altitude_avoid,48.5,3,318.75,20.625,45.375,0.0,peripheral
altitude_avoid,48.5,4,318.75,99.375,45.375,0.0,peripheral
altitude_avoid,48.75,0,290.0,50.5,45.375,0.0,peripheral
altitude_avoid,48.75,1,290.0,69.5,45.375,0.0,peripheral
altitude_avoid,48.75,2,305.0,60.0,45.375,0.0,relay_anchor
altitude_avoid,48.75,3,320.0,20.5,45.375,0.0,peripheral
altitude_avoid,48.75,4,320.0,99.5,45.375,0.0,peripheral
altitude_avoid,49.0,0,291.25,50.375,45.375,0.0,peripheral
altitude_avoid,49.0,1,291.25,69.625,45.375,0.0,peripheral
altitude_avoid,49.0,2,306.25,60.0,45.375,0.0,relay_anchor
altitude_avoid,49.0,3,321.25,20.375,45.375,0.0,peripheral
altitude_avoid,49.0,4,321.25,99.625,45.375,0.0,peripheral
altitude_avoid,49.25,0,292.5,50.25,45.375,0.0,peripheral
altitude_avoid,49.25,1,292.5,69.75,45.375,0.0,peripheral
altitude_avoid,49.25,2,307.5,60.0,45.375,0.0,relay_anchor
altitude_avoid,49.25,3,322.5,20.25,45.375,0.0,peripheral
altitude_avoid,49.25,4,322.5,99.75,45.375,0.0,peripheral
altitude_avoid,49.5,0,293.75,50.125,45.375,0.0,peripheral
altitude_avoid,49.5,1,293.75,69.875,45.375,0.0,peripheral
altitude_avoid,49.5,2,308.75,60.0,45.375,0.0,relay_anchor
altitude_avoid,49.5,3,323.75,20.125,45.375,0.0,peripheral
altitude_avoid,49.5,4,323.75,99.875,45.375,0.0,peripheral
altitude_avoid,49.75,0,295.0,50.0,45.375,0.0,peripheral
altitude_avoid,49.75,1,295.0,70.0,45.375,0.0,peripheral
altitude_avoid,49.75,2,310.0,60.0,45.375,0.0,relay_anchor
altitude_avoid,49.75,3,325.0,20.0,45.375,0.0,peripheral
altitude_avoid,49.75,4,325.0,100.0,45.375,0.0,peripheral
altitude_avoid,50.0,0,296.25,49.875,45.375,0.0,peripheral
altitude_avoid,50.0,1,296.25,70.125,45.375,0.0,peripheral
altitude_avoid,50.0,2,311.25,60.0,45.375,0.0,relay_anchor
altitude_avoid,50.0,3,326.25,19.875,45.375,0.0,peripheral
altitude_avoid,50.0,4,326.25,100.125,45.375,0.0,peripheral
altitude_avoid,50.25,0,297.5,49.75,45.375,0.0,peripheral
altitude_avoid,50.25,1,297.5,70.25,45.375,0.0,peripheral
altitude_avoid,50.25,2,312.5,60.0,45.375,0.0,relay_anchor
altitude_avoid,50.25,3,327.5,19.75,45.375,0.0,peripheral
altitude_avoid,50.25,4,327.5,100.25,45.375,0.0,peripheral
altitude_avoid,50.5,0,298.75,49.625,45.375,0.0,peripheral
altitude_avoid,50.5,1,298.75,70.375,45.375,0.0,peripheral
altitude_avoid,50.5,2,313.75,60.0,45.375,0.0,relay_anchor
altitude_avoid,50.5,3,328.75,19.625,45.375,0.0,peripheral
altitude_avoid,50.5,4,328.75,100.375,45.375,0.0,peripheral
altitude_avoid,50.75,0,300.0,49.5,45.375,0.0,peripheral
altitude_avoid,50.75,1,300.0,70.5,45.375,0.0,peripheral
altitude_avoid,50.75,2,315.0,60.0,45.375,0.0,relay_anchor
altitude_avoid,50.75,3,330.0,19.5,45.375,0.0,peripheral
altitude_avoid,50.75,4,330.0,100.5,45.375,0.0,peripheral
altitude_avoid,51.0,0,301.25,49.375,45.375,0.0,peripheral
altitude_avoid,51.0,1,301.25,70.625,45.375,0.0,peripheral
altitude_avoid,51.0,2,316.25,60.0,45.375,0.0,relay_anchor
altitude_avoid,51.0,3,331.25,19.375,45.375,0.0,peripheral
altitude_avoid,51.0,4,331.25,100.625,45.375,0.0,peripheral
altitude_avoid,51.25,0,302.5,49.25,45.375,0.0,peripheral
altitude_avoid,51.25,1,302.5,70.75,45.375,0.0,peripheral
altitude_avoid,51.25,2,317.5,60.0,45.375,0.0,relay_anchor
altitude_avoid,51.25,3,332.5,19.25,45.375,0.0,peripheral
altitude_avoid,51.25,4,332.5,100.75,45.375,0.0,peripheral
altitude_avoid,51.5,0,303.75,49.125,45.375,0.0,peripheral
altitude_avoid,51.5,1,303.75,70.875,45.375,0.0,peripheral
altitude_avoid,51.5,2,318.75,60.0,45.375,0.0,relay_anchor
altitude_avoid,51.5,3,333.75,19.125,45.375,0.0,peripheral
altitude_avoid,51.5,4,333.75,100.875,45.375,0.0,peripheral
altitude_avoid,51.75,0,305.0,49.0,45.375,0.0,peripheral
altitude_avoid,51.75,1,305.0,71.0,45.375,0.0,peripheral
altitude_avoid,51.75,2,320.0,60.0,45.375,0.0,relay_anchor
altitude_avoid,51.75,3,335.0,19.0,45.375,0.0,peripheral
altitude_avoid,51.75,4,335.0,101.0,45.375,0.0,peripheral
altitude_avoid,52.0,0,306.25,48.875,45.375,0.0,peripheral
altitude_avoid,52.0,1,306.25,71.125,45.375,0.0,peripheral
altitude_avoid,52.0,2,321.25,60.0,45.375,0.0,relay_anchor
altitude_avoid,52.0,3,336.25,18.875,45.375,0.0,peripheral
altitude_avoid,52.0,4,336.25,101.125,45.375,0.0,peripheral
altitude_avoid,52.25,0,307.5,48.75,45.375,0.0,peripheral
altitude_avoid,52.25,1,307.5,71.25,45.375,0.0,peripheral
altitude_avoid,52.25,2,322.5,60.0,45.375,0.0,relay_anchor
altitude_avoid,52.25,3,337.5,18.75,45.375,0.0,peripheral
altitude_avoid,52.25,4,337.5,101.25,45.375,0.0,peripheral
altitude_avoid,52.5,0,308.75,48.625,45.375,0.0,peripheral
altitude_avoid,52.5,1,308.75,71.375,45.375,0.0,peripheral
altitude_avoid,52.5,2,323.75,60.0,45.375,0.0,relay_anchor
altitude_avoid,52.5,3,338.75,18.625,45.375,0.0,peripheral
altitude_avoid,52.5,4,338.75,101.375,45.375,0.0,peripheral
altitude_avoid,52.75,0,310.0,48.5,45.375,0.0,peripheral
altitude_avoid,52.75,1,310.0,71.5,45.375,0.0,peripheral
altitude_avoid,52.75,2,325.0,60.0,45.375,0.0,relay_anchor
altitude_avoid,52.75,3,340.0,18.5,45.375,0.0,peripheral
altitude_avoid,52.75,4,340.0,101.5,45.375,0.0,peripheral
altitude_avoid,53.0,0,311.25,48.375,45.375,0.0,peripheral
altitude_avoid,53.0,1,311.25,71.625,45.375,0.0,peripheral
altitude_avoid,53.0,2,326.25,60.0,45.375,0.0,relay_anchor
altitude_avoid,53.0,3,341.25,18.375,45.375,0.0,peripheral
altitude_avoid,53.0,4,341.25,101.625,45.375,0.0,peripheral
altitude_avoid,53.25,0,312.5,48.25,45.375,0.0,peripheral
altitude_avoid,53.25,1,312.5,71.75,45.375,0.0,peripheral
altitude_avoid,53.25,2,327.5,60.0,45.375,0.0,relay_anchor
altitude_avoid,53.25,3,342.5,18.25,45.375,0.0,peripheral
altitude_avoid,53.25,4,342.5,101.75,45.375,0.0,peripheral
altitude_avoid,53.5,0,313.75,48.125,45.375,0.0,peripheral
altitude_avoid,53.5,1,313.75,71.875,45.375,0.0,peripheral
altitude_avoid,53.5,2,328.75,60.0,45.375,0.0,relay_anchor
altitude_avoid,53.5,3,343.75,18.125,45.375,0.0,peripheral
altitude_avoid,53.5,4,343.75,101.875,45.375,0.0,peripheral
altitude_avoid,53.75,0,315.0,48.0,45.375,0.0,peripheral
altitude_avoid,53.75,1,315.0,72.0,45.375,0.0,peripheral
altitude_avoid,53.75,2,330.0,60.0,45.375,0.0,relay_anchor
altitude_avoid,53.75,3,345.0,18.0,45.375,0.0,peripheral
altitude_avoid,53.75,4,345.0,102.0,45.375,0.0,peripheral
altitude_avoid,54.0,0,316.25,47.875,45.375,0.0,peripheral
altitude_avoid,54.0,1,316.25,72.125,45.375,0.0,peripheral
altitude_avoid,54.0,2,331.25,60.0,45.375,0.0,relay_anchor
altitude_avoid,54.0,3,346.25,17.875,45.375,0.0,peripheral
altitude_avoid,54.0,4,346.25,102.125,45.375,0.0,peripheral
altitude_avoid,54.25,0,317.5,47.75,45.375,0.0,peripheral
altitude_avoid,54.25,1,317.5,72.25,45.375,0.0,peripheral
altitude_avoid,54.25,2,332.5,60.0,45.375,0.0,relay_anchor
altitude_avoid,54.25,3,347.5,17.75,45.375,0.0,peripheral
altitude_avoid,54.25,4,347.5,102.25,45.375,0.0,peripheral
altitude_avoid,54.5,0,318.75,47.625,45.375,0.0,peripheral
altitude_avoid,54.5,1,318.75,72.375,45.375,0.0,peripheral
altitude_avoid,54.5,2,333.75,60.0,45.375,0.0,relay_anchor
altitude_avoid,54.5,3,348.75,17.625,45.375,0.0,peripheral
altitude_avoid,54.5,4,348.75,102.375,45.375,0.0,peripheral
altitude_avoid,54.75,0,320.0,47.5,45.375,0.0,peripheral
altitude_avoid,54.75,1,320.0,72.5,45.375,0.0,peripheral
altitude_avoid,54.75,2,335.0,60.0,45.375,0.0,relay_anchor
altitude_avoid,54.75,3,350.0,17.5,45.375,0.0,peripheral
altitude_avoid,54.75,4,350.0,102.5,45.375,0.0,peripheral
altitude_avoid,55.0,0,321.25,47.375,45.375,0.0,peripheral
altitude_avoid,55.0,1,321.25,72.625,45.375,0.0,peripheral
altitude_avoid,55.0,2,336.25,60.0,45.375,0.0,relay_anchor
altitude_avoid,55.0,3,351.25,17.375,45.375,0.0,peripheral
altitude_avoid,55.0,4,351.25,102.625,45.375,0.0,peripheral
altitude_avoid,55.25,0,322.5,47.25,45.375,0.0,peripheral
altitude_avoid,55.25,1,322.5,72.75,45.375,0.0,peripheral
altitude_avoid,55.25,2,337.5,60.0,45.375,0.0,relay_anchor
altitude_avoid,55.25,3,352.5,17.25,45.375,0.0,peripheral
altitude_avoid,55.25,4,352.5,102.75,45.375,0.0,peripheral
altitude_avoid,55.5,0,323.75,47.125,45.375,0.0,peripheral
altitude_avoid,55.5,1,323.75,72.875,45.375,0.0,peripheral
altitude_avoid,55.5,2,338.75,60.0,45.375,0.0,relay_anchor
altitude_avoid,55.5,3,353.75,17.125,45.375,0.0,peripheral
altitude_avoid,55.5,4,353.75,102.875,45.375,0.0,peripheral
altitude_avoid,55.75,0,325.0,47.0,45.375,0.0,peripheral
altitude_avoid,55.75,1,325.0,73.0,45.375,0.0,peripheral
altitude_avoid,55.75,2,340.0,60.0,45.375,0.0,relay_anchor
altitude_avoid,55.75,3,355.0,17.0,45.375,0.0,peripheral
altitude_avoid,55.75,4,355.0,103.0,45.375,0.0,peripheral
altitude_avoid,56.0,0,326.25,46.875,45.375,0.0,peripheral
altitude_avoid,56.0,1,326.25,73.125,45.375,0.0,peripheral
altitude_avoid,56.0,2,341.25,60.0,45.375,0.0,relay_anchor
altitude_avoid,56.0,3,356.25,16.875,45.375,0.0,peripheral
altitude_avoid,56.0,4,356.25,103.125,45.375,0.0,peripheral
altitude_avoid,56.25,0,327.5,46.75,45.375,0.0,peripheral
altitude_avoid,56.25,1,327.5,73.25,45.375,0.0,peripheral
altitude_avoid,56.25,2,342.5,60.0,45.375,0.0,relay_anchor
altitude_avoid,56.25,3,357.5,16.75,45.375,0.0,peripheral
altitude_avoid,56.25,4,357.5,103.25,45.375,0.0,peripheral
altitude_avoid,56.5,0,328.75,46.625,45.375,0.0,peripheral
altitude_avoid,56.5,1,328.75,73.375,45.375,0.0,peripheral
altitude_avoid,56.5,2,343.75,60.0,45.375,0.0,relay_anchor
altitude_avoid,56.5,3,358.75,16.625,45.375,0.0,peripheral
altitude_avoid,56.5,4,358.75,103.375,45.375,0.0,peripheral
altitude_avoid,56.75,0,330.0,46.5,45.375,0.0,peripheral
altitude_avoid,56.75,1,330.0,73.5,45.375,0.0,peripheral
altitude_avoid,56.75,2,345.0,60.0,45.375,0.0,relay_anchor
altitude_avoid,56.75,3,360.0,16.5,45.375,0.0,peripheral
altitude_avoid,56.75,4,360.0,103.5,45.375,0.0,peripheral
altitude_avoid,57.0,0,331.25,46.375,45.375,0.0,peripheral
altitude_avoid,57.0,1,331.25,73.625,45.375,0.0,peripheral
altitude_avoid,57.0,2,346.25,60.0,45.375,0.0,relay_anchor
altitude_avoid,57.0,3,361.25,16.375,45.375,0.0,peripheral
altitude_avoid,57.0,4,361.25,103.625,45.375,0.0,peripheral
altitude_avoid,57.25,0,332.5,46.25,45.375,0.0,peripheral
altitude_avoid,57.25,1,332.5,73.75,45.375,0.0,peripheral
altitude_avoid,57.25,2,347.5,60.0,45.375,0.0,relay_anchor
altitude_avoid,57.25,3,362.5,16.25,45.375,0.0,peripheral
altitude_avoid,57.25,4,362.5,103.75,45.375,0.0,peripheral
altitude_avoid,57.5,0,333.75,46.125,45.375,0.0,peripheral
altitude_avoid,57.5,1,333.75,73.875,45.375,0.0,peripheral
altitude_avoid,57.5,2,348.75,60.0,45.375,0.0,relay_anchor
altitude_avoid,57.5,3,363.75,16.125,45.375,0.0,peripheral
altitude_avoid,57.5,4,363.75,103.875,45.375,0.0,peripheral
altitude_avoid,57.75,0,335.0,46.0,45.375,0.0,peripheral
altitude_avoid,57.75,1,335.0,74.0,45.375,0.0,peripheral
altitude_avoid,57.75,2,350.0,60.0,45.375,0.0,relay_anchor
altitude_avoid,57.75,3,365.0,16.0,45.375,0.0,peripheral
altitude_avoid,57.75,4,365.0,104.0,45.375,0.0,peripheral
altitude_avoid,58.0,0,336.25,45.875,45.375,0.0,peripheral
altitude_avoid,58.0,1,336.25,74.125,45.375,0.0,peripheral
altitude_avoid,58.0,2,351.25,60.0,45.375,0.0,relay_anchor
altitude_avoid,58.0,3,366.25,15.875,45.375,0.0,peripheral
altitude_avoid,58.0,4,366.25,104.125,45.375,0.0,peripheral
altitude_avoid,58.25,0,337.5,45.75,45.375,0.0,peripheral
altitude_avoid,58.25,1,337.5,74.25,45.375,0.0,peripheral
altitude_avoid,58.25,2,352.5,60.0,45.375,0.0,relay_anchor
altitude_avoid,58.25,3,367.5,15.75,45.375,0.0,peripheral
altitude_avoid,58.25,4,367.5,104.25,45.375,0.0,peripheral
altitude_avoid,58.5,0,338.75,45.625,45.375,0.0,peripheral
altitude_avoid,58.5,1,338.75,74.375,45.375,0.0,peripheral
altitude_avoid,58.5,2,353.75,60.0,45.375,0.0,relay_anchor
altitude_avoid,58.5,3,368.75,15.625,45.375,0.0,peripheral
altitude_avoid,58.5,4,368.75,104.375,45.375,0.0,peripheral
altitude_avoid,58.75,0,340.0,45.5,45.375,0.0,peripheral
altitude_avoid,58.75,1,340.0,74.5,45.375,0.0,peripheral
altitude_avoid,58.75,2,355.0,60.0,45.375,0.0,relay_anchor
altitude_avoid,58.75,3,370.0,15.5,45.375,0.0,peripheral
altitude_avoid,58.75,4,370.0,104.5,45.375,0.0,peripheral
altitude_avoid,59.0,0,341.25,45.375,45.375,0.0,peripheral
altitude_avoid,59.0,1,341.25,74.625,45.375,0.0,peripheral
altitude_avoid,59.0,2,356.25,60.0,45.375,0.0,relay_anchor
altitude_avoid,59.0,3,371.25,15.375,45.375,0.0,peripheral
altitude_avoid,59.0,4,371.25,104.625,45.375,0.0,peripheral
altitude_avoid,59.25,0,342.5,45.25,45.375,0.0,peripheral
altitude_avoid,59.25,1,342.5,74.75,45.375,0.0,peripheral
altitude_avoid,59.25,2,357.5,60.0,45.375,0.0,relay_anchor
altitude_avoid,59.25,3,372.5,15.25,45.375,0.0,peripheral
altitude_avoid,59.25,4,372.5,104.75,45.375,0.0,peripheral
altitude_avoid,59.5,0,343.75,45.125,45.375,0.0,peripheral
altitude_avoid,59.5,1,343.75,74.875,45.375,0.0,peripheral
altitude_avoid,59.5,2,358.75,60.0,45.375,0.0,relay_anchor
altitude_avoid,59.5,3,373.75,15.125,45.375,0.0,peripheral
altitude_avoid,59.5,4,373.75,104.875,45.375,0.0,peripheral
altitude_avoid,59.75,0,345.0,45.0,45.375,0.0,peripheral
altitude_avoid,59.75,1,345.0,75.0,45.375,0.0,peripheral
altitude_avoid,59.75,2,360.0,60.0,45.375,0.0,relay_anchor
altitude_avoid,59.75,3,375.0,15.0,45.375,0.0,peripheral
altitude_avoid,59.75,4,375.0,105.0,45.375,0.0,peripheral
altitude_avoid,60.0,0,346.25,44.875,45.375,0.0,peripheral
altitude_avoid,60.0,1,346.25,75.125,45.375,0.0,peripheral
altitude_avoid,60.0,2,361.25,60.0,45.375,0.0,relay_anchor
altitude_avoid,60.0,3,376.25,14.875,45.375,0.0,peripheral
altitude_avoid,60.0,4,376.25,105.125,45.375,0.0,peripheral
